symbol,trans_date,filing_date,owner_cik,relationship,shares,price,value
AAPL,2015-07-24,2015-07-28,0001059235,director,100.0,124.27,12427.0
AAPL,2015-07-24,2015-07-28,0001059235,director,100.0,124.34,12434.0
AAPL,2015-07-24,2015-07-28,0001059235,director,100.0,124.33,12433.0
AAPL,2015-07-24,2015-07-28,0001059235,director,1500.0,124.12,186180.0
AAPL,2015-07-27,2015-07-28,0001059235,director,2000.0,122.9,245800.0
ABBV,2017-07-31,2017-08-02,0001171780,director,4000.0,70.45,281800.0
ABBV,2018-06-20,2018-06-22,0001171780,director,1013.0,98.63,99912.19
ABBV,2018-06-27,2018-06-29,0001194624,director,5400.0,91.9,496260.0
ABBV,2019-06-26,2019-06-28,0001171780,director,7500.0,67.3,504750.0
ABBV,2019-06-26,2019-06-28,0001563572,officer,30400.0,67.3,2045920.0
ABBV,2019-06-26,2019-06-28,0001061632,director,11500.0,67.5,776250.0
ABBV,2019-07-29,2019-07-31,0001659625,officer,30000.0,67.28,2018400.0
ABBV,2019-07-30,2019-07-31,0001061632,director,10000.0,66.35,663500.0
ABBV,2019-07-31,2019-08-02,0001061632,director,30000.0,66.02,1980600.0
ABBV,2019-08-01,2019-08-02,0001061632,director,25000.0,65.66,1641500.0
ABBV,2019-08-16,2019-08-20,0001761675,officer,15552.0,64.44,1002170.88
ABBV,2019-08-29,2019-08-30,0001762951,officer,7525.0,66.19,498079.75
ABBV,2019-09-16,2019-09-18,0001319245,officer,25000.0,70.42,1760500.0
ABBV,2020-03-03,2020-03-04,0001171780,director,2875.0,87.87,252626.25
ABBV,2020-03-18,2020-03-20,0001756865,officer,2200.0,68.18,149996.0
ABBV,2020-03-20,2020-03-20,0001756865,officer,800.0,67.5,54000.0
ABBV,2020-03-30,2020-03-20,0001756865,officer,750.0,69.0,51750.0
ABT,2013-10-31,2015-03-13,0001570003,officer,102.0,36.71,3744.42
ABT,2013-12-03,2015-03-13,0001570003,officer,4.0,37.5,150.0
ABT,2014-03-14,2015-03-13,0001570003,officer,52.0,39.11,2033.72
ABT,2016-07-25,2016-07-27,0001239129,officer_director,100.0,43.33,4333.0
ABT,2016-07-25,2016-07-27,0001239129,officer_director,600.0,43.39,26034.0
ABT,2016-07-25,2016-07-27,0001239129,officer_director,5300.0,43.3,229490.0
ABT,2016-07-25,2016-07-27,0001239129,officer_director,200.0,43.37,8674.0
ABT,2016-07-25,2016-07-27,0001239129,officer_director,233.0,43.3,10088.9
ABT,2016-07-25,2016-07-27,0001239129,officer_director,300.0,43.28,12984.0
ABT,2016-07-25,2016-07-27,0001239129,officer_director,900.0,43.32,38988.0
ABT,2016-07-25,2016-07-27,0001239129,officer_director,500.0,43.38,21690.0
ABT,2016-07-25,2016-07-27,0001239129,officer_director,4800.0,43.37,208176.0
ABT,2016-07-25,2016-07-27,0001239129,officer_director,2000.0,43.35,86700.0
ABT,2016-07-25,2016-07-27,0001239129,officer_director,3000.0,43.35,130050.0
ABT,2016-07-25,2016-07-27,0001239129,officer_director,1141.0,43.38,49496.58
ABT,2016-07-25,2016-07-27,0001239129,officer_director,3500.0,43.3,151550.0
ABT,2016-07-25,2016-07-27,0001239129,officer_director,1600.0,43.29,69264.0
ABT,2016-07-25,2016-07-27,0001239129,officer_director,7100.0,43.33,307643.0
ABT,2016-07-25,2016-07-27,0001239129,officer_director,4700.0,43.34,203698.0
ABT,2016-07-25,2016-07-27,0001239129,officer_director,6067.0,43.31,262761.77
ABT,2016-07-25,2016-07-27,0001239129,officer_director,18000.0,43.37,780660.0
ABT,2016-07-25,2016-07-27,0001239129,officer_director,200.0,43.26,8652.0
ABT,2016-07-25,2016-07-27,0001239129,officer_director,2300.0,43.21,99383.0
ABT,2016-07-25,2016-07-27,0001239129,officer_director,1772.0,43.17,76497.24
ABT,2016-07-25,2016-07-27,0001239129,officer_director,42445.0,43.27,1836595.15
ABT,2016-07-25,2016-07-27,0001239129,officer_director,10899.0,43.11,469855.89
ABT,2016-07-25,2016-07-27,0001239129,officer_director,4101.0,43.1,176753.1
ABT,2016-07-25,2016-07-27,0001239129,officer_director,5979.0,43.18,258173.22
ABT,2016-07-25,2016-07-27,0001239129,officer_director,100.0,43.12,4312.0
ABT,2016-07-25,2016-07-27,0001239129,officer_director,2800.0,43.26,121128.0
ABT,2016-07-25,2016-07-27,0001239129,officer_director,1700.0,43.3,73610.0
ABT,2016-07-25,2016-07-27,0001239129,officer_director,200.0,43.26,8652.0
ABT,2016-07-25,2016-07-27,0001239129,officer_director,12641.0,43.13,545206.33
ABT,2016-07-25,2016-07-27,0001239129,officer_director,9600.0,43.12,413952.0
ABT,2016-07-25,2016-07-27,0001239129,officer_director,500.0,43.26,21630.0
ABT,2016-07-25,2016-07-27,0001239129,officer_director,1900.0,43.29,82251.0
ABT,2016-07-25,2016-07-27,0001239129,officer_director,500.0,43.39,21695.0
ABT,2016-07-25,2016-07-27,0001239129,officer_director,7800.0,43.32,337896.0
ABT,2016-07-25,2016-07-27,0001239129,officer_director,12879.0,43.31,557789.49
ABT,2016-07-25,2016-07-27,0001239129,officer_director,2780.0,43.34,120485.2
ABT,2016-07-25,2016-07-27,0001239129,officer_director,7200.0,43.33,311976.0
ABT,2016-07-25,2016-07-27,0001239129,officer_director,100.0,43.34,4334.0
ABT,2016-07-25,2016-07-27,0001239129,officer_director,2900.0,43.36,125744.0
ABT,2016-07-25,2016-07-27,0001239129,officer_director,3400.0,43.36,147424.0
ABT,2016-07-25,2016-07-27,0001239129,officer_director,100.0,43.23,4323.0
ABT,2016-07-25,2016-07-27,0001239129,officer_director,200.0,43.32,8664.0
ABT,2016-07-25,2016-07-27,0001239129,officer_director,400.0,43.3,17320.0
ABT,2016-07-25,2016-07-27,0001239129,officer_director,3452.0,43.29,149437.08
ABT,2016-07-25,2016-07-27,0001239129,officer_director,2910.0,43.33,126090.3
ABT,2016-07-25,2016-07-27,0001239129,officer_director,3100.0,43.41,134571.0
ABT,2016-07-25,2016-07-27,0001239129,officer_director,6100.0,43.34,264374.0
ABT,2016-07-25,2016-07-27,0001239129,officer_director,3914.0,43.31,169515.34
ABT,2016-07-25,2016-07-27,0001239129,officer_director,4100.0,43.4,177940.0
ABT,2016-07-25,2016-07-27,0001239129,officer_director,5700.0,43.28,246696.0
ABT,2016-07-25,2016-07-27,0001239129,officer_director,5400.0,43.23,233442.0
ABT,2016-07-25,2016-07-27,0001239129,officer_director,300.0,43.25,12975.0
ABT,2016-07-25,2016-07-27,0001239129,officer_director,5700.0,43.38,247266.0
ABT,2016-07-25,2016-07-27,0001239129,officer_director,9656.0,43.37,418780.72
ABT,2016-07-25,2016-07-27,0001239129,officer_director,2200.0,43.27,95194.0
ABT,2016-07-25,2016-07-27,0001239129,officer_director,7200.0,43.35,312120.0
ABT,2016-07-25,2016-07-27,0001239129,officer_director,6900.0,43.35,299115.0
ABT,2016-07-25,2016-07-27,0001239129,officer_director,1622.0,43.26,70167.72
ABT,2016-07-25,2016-07-27,0001239129,officer_director,909.0,43.39,39441.51
ABT,2016-07-25,2016-07-27,0001239129,officer_director,4400.0,43.3,190520.0
ABT,2016-07-25,2016-07-27,0001239129,officer_director,5423.0,43.34,235032.82
ABT,2016-07-25,2016-07-27,0001239129,officer_director,1400.0,43.33,60662.0
ABT,2016-07-25,2016-07-27,0001239129,officer_director,14511.0,43.38,629487.18
ABT,2016-07-25,2016-07-27,0001239129,officer_director,9800.0,43.36,424928.0
ABT,2016-07-25,2016-07-27,0001239129,officer_director,100.0,43.31,4331.0
ABT,2016-07-25,2016-07-27,0001239129,officer_director,100.0,43.39,4339.0
ABT,2016-07-25,2016-07-27,0001239129,officer_director,1800.0,43.26,77868.0
ABT,2016-07-25,2016-07-27,0001239129,officer_director,148.0,43.28,6405.44
ABT,2016-07-25,2016-07-27,0001239129,officer_director,5300.0,43.36,229808.0
ABT,2016-07-25,2016-07-27,0001239129,officer_director,108.0,43.38,4685.04
ABT,2016-07-25,2016-07-27,0001239129,officer_director,5800.0,43.08,249864.0
ABT,2016-07-25,2016-07-27,0001239129,officer_director,656.0,43.34,28431.04
ABT,2016-07-25,2016-07-27,0001239129,officer_director,5131.0,43.14,221351.34
ABT,2016-07-25,2016-07-27,0001239129,officer_director,3200.0,43.31,138592.0
ABT,2016-07-25,2016-07-27,0001239129,officer_director,15775.0,43.2,681480.0
ABT,2016-07-25,2016-07-27,0001239129,officer_director,7875.0,43.2,340200.0
ABT,2016-07-25,2016-07-27,0001239129,officer_director,7575.0,43.22,327391.5
ABT,2016-07-25,2016-07-27,0001239129,officer_director,18961.0,43.28,820632.08
ABT,2016-07-25,2016-07-27,0001239129,officer_director,3217.0,43.13,138749.21
ABT,2016-07-25,2016-07-27,0001239129,officer_director,2224.0,43.23,96143.52
ABT,2016-07-25,2016-07-27,0001239129,officer_director,300.0,43.32,12996.0
ABT,2016-07-25,2016-07-27,0001239129,officer_director,1600.0,43.4,69440.0
ABT,2016-07-25,2016-07-27,0001239129,officer_director,4200.0,43.29,181818.0
ABT,2016-07-25,2016-07-27,0001239129,officer_director,100.0,43.35,4335.0
ABT,2016-07-25,2016-07-27,0001239129,officer_director,2800.0,43.39,121492.0
ABT,2016-07-25,2016-07-27,0001239129,officer_director,4300.0,43.32,186276.0
ABT,2016-07-25,2016-07-27,0001239129,officer_director,2500.0,43.31,108275.0
ABT,2016-07-25,2016-07-27,0001239129,officer_director,1300.0,43.23,56199.0
ABT,2016-07-25,2016-07-27,0001239129,officer_director,900.0,43.24,38916.0
ABT,2016-07-25,2016-07-27,0001239129,officer_director,100.0,43.27,4327.0
ABT,2016-07-25,2016-07-27,0001239129,officer_director,747.0,43.25,32307.75
ABT,2016-07-25,2016-07-27,0001239129,officer_director,300.0,43.37,13011.0
ABT,2016-07-25,2016-07-27,0001239129,officer_director,200.0,43.23,8646.0
ABT,2016-07-25,2016-07-27,0001239129,officer_director,7900.0,43.21,341359.0
ABT,2016-07-25,2016-07-27,0001239129,officer_director,53392.0,43.1,2301195.2
ABT,2016-07-25,2016-07-27,0001239129,officer_director,9701.0,43.3,420053.3
ABT,2016-07-25,2016-07-27,0001239129,officer_director,6719.0,43.29,290865.51
ABT,2016-07-25,2016-07-27,0001239129,officer_director,9601.0,43.09,413707.09
ABT,2016-07-25,2016-07-27,0001239129,officer_director,237.0,43.33,10269.21
ABT,2016-07-25,2016-07-27,0001239129,officer_director,3952.0,43.17,170607.84
ABT,2016-07-25,2016-07-27,0001239129,officer_director,35664.0,43.08,1536405.12
ABT,2016-07-25,2016-07-27,0001239129,officer_director,12600.0,43.19,544194.0
ABT,2016-07-25,2016-07-27,0001239129,officer_director,3220.0,43.15,138943.0
ABT,2016-07-25,2016-07-27,0001239129,officer_director,1800.0,43.19,77742.0
ABT,2016-07-25,2016-07-27,0001239129,officer_director,2100.0,43.16,90636.0
ABT,2016-07-25,2016-07-27,0001239129,officer_director,8700.0,43.15,375405.0
ABT,2016-07-25,2016-07-27,0001239129,officer_director,100.0,43.32,4332.0
ABT,2016-07-25,2016-07-27,0001239129,officer_director,1900.0,43.12,81928.0
ABT,2016-07-25,2016-07-27,0001239129,officer_director,7080.0,43.18,305714.4
ABT,2016-07-25,2016-07-27,0001239129,officer_director,3504.0,43.23,151477.92
ABT,2016-07-25,2016-07-27,0001239129,officer_director,100.0,43.15,4315.0
ABT,2016-07-25,2016-07-27,0001239129,officer_director,9100.0,43.24,393484.0
ABT,2016-07-25,2016-07-27,0001239129,officer_director,9198.0,43.27,397997.46
ABT,2016-07-25,2016-07-27,0001239129,officer_director,3800.0,43.24,164312.0
ABT,2016-07-25,2016-07-27,0001239129,officer_director,300.0,43.07,12921.0
ABT,2016-07-25,2016-07-27,0001239129,officer_director,6758.0,43.25,292283.5
ABT,2016-07-25,2016-07-27,0001239129,officer_director,7300.0,43.14,314922.0
ABT,2016-07-25,2016-07-27,0001239129,officer_director,20602.0,43.22,890418.44
ABT,2016-07-25,2016-07-27,0001239129,officer_director,13500.0,43.29,584415.0
ABT,2016-07-25,2016-07-27,0001239129,officer_director,100.0,43.27,4327.0
ABT,2016-07-25,2016-07-27,0001239129,officer_director,200.0,43.34,8668.0
ABT,2016-07-25,2016-07-27,0001239129,officer_director,10300.0,43.07,443621.0
ABT,2016-07-25,2016-07-27,0001239129,officer_director,25400.0,43.09,1094486.0
ABT,2016-07-25,2016-07-27,0001239129,officer_director,6575.0,43.25,284368.75
ABT,2016-07-25,2016-07-27,0001239129,officer_director,14802.0,43.26,640334.52
ABT,2016-07-25,2016-07-27,0001239129,officer_director,23598.0,43.28,1021321.44
ABT,2016-07-25,2016-07-27,0001239129,officer_director,10499.0,43.11,452611.89
ABT,2016-07-25,2016-07-27,0001239129,officer_director,100.0,43.17,4317.0
ABT,2016-07-25,2016-07-27,0001239129,officer_director,3647.0,43.16,157404.52
ABT,2016-11-01,2016-11-02,0001537286,director,5100.0,39.24,200124.0
ABT,2016-11-10,2016-11-14,0001239129,officer_director,1000.0,40.71,40710.0
ABT,2016-11-10,2016-11-14,0001239129,officer_director,1000.0,40.54,40540.0
ABT,2016-11-10,2016-11-14,0001239129,officer_director,5978.0,40.76,243663.28
ABT,2016-11-10,2016-11-14,0001239129,officer_director,1700.0,40.74,69258.0
ABT,2016-11-10,2016-11-14,0001239129,officer_director,2700.0,40.63,109701.0
ABT,2016-11-10,2016-11-14,0001239129,officer_director,2900.0,40.58,117682.0
ABT,2016-11-10,2016-11-14,0001239129,officer_director,2200.0,40.7,89540.0
ABT,2016-11-10,2016-11-14,0001239129,officer_director,4500.0,40.66,182970.0
ABT,2016-11-10,2016-11-14,0001239129,officer_director,1800.0,40.6,73080.0
ABT,2016-11-10,2016-11-14,0001239129,officer_director,200.0,40.65,8130.0
ABT,2016-11-10,2016-11-14,0001239129,officer_director,500.0,40.72,20360.0
ABT,2016-11-10,2016-11-14,0001239129,officer_director,3900.0,40.57,158223.0
ABT,2016-11-10,2016-11-14,0001239129,officer_director,9000.0,40.73,366570.0
ABT,2016-11-10,2016-11-14,0001239129,officer_director,1424.0,40.59,57800.16
ABT,2016-11-10,2016-11-14,0001239129,officer_director,3550.0,40.75,144662.5
ABT,2016-11-10,2016-11-14,0001239129,officer_director,2400.0,40.45,97080.0
ABT,2016-11-10,2016-11-14,0001239129,officer_director,1000.0,40.62,40620.0
ABT,2016-11-10,2016-11-14,0001239129,officer_director,5911.0,40.73,240755.03
ABT,2016-11-10,2016-11-14,0001239129,officer_director,900.0,40.59,36531.0
ABT,2016-11-10,2016-11-14,0001239129,officer_director,700.0,40.55,28385.0
ABT,2016-11-10,2016-11-14,0001239129,officer_director,100.0,40.71,4071.0
ABT,2016-11-10,2016-11-14,0001239129,officer_director,1600.0,40.62,64992.0
ABT,2016-11-10,2016-11-14,0001239129,officer_director,3300.0,40.69,134277.0
ABT,2016-11-10,2016-11-14,0001239129,officer_director,6100.0,40.65,247965.0
ABT,2016-11-10,2016-11-14,0001239129,officer_director,2100.0,40.48,85008.0
ABT,2016-11-10,2016-11-14,0001239129,officer_director,2402.0,40.44,97136.88
ABT,2016-11-10,2016-11-14,0001239129,officer_director,1100.0,40.67,44737.0
ABT,2016-11-10,2016-11-14,0001239129,officer_director,700.0,40.49,28343.0
ABT,2016-11-10,2016-11-14,0001239129,officer_director,4300.0,40.71,175053.0
ABT,2016-11-10,2016-11-14,0001239129,officer_director,500.0,40.53,20265.0
ABT,2016-11-10,2016-11-14,0001239129,officer_director,1605.0,40.64,65227.2
ABT,2016-11-10,2016-11-14,0001239129,officer_director,3900.0,40.76,158964.0
ABT,2016-11-10,2016-11-14,0001239129,officer_director,300.0,40.5,12150.0
ABT,2016-11-10,2016-11-14,0001239129,officer_director,1000.0,40.46,40460.0
ABT,2016-11-10,2016-11-14,0001239129,officer_director,1440.0,40.55,58392.0
ABT,2016-11-10,2016-11-14,0001239129,officer_director,1300.0,40.56,52728.0
ABT,2016-11-10,2016-11-14,0001239129,officer_director,800.0,40.77,32616.0
ABT,2016-11-10,2016-11-14,0001239129,officer_director,400.0,40.76,16304.0
ABT,2016-11-10,2016-11-14,0001239129,officer_director,1200.0,40.75,48900.0
ABT,2016-11-10,2016-11-14,0001239129,officer_director,100.0,40.8,4080.0
ABT,2016-11-10,2016-11-14,0001239129,officer_director,2600.0,40.72,105872.0
ABT,2016-11-10,2016-11-14,0001239129,officer_director,800.0,40.66,32528.0
ABT,2016-11-10,2016-11-14,0001239129,officer_director,600.0,40.44,24264.0
ABT,2016-11-10,2016-11-14,0001239129,officer_director,3225.0,40.74,131386.5
ABT,2016-11-10,2016-11-14,0001239129,officer_director,600.0,40.45,24270.0
ABT,2016-11-10,2016-11-14,0001239129,officer_director,200.0,40.64,8128.0
ABT,2016-11-10,2016-11-14,0001239129,officer_director,6389.0,40.72,260160.08
ABT,2016-11-10,2016-11-14,0001239129,officer_director,100.0,40.74,4074.0
ABT,2016-11-10,2016-11-14,0001239129,officer_director,500.0,40.51,20255.0
ABT,2016-11-10,2016-11-14,0001239129,officer_director,1400.0,40.77,57078.0
ABT,2016-11-10,2016-11-14,0001239129,officer_director,1000.0,40.47,40470.0
ABT,2016-11-10,2016-11-14,0001239129,officer_director,1900.0,40.61,77159.0
ABT,2016-11-10,2016-11-14,0001239129,officer_director,200.0,40.73,8146.0
ABT,2016-11-10,2016-11-14,0001239129,officer_director,13700.0,40.46,554302.0
ABT,2016-11-10,2016-11-14,0001239129,officer_director,1700.0,40.78,69326.0
ABT,2016-11-10,2016-11-14,0001239129,officer_director,4776.0,40.75,194622.0
ABT,2016-11-10,2016-11-14,0001239129,officer_director,2800.0,40.68,113904.0
ABT,2016-11-10,2016-11-14,0001239129,officer_director,200.0,40.68,8136.0
ABT,2016-11-10,2016-11-14,0001239129,officer_director,2100.0,40.6,85260.0
ABT,2016-11-10,2016-11-14,0001239129,officer_director,500.0,40.79,20395.0
ABT,2016-11-10,2016-11-14,0001239129,officer_director,3300.0,40.56,133848.0
ABT,2016-11-10,2016-11-14,0001239129,officer_director,2400.0,40.61,97464.0
ABT,2016-11-10,2016-11-14,0001239129,officer_director,5265.0,40.38,212600.7
ABT,2016-11-10,2016-11-14,0001239129,officer_director,2200.0,40.52,89144.0
ABT,2016-11-10,2016-11-14,0001239129,officer_director,200.0,40.46,8092.0
ABT,2016-11-10,2016-11-14,0001239129,officer_director,500.0,40.63,20315.0
ABT,2016-11-10,2016-11-14,0001239129,officer_director,3700.0,40.58,150146.0
ABT,2016-11-10,2016-11-14,0001239129,officer_director,1900.0,40.6,77140.0
ABT,2016-11-10,2016-11-14,0001239129,officer_director,1500.0,40.41,60615.0
ABT,2016-11-10,2016-11-14,0001239129,officer_director,3800.0,40.57,154166.0
ABT,2016-11-10,2016-11-14,0001239129,officer_director,600.0,40.42,24252.0
ABT,2016-11-10,2016-11-14,0001239129,officer_director,4025.0,40.39,162569.75
ABT,2016-11-10,2016-11-14,0001239129,officer_director,1622.0,40.38,65496.36
ABT,2016-11-10,2016-11-14,0001239129,officer_director,1600.0,40.59,64944.0
ABT,2016-11-10,2016-11-14,0001239129,officer_director,16690.0,40.45,675110.5
ABT,2016-11-10,2016-11-14,0001239129,officer_director,1000.0,40.4,40400.0
ABT,2016-11-10,2016-11-14,0001239129,officer_director,2000.0,40.42,80840.0
ABT,2016-11-10,2016-11-14,0001239129,officer_director,2100.0,40.8,85680.0
ABT,2016-11-10,2016-11-14,0001239129,officer_director,2400.0,40.69,97656.0
ABT,2016-11-10,2016-11-14,0001239129,officer_director,2200.0,40.7,89540.0
ABT,2016-11-10,2016-11-14,0001239129,officer_director,1000.0,40.52,40520.0
ABT,2016-11-10,2016-11-14,0001239129,officer_director,800.0,40.58,32464.0
ABT,2016-11-10,2016-11-14,0001239129,officer_director,3000.0,40.47,121410.0
ABT,2016-11-10,2016-11-14,0001239129,officer_director,8649.0,40.36,349073.64
ABT,2016-11-10,2016-11-14,0001239129,officer_director,2500.0,40.44,101100.0
ABT,2016-11-10,2016-11-14,0001239129,officer_director,5210.0,40.56,211317.6
ABT,2016-11-10,2016-11-14,0001239129,officer_director,1100.0,40.61,44671.0
ABT,2016-11-10,2016-11-14,0001239129,officer_director,1700.0,40.53,68901.0
ABT,2016-11-10,2016-11-14,0001239129,officer_director,100.0,40.64,4064.0
ABT,2016-11-10,2016-11-14,0001239129,officer_director,996.0,40.5,40338.0
ABT,2016-11-10,2016-11-14,0001239129,officer_director,5200.0,40.5,210600.0
ABT,2016-11-10,2016-11-14,0001239129,officer_director,3600.0,40.46,145656.0
ABT,2016-11-10,2016-11-14,0001239129,officer_director,2200.0,40.55,89210.0
ABT,2016-11-10,2016-11-14,0001239129,officer_director,1211.0,40.49,49033.39
ABT,2016-11-10,2016-11-14,0001239129,officer_director,400.0,40.53,16212.0
ABT,2016-11-10,2016-11-14,0001239129,officer_director,1400.0,40.54,56756.0
ABT,2016-11-10,2016-11-14,0001239129,officer_director,5320.0,40.45,215194.0
ABT,2016-11-10,2016-11-14,0001239129,officer_director,5700.0,40.37,230109.0
ABT,2016-11-10,2016-11-14,0001239129,officer_director,7100.0,40.51,287621.0
ABT,2016-11-10,2016-11-14,0001239129,officer_director,2800.0,40.47,113316.0
ABT,2016-11-10,2016-11-14,0001239129,officer_director,500.0,40.43,20215.0
ABT,2016-11-10,2016-11-14,0001239129,officer_director,300.0,40.65,12195.0
ABT,2016-11-10,2016-11-14,0001239129,officer_director,500.0,40.44,20220.0
ABT,2016-11-10,2016-11-14,0001239129,officer_director,5479.0,40.48,221789.92
ABT,2016-11-10,2016-11-14,0001239129,officer_director,37120.0,40.44,1501132.8
ABT,2016-11-10,2016-11-14,0001239129,officer_director,100.0,40.67,4067.0
ABT,2016-11-10,2016-11-14,0001239129,officer_director,1293.0,40.49,52353.57
ABT,2016-11-10,2016-11-14,0001239129,officer_director,100.0,40.44,4044.0
ABT,2016-11-10,2016-11-14,0001239129,officer_director,200.0,40.35,8070.0
ABT,2016-11-10,2016-11-14,0001239129,officer_director,17900.0,40.4,723160.0
ABT,2016-11-10,2016-11-14,0001239129,officer_director,500.0,40.51,20255.0
ABT,2016-11-10,2016-11-14,0001239129,officer_director,1678.0,40.37,67740.86
ABT,2016-11-10,2016-11-14,0001239129,officer_director,600.0,40.68,24408.0
ABT,2016-11-10,2016-11-14,0001239129,officer_director,1300.0,40.72,52936.0
ABT,2016-11-10,2016-11-14,0001239129,officer_director,1300.0,40.71,52923.0
ABT,2016-11-10,2016-11-14,0001239129,officer_director,100.0,40.73,4073.0
ABT,2016-11-10,2016-11-14,0001239129,officer_director,300.0,40.73,12219.0
ABT,2016-11-10,2016-11-14,0001239129,officer_director,400.0,40.74,16296.0
ABT,2016-11-10,2016-11-14,0001239129,officer_director,100.0,40.75,4075.0
ABT,2016-11-10,2016-11-14,0001239129,officer_director,600.0,40.75,24450.0
ABT,2016-11-10,2016-11-14,0001239129,officer_director,300.0,40.47,12141.0
ABT,2016-11-10,2016-11-14,0001239129,officer_director,11100.0,40.41,448551.0
ABT,2016-11-10,2016-11-14,0001239129,officer_director,600.0,40.39,24234.0
ABT,2016-11-10,2016-11-14,0001239129,officer_director,100.0,40.52,4052.0
ABT,2016-11-10,2016-11-14,0001239129,officer_director,1200.0,40.52,48624.0
ABT,2016-11-10,2016-11-14,0001239129,officer_director,1400.0,40.47,56658.0
ABT,2016-11-10,2016-11-14,0001239129,officer_director,2021.0,40.48,81810.08
ABT,2016-11-10,2016-11-14,0001239129,officer_director,9900.0,40.46,400554.0
ABT,2016-11-10,2016-11-14,0001239129,officer_director,5121.0,40.43,207042.03
ABT,2016-11-10,2016-11-14,0001239129,officer_director,200.0,40.41,8082.0
ABT,2016-11-10,2016-11-14,0001239129,officer_director,1000.0,40.72,40720.0
ABT,2016-11-10,2016-11-14,0001239129,officer_director,300.0,40.71,12213.0
ABT,2016-11-10,2016-11-14,0001239129,officer_director,1300.0,40.65,52845.0
ABT,2016-11-10,2016-11-14,0001239129,officer_director,600.0,40.66,24396.0
ABT,2016-11-10,2016-11-14,0001239129,officer_director,1700.0,40.66,69122.0
ABT,2016-11-10,2016-11-14,0001239129,officer_director,600.0,40.67,24402.0
ABT,2016-11-10,2016-11-14,0001239129,officer_director,2700.0,40.67,109809.0
ABT,2016-11-10,2016-11-14,0001239129,officer_director,800.0,40.68,32544.0
ABT,2016-11-10,2016-11-14,0001239129,officer_director,1700.0,40.68,69156.0
ABT,2016-11-10,2016-11-14,0001239129,officer_director,1150.0,40.69,46793.5
ABT,2016-11-10,2016-11-14,0001239129,officer_director,1600.0,40.69,65104.0
ABT,2016-11-10,2016-11-14,0001239129,officer_director,1200.0,40.7,48840.0
ABT,2016-11-10,2016-11-14,0001239129,officer_director,1200.0,40.7,48840.0
ABT,2016-12-14,2016-12-16,0001612571,officer,100.0,39.08,3908.0
ABT,2016-12-14,2016-12-16,0001612571,officer,1300.0,39.08,50804.0
ABT,2016-12-14,2016-12-16,0001612571,officer,10575.0,39.09,413376.75
ABT,2016-12-14,2016-12-16,0001612571,officer,600.0,39.08,23448.0
ABT,2016-12-14,2016-12-16,0001612571,officer,200.0,39.08,7816.0
ABT,2016-12-20,2016-12-21,0001492289,officer,2072.0,38.44,79647.68
ABT,2016-12-20,2016-12-21,0001492289,officer,100.0,38.44,3844.0
ABT,2016-12-20,2016-12-21,0001492289,officer,3400.0,38.45,130730.0
ABT,2016-12-20,2016-12-21,0001492289,officer,9708.0,38.46,373369.68
ABT,2016-12-20,2016-12-21,0001492289,officer,300.0,38.43,11529.0
ABT,2017-01-31,2017-02-02,0001327700,officer,12200.0,40.77,497394.0
ABT,2017-08-14,2017-08-22,0001188983,director,1185.0,48.96,58017.6
ABT,2018-02-27,2018-02-28,0000902132,director,400.0,60.87,24348.0
ABT,2018-02-27,2018-02-28,0000902132,director,800.0,60.79,48632.0
ABT,2018-02-27,2018-02-28,0000902132,director,400.0,60.79,24316.0
ABT,2018-02-27,2018-02-28,0000902132,director,400.0,60.8,24320.0
ABT,2018-02-27,2018-02-28,0000902132,director,100.0,60.81,6081.0
ABT,2018-02-27,2018-02-28,0000902132,director,900.0,60.81,54729.0
ABT,2018-02-27,2018-02-28,0000902132,director,400.0,60.82,24328.0
ABT,2018-02-27,2018-02-28,0000902132,director,200.0,60.82,12164.0
ABT,2018-02-27,2018-02-28,0000902132,director,600.0,60.83,36498.0
ABT,2018-02-27,2018-02-28,0000902132,director,1000.0,60.84,60840.0
ABT,2018-02-27,2018-02-28,0000902132,director,100.0,60.85,6085.0
ABT,2018-02-27,2018-02-28,0000902132,director,1000.0,60.85,60850.0
ABT,2018-02-27,2018-02-28,0000902132,director,293.0,60.86,17831.98
ABT,2018-02-27,2018-02-28,0000902132,director,1200.0,60.86,73032.0
ABT,2018-02-27,2018-02-28,0000902132,director,107.0,60.87,6513.09
ABT,2018-02-27,2018-02-28,0000902132,director,4900.0,60.72,297528.0
ABT,2018-02-27,2018-02-28,0000902132,director,1079.0,60.73,65527.67
ABT,2018-02-27,2018-02-28,0000902132,director,2200.0,60.73,133606.0
ABT,2018-02-27,2018-02-28,0000902132,director,400.0,60.74,24296.0
ABT,2018-02-27,2018-02-28,0000902132,director,2000.0,60.74,121480.0
ABT,2018-02-27,2018-02-28,0000902132,director,200.0,60.74,12148.0
ABT,2018-02-27,2018-02-28,0000902132,director,1100.0,60.75,66825.0
ABT,2018-02-27,2018-02-28,0000902132,director,2200.0,60.75,133650.0
ABT,2018-02-27,2018-02-28,0000902132,director,175.0,60.76,10633.0
ABT,2018-02-27,2018-02-28,0000902132,director,2500.0,60.76,151900.0
ABT,2018-02-27,2018-02-28,0000902132,director,600.0,60.77,36462.0
ABT,2018-02-27,2018-02-28,0000902132,director,2100.0,60.77,127617.0
ABT,2018-02-27,2018-02-28,0000902132,director,200.0,60.78,12156.0
ABT,2018-02-27,2018-02-28,0000902132,director,2100.0,60.78,127638.0
ABT,2018-02-27,2018-02-28,0000902132,director,300.0,60.8,18240.0
ABT,2018-02-27,2018-02-28,0000902132,director,14.0,60.61,848.54
ABT,2018-02-27,2018-02-28,0000902132,director,700.0,60.6,42420.0
ABT,2018-02-27,2018-02-28,0000902132,director,1417.0,60.62,85898.54
ABT,2018-02-27,2018-02-28,0000902132,director,700.0,60.63,42441.0
ABT,2018-02-27,2018-02-28,0000902132,director,200.0,60.64,12128.0
ABT,2018-02-27,2018-02-28,0000902132,director,1300.0,60.64,78832.0
ABT,2018-02-27,2018-02-28,0000902132,director,1500.0,60.65,90975.0
ABT,2018-02-27,2018-02-28,0000902132,director,1600.0,60.65,97040.0
ABT,2018-02-27,2018-02-28,0000902132,director,1600.0,60.66,97056.0
ABT,2018-02-27,2018-02-28,0000902132,director,600.0,60.67,36402.0
ABT,2018-02-27,2018-02-28,0000902132,director,2799.0,60.67,169815.33
ABT,2018-02-27,2018-02-28,0000902132,director,103.0,60.68,6250.04
ABT,2018-02-27,2018-02-28,0000902132,director,4500.0,60.68,273060.0
ABT,2018-02-27,2018-02-28,0000902132,director,487.0,60.69,29556.03
ABT,2018-02-27,2018-02-28,0000902132,director,4400.0,60.69,267036.0
ABT,2018-02-27,2018-02-28,0000902132,director,500.0,60.7,30350.0
ABT,2018-02-27,2018-02-28,0000902132,director,4800.0,60.7,291360.0
ABT,2018-02-27,2018-02-28,0000902132,director,700.0,60.71,42497.0
ABT,2018-02-27,2018-02-28,0000902132,director,8100.0,60.71,491751.0
ABT,2018-02-27,2018-02-28,0000902132,director,100.0,60.71,6071.0
ABT,2018-02-27,2018-02-28,0000902132,director,1317.0,60.72,79968.24
ABT,2018-02-27,2018-02-28,0000902132,director,600.0,60.61,36366.0
ABT,2018-02-27,2018-02-28,0000902132,director,100.0,60.52,6052.0
ABT,2018-02-27,2018-02-28,0000902132,director,100.0,60.53,6053.0
ABT,2018-02-27,2018-02-28,0000902132,director,500.0,60.56,30280.0
ABT,2018-02-27,2018-02-28,0000902132,director,400.0,60.57,24228.0
ABT,2018-02-27,2018-02-28,0000902132,director,100.0,60.58,6058.0
ABT,2018-02-27,2018-02-28,0000902132,director,100.0,60.58,6058.0
ABT,2018-02-27,2018-02-28,0000902132,director,600.0,60.59,36354.0
ABT,2018-02-27,2018-02-28,0000902132,director,100.0,60.6,6060.0
ABT,2019-01-31,2019-02-01,0001385262,director,100.0,72.32,7232.0
ABT,2019-01-31,2019-02-01,0001385262,director,100.0,72.31,7231.0
ABT,2019-01-31,2019-02-01,0001385262,director,842.0,72.32,60893.44
ABT,2019-01-31,2019-02-01,0001385262,director,613.0,72.31,44326.03
ABT,2019-01-31,2019-02-01,0001385262,director,1800.0,72.33,130194.0
ABT,2019-04-22,2019-04-24,0001204554,officer,2000.0,73.4,146800.0
ABT,2021-02-23,2021-02-25,0001640036,director,2040.0,122.5,249900.0
ABT,2026-01-23,2026-01-26,0001612571,officer_director,18800.0,107.13,2014044.0
ABT,2026-02-04,2026-02-06,0000902132,director,5033.0,108.33,545224.89
ABT,2026-02-04,2026-02-06,0000902132,director,4967.0,109.14,542098.38
ADBE,2017-12-18,2017-12-19,0001550029,director,1125.0,177.35,199518.75
ADBE,2018-09-24,2018-09-26,0001538604,director,75.0,261.43,19607.25
ADBE,2018-12-20,2018-12-21,0001538604,director,75.0,216.58,16243.5
ADBE,2022-01-06,2022-01-10,0001550028,director,482.0,517.63,249497.66
ADBE,2022-01-07,2022-01-10,0001550028,director,491.0,509.72,250272.52
ADBE,2022-09-22,2022-09-23,0001610062,officer,3250.0,288.11,936357.5
ADBE,2022-09-27,2022-09-27,0001538604,director,1200.0,280.56,336672.0
ADBE,2023-06-21,2023-06-22,0001550029,director,40.0,492.0,19680.0
ADBE,2024-01-05,2024-01-08,0001550029,director,15.0,567.03,8505.45
ADBE,2025-01-28,2025-01-30,0001538604,director,2250.0,443.98,998955.0
ADBE,2025-03-20,2025-03-21,0001610062,officer,310.0,391.35,121318.5
ADBE,2025-03-20,2025-03-21,0001610062,officer,990.0,390.34,386436.6
ADI,2015-06-04,2016-12-07,0001624243,officer,144.0,67.08,9659.52
ADI,2015-11-25,2015-11-30,0001018062,director,10000.0,60.6,606000.0
ADI,2015-12-03,2016-12-07,0001624243,officer,74.0,60.36,4466.64
ADI,2016-12-01,2016-12-02,0001018062,director,15000.0,73.73,1105950.0
ADI,2016-12-01,2016-12-02,0001018062,director,700.0,71.34,49938.0
ADI,2017-03-17,2017-03-20,0001018062,director,25000.0,83.12,2078000.0
ADI,2017-07-07,2017-07-10,0001018062,director,14000.0,78.28,1095920.0
ADI,2020-03-18,2020-03-19,0001018062,director,2631.13,87.42,230013.38
ADI,2020-06-09,2020-06-10,0001018062,director,440.92,126.14,55617.65
ADI,2020-06-09,2020-06-10,0001795645,director,2.99,126.12,377.1
ADI,2020-12-21,2021-04-20,0001590599,officer,19.0,142.62,2709.78
ADI,2021-03-11,2021-04-20,0001590599,officer,2.0,151.57,303.14
ADI,2021-10-06,2021-10-07,0001018062,director,8000.0,164.98,1319840.0
ADI,2021-10-06,2021-10-07,0001018062,director,0.95,165.01,156.76
ADI,2021-11-16,2023-03-07,0001224105,director,2.0,187.6,375.2
ADI,2022-01-20,2023-03-07,0001224105,director,2.0,163.98,327.96
ADI,2022-06-17,2022-06-21,0001018062,director,3650.0,144.16,526184.0
ADI,2022-10-10,2023-03-07,0001224105,director,1.0,139.12,139.12
ADM,2015-05-06,2015-05-07,0001491544,director,500.0,49.44,24720.0
ADM,2015-05-06,2015-05-07,0001491544,director,1500.0,49.44,74160.0
ADM,2015-11-04,2015-11-04,0001416453,officer,2500.0,42.77,106925.0
ADM,2015-11-04,2015-11-04,0001455792,officer_director,4715.0,42.36,199727.4
ADM,2015-11-20,2015-11-20,0001455792,officer_director,2772.0,36.03,99875.16
ADM,2015-11-23,2015-11-24,0001472510,officer,3000.0,36.24,108720.0
ADM,2015-11-24,2015-11-30,0001607163,director,500.0,36.13,18065.0
ADM,2015-11-24,2015-11-30,0001607163,director,1000.0,36.14,36140.0
ADM,2016-02-05,2016-02-05,0001607163,director,1000.0,34.35,34350.0
ADM,2016-05-17,2016-05-18,0001607163,director,500.0,37.44,18720.0
ADM,2018-11-07,2018-11-07,0001416453,officer,2100.0,47.35,99435.0
ADM,2019-02-07,2019-02-07,0001228373,director,60000.0,41.8,2508000.0
ADM,2019-04-29,2019-04-29,0001416453,officer,6000.0,42.76,256560.0
ADM,2019-04-29,2019-04-29,0001455792,officer_director,23657.0,42.3,1000691.1
ADM,2019-08-06,2019-08-06,0001455792,officer_director,5457.0,36.65,199999.05
ADM,2019-08-06,2019-08-06,0001416453,officer,3400.0,36.74,124916.0
ADM,2020-03-06,2020-03-06,0001607163,director,1370.0,36.95,50621.5
ADM,2020-05-12,2020-05-13,0001491544,director,1070.0,35.2,37664.0
ADM,2020-08-25,2020-08-25,0001491544,director,11100.0,44.75,496725.0
ADM,2020-09-09,2020-09-10,0001491544,director,1025.0,46.1,47252.5
ADM,2021-03-12,2021-03-12,0001336656,officer,5095.0,58.4,297548.0
ADM,2021-07-29,2021-07-29,0001455792,officer_director,16790.0,59.54,999676.6
ADM,2022-05-10,2022-06-01,0001308719,officer,5.0,84.97,424.85
ADM,2026-02-05,2026-02-09,0001649256,director,7500.0,64.9,486750.0
ADSK,2024-09-30,2024-10-01,0001780227,officer,54.0,163.59,8833.86
ADSK,2025-03-21,2025-03-24,0001197000,director,2000.0,267.1,534200.0
AEO,2015-01-21,2015-01-21,0001224829,director,1100.0,13.77,15147.0
AEO,2015-06-10,2015-06-12,0001224829,director,6000.0,16.86,101160.0
AEO,2015-09-14,2015-09-16,0001031000,officer_director,500000.0,15.74,7870000.0
AEO,2016-01-11,2016-01-13,0001031000,officer_director,164257.0,13.22,2171477.54
AEO,2020-03-11,2020-03-12,0001513234,director,10000.0,9.7,97000.0
AEO,2021-06-04,2021-06-08,0001362276,director,4000.0,32.45,129800.0
AEO,2021-11-29,2021-11-30,0001362276,director,3900.0,26.56,103584.0
AEO,2022-03-08,2022-03-10,0001362276,director,5500.0,18.12,99660.0
AEO,2022-03-22,2022-07-26,0001578181,director,226.53,18.34,4154.56
AEO,2022-06-08,2022-06-10,0001578181,director,500.0,12.7,6350.0
AEO,2022-06-08,2022-06-10,0001578181,director,500.0,12.85,6425.0
AEO,2022-06-10,2022-06-14,0001513234,director,20000.0,12.0,240000.0
AEO,2022-06-10,2022-06-10,0001578181,director,500.0,12.0,6000.0
AEO,2022-06-14,2022-06-14,0001578181,director,1000.0,11.78,11780.0
AEO,2022-06-16,2022-06-17,0001513234,director,10000.0,11.65,116500.0
AEO,2022-06-16,2022-06-17,0001578181,director,500.0,11.63,5815.0
AEO,2022-06-17,2022-06-21,0001513234,director,10000.0,11.5,115000.0
AEO,2022-06-23,2022-06-27,0001578181,director,500.0,11.9,5950.0
AEO,2022-07-22,2022-07-26,0001578181,director,431.88,12.06,5208.47
AEP,2016-05-26,2016-05-31,0001541186,officer,4425.0,64.33,284660.25
AET,2016-03-15,2016-03-17,0001200743,officer,70.0,111.47,7802.9
AET,2016-03-15,2016-03-17,0001200743,officer,8900.0,111.45,991905.0
AIG,2014-10-09,2023-07-26,0001187349,director,50.0,50.38,2519.0
AIG,2014-11-18,2023-07-26,0001187349,director,800.0,54.1,43280.0
AIG,2015-05-05,2015-05-05,0001607640,director,4280.0,57.99,248197.2
AIG,2017-05-18,2017-05-19,0001072522,officer_director,80000.0,61.48,4918400.0
AIG,2017-12-22,2023-02-14,0001187349,director,79.55,60.34,4800.05
AIG,2018-02-21,2023-07-26,0001187349,director,125.0,60.46,7557.5
AIG,2018-04-18,2023-07-26,0001187349,director,65.0,54.55,3545.75
AIG,2018-05-04,2018-05-07,0001721366,officer,2500.0,51.55,128875.0
AIG,2018-05-04,2018-05-07,0001244673,director,1290.0,52.17,67299.3
AIG,2018-05-04,2018-05-07,0001244673,director,3510.0,52.02,182590.2
AIG,2019-02-13,2023-07-26,0001187349,director,315.0,44.23,13932.45
AIG,2019-02-13,2023-07-26,0001187349,director,345.0,44.25,15266.25
AIG,2019-05-23,2019-05-23,0001332615,director,1000.0,51.71,51710.0
AIG,2020-01-22,2023-07-26,0001187349,director,125.0,52.23,6528.75
AIG,2020-01-22,2023-07-26,0001187349,director,10.0,52.25,522.5
AIG,2020-05-06,2020-05-08,0001187349,director,20000.0,24.1,482000.0
AIG,2020-08-18,2023-07-26,0001187349,director,450.0,29.58,13311.0
AIG,2020-08-18,2023-07-26,0001187349,director,385.0,29.59,11392.15
AIG,2020-09-08,2023-07-26,0001187349,director,645.0,29.14,18795.3
AIG,2021-02-25,2021-03-11,0001667819,officer,19.0,43.96,835.24
AIG,2022-06-03,2023-07-26,0001187349,director,160.0,57.3,9168.0
AIG,2024-03-14,2024-03-18,0001657175,director,659.0,75.39,49682.01
AIG,2024-05-22,2025-04-02,0001657175,director,635.0,78.53,49866.55
AIG,2024-06-28,2024-07-02,0001657175,director,6.91,74.89,517.49
AIG,2024-09-30,2024-10-02,0001657175,director,7.15,72.76,520.23
AIG,2024-11-26,2024-11-26,0001657175,director,660.0,75.76,50001.6
AIG,2024-12-30,2025-01-02,0001657175,director,10.91,72.16,787.27
AIG,2024-12-30,2026-02-02,0002041533,officer,5.55,73.2,406.26
AIG,2025-02-13,2025-02-18,0001232377,director,10000.0,77.0,770000.0
AIG,2025-03-31,2025-04-02,0001657175,director,9.19,86.14,791.63
AIG,2025-03-31,2026-02-02,0002041533,officer,4.89,83.52,408.41
AIG,2025-06-27,2025-06-30,0001657175,director,10.51,85.11,894.51
AIG,2025-06-27,2026-02-02,0002041533,officer,5.45,84.79,462.11
AIG,2025-08-08,2025-08-08,0001657175,director,653.0,77.04,50307.12
AIG,2025-09-30,2025-10-01,0001657175,director,15.29,78.03,1193.08
AIG,2025-09-30,2026-02-02,0002041533,officer,5.97,77.75,464.17
AIG,2025-12-30,2025-12-31,0001657175,director,13.88,86.47,1200.2
AIG,2025-12-30,2026-02-02,0002041533,officer,5.4,86.54,467.32
AKAM,2016-02-16,2016-02-17,0001106232,officer_director,96521.0,51.79,4998822.59
AKAM,2016-03-16,2016-03-17,0001106232,officer_director,18126.0,55.16,999830.16
AKAM,2016-04-15,2016-04-18,0001106232,officer_director,19546.0,51.15,999777.9
AKAM,2016-05-16,2016-05-17,0001106232,officer_director,19497.0,51.28,999806.16
AKAM,2016-06-16,2016-06-17,0001106232,officer_director,18881.0,52.95,999748.95
AKAM,2016-07-15,2016-07-18,0001106232,officer_director,17456.0,57.28,999879.68
AKAM,2016-08-15,2016-08-16,0001106232,officer_director,19003.0,52.61,999747.83
AKAM,2016-09-15,2016-09-19,0001106232,officer_director,19468.0,51.36,999876.48
AKAM,2016-10-17,2016-10-18,0001106232,officer_director,18276.0,54.7,999697.2
AKAM,2016-11-15,2016-11-16,0001106232,officer_director,15245.0,65.58,999767.1
AKAM,2016-12-15,2016-12-16,0001106232,officer_director,14828.0,67.43,999852.04
AKAM,2017-05-31,2017-06-01,0001106232,officer_director,21196.0,47.17,999815.32
AKAM,2017-06-15,2017-06-16,0001106232,officer_director,20397.0,49.02,999860.94
AKAM,2017-07-14,2017-07-17,0001106232,officer_director,19817.0,50.45,999767.65
AKAM,2017-07-27,2017-07-27,0001180138,director,5000.0,46.83,234150.0
AKAM,2017-08-15,2017-08-16,0001106232,officer_director,21554.0,46.91,1011098.14
AKAM,2017-10-16,2017-10-18,0001106232,officer_director,19670.0,50.83,999826.1
AKAM,2017-11-15,2017-11-16,0001106232,officer_director,18545.0,53.91,999760.95
AKAM,2017-12-15,2017-12-15,0001106232,officer_director,17537.0,57.01,999784.37
AKAM,2021-05-13,2021-07-27,0001718588,officer,2.0,111.04,222.08
AKAM,2022-12-12,2022-12-14,0001106232,officer_director,281.0,89.02,25014.62
AKAM,2022-12-13,2022-12-14,0001106232,officer_director,268.0,93.58,25079.44
AKAM,2022-12-14,2022-12-14,0001106232,officer_director,279.0,89.85,25068.15
AKAM,2022-12-15,2022-12-16,0001106232,officer_director,285.0,87.8,25023.0
AKAM,2022-12-16,2022-12-16,0001106232,officer_director,294.0,85.11,25022.34
AKAM,2022-12-19,2022-12-20,0001106232,officer_director,294.0,85.07,25010.58
AKAM,2022-12-20,2022-12-20,0001106232,officer_director,298.0,83.99,25029.02
AKAM,2022-12-21,2022-12-23,0001106232,officer_director,295.0,84.99,25072.05
AKAM,2022-12-22,2022-12-23,0001106232,officer_director,301.0,83.1,25013.1
AKAM,2022-12-23,2022-12-23,0001106232,officer_director,303.0,82.62,25033.86
AKAM,2022-12-27,2022-12-27,0001106232,officer_director,302.0,83.03,25075.06
AKAM,2022-12-28,2022-12-30,0001106232,officer_director,300.0,83.48,25044.0
AKAM,2022-12-29,2022-12-30,0001106232,officer_director,298.0,83.97,25023.06
AKAM,2022-12-30,2022-12-30,0001106232,officer_director,296.0,84.67,25062.32
AKAM,2023-01-03,2023-01-03,0001106232,officer_director,295.0,84.98,25069.1
AKAM,2023-01-04,2023-01-06,0001106232,officer_director,292.0,85.89,25079.88
AKAM,2023-01-05,2023-01-06,0001106232,officer_director,293.0,85.5,25051.5
AKAM,2023-01-06,2023-01-06,0001106232,officer_director,293.0,85.49,25048.57
AKAM,2023-01-09,2023-01-10,0001106232,officer_director,290.0,86.5,25085.0
AKAM,2023-01-10,2023-01-10,0001106232,officer_director,290.0,86.45,25070.5
AKAM,2023-01-11,2023-01-13,0001106232,officer_director,285.0,87.96,25068.6
AKAM,2023-01-12,2023-01-13,0001106232,officer_director,282.0,88.87,25061.34
AKAM,2023-01-13,2023-01-13,0001106232,officer_director,283.0,88.5,25045.5
AKAM,2023-01-17,2023-01-17,0001106232,officer_director,282.0,88.86,25058.52
AKAM,2023-01-18,2023-01-20,0001106232,officer_director,279.0,89.74,25037.46
AKAM,2023-01-19,2023-01-20,0001106232,officer_director,285.0,87.88,25045.8
AKAM,2023-01-20,2023-01-20,0001106232,officer_director,289.0,86.73,25064.97
AKAM,2023-01-23,2023-01-24,0001106232,officer_director,285.0,87.99,25077.15
AKAM,2023-01-24,2023-01-24,0001106232,officer_director,286.0,87.6,25053.6
AKAM,2023-01-25,2023-01-27,0001106232,officer_director,287.0,87.2,25026.4
AKAM,2023-01-26,2023-01-27,0001106232,officer_director,286.0,87.48,25019.28
AKAM,2023-01-27,2023-01-27,0001106232,officer_director,286.0,87.44,25007.84
AKAM,2023-01-30,2023-01-31,0001106232,officer_director,287.0,87.36,25072.32
AKAM,2023-01-31,2023-01-31,0001106232,officer_director,285.0,87.91,25054.35
AKAM,2023-02-01,2023-02-03,0001106232,officer_director,283.0,88.56,25062.48
AKAM,2023-02-02,2023-02-03,0001106232,officer_director,279.0,89.83,25062.57
AKAM,2023-02-03,2023-02-03,0001106232,officer_director,280.0,89.54,25071.2
AKAM,2023-02-06,2023-02-07,0001106232,officer_director,282.0,88.73,25021.86
AKAM,2023-02-07,2023-02-07,0001106232,officer_director,286.0,87.47,25016.42
AKAM,2023-02-08,2023-02-10,0001106232,officer_director,284.0,88.14,25031.76
AKAM,2023-02-09,2023-02-10,0001106232,officer_director,288.0,87.03,25064.64
AKAM,2023-02-10,2023-02-10,0001106232,officer_director,290.0,86.26,25015.4
AKAM,2023-02-21,2023-02-21,0001106232,officer_director,325.0,76.99,25021.75
AKAM,2023-02-22,2023-02-23,0001106232,officer_director,326.0,76.77,25027.02
AKAM,2023-02-23,2023-02-23,0001106232,officer_director,326.0,76.82,25043.32
AKAM,2023-02-24,2023-02-24,0001106232,officer_director,337.0,74.27,25028.99
AKAM,2023-02-27,2023-02-28,0001106232,officer_director,342.0,73.22,25041.24
AKAM,2023-02-28,2023-02-28,0001106232,officer_director,340.0,73.72,25064.8
AKAM,2023-03-01,2023-03-03,0001106232,officer_director,346.0,72.43,25060.78
AKAM,2023-03-02,2023-03-03,0001106232,officer_director,343.0,73.08,25066.44
AKAM,2023-03-03,2023-03-03,0001106232,officer_director,338.0,74.17,25069.46
AKAM,2023-03-06,2023-03-06,0001106232,officer_director,329.0,75.99,25000.71
AKAM,2023-03-07,2023-03-08,0001106232,officer_director,333.0,75.28,25068.24
AKAM,2023-03-08,2023-03-08,0001106232,officer_director,334.0,74.89,25013.26
AKAM,2023-03-09,2023-03-10,0001106232,officer_director,336.0,74.44,25011.84
AKAM,2023-03-10,2023-03-10,0001106232,officer_director,1.0,72.65,72.65
AKAM,2023-03-10,2023-03-10,0001106232,officer_director,339.0,73.64,24963.96
AKAM,2023-03-13,2023-03-14,0001106232,officer_director,349.0,71.78,25051.22
AKAM,2023-03-14,2023-03-14,0001106232,officer_director,349.0,71.77,25047.73
AKAM,2023-03-15,2023-03-17,0001106232,officer_director,350.0,71.53,25035.5
AKAM,2023-03-16,2023-03-17,0001106232,officer_director,348.0,71.88,25014.24
AKAM,2023-03-17,2023-03-17,0001106232,officer_director,343.0,72.89,25001.27
AKAM,2023-03-20,2023-03-22,0001106232,officer_director,341.0,73.38,25022.58
AKAM,2023-03-21,2023-03-22,0001106232,officer_director,333.0,75.26,25061.58
AKAM,2023-03-22,2023-03-22,0001106232,officer_director,332.0,75.49,25062.68
AKAM,2023-03-23,2023-03-24,0001106232,officer_director,335.0,74.8,25058.0
AKAM,2023-03-24,2023-03-24,0001106232,officer_director,333.0,75.18,25034.94
AKAM,2023-03-27,2023-03-28,0001106232,officer_director,326.0,76.69,25000.94
AKAM,2023-03-28,2023-03-28,0001106232,officer_director,327.0,76.46,25002.42
AKAM,2023-03-29,2023-03-31,0001106232,officer_director,325.0,77.01,25028.25
AKAM,2023-03-30,2023-03-31,0001106232,officer_director,325.0,77.0,25025.0
AKAM,2023-03-31,2023-03-31,0001106232,officer_director,326.0,76.88,25062.88
AKAM,2023-04-03,2023-04-05,0001106232,officer_director,319.0,78.48,25035.12
AKAM,2023-04-04,2023-04-05,0001106232,officer_director,321.0,77.99,25034.79
AKAM,2023-04-05,2023-04-05,0001106232,officer_director,323.0,77.6,25064.8
AKAM,2023-04-06,2023-04-10,0001106232,officer_director,324.0,77.38,25071.12
AKAM,2023-04-10,2023-04-10,0001106232,officer_director,319.0,78.42,25015.98
AKAM,2023-04-11,2023-04-12,0001106232,officer_director,314.0,79.78,25050.92
AKAM,2023-04-12,2023-04-12,0001106232,officer_director,308.0,81.23,25018.84
AKAM,2023-04-13,2023-04-14,0001106232,officer_director,307.0,81.56,25038.92
AKAM,2023-04-14,2023-04-14,0001106232,officer_director,302.0,83.0,25066.0
AKAM,2023-04-17,2023-04-18,0001106232,officer_director,303.0,82.54,25009.62
AKAM,2023-04-18,2023-04-18,0001106232,officer_director,300.0,83.35,25005.0
AKAM,2023-04-19,2023-04-21,0001106232,officer_director,302.0,82.8,25005.6
AKAM,2023-04-20,2023-04-21,0001106232,officer_director,305.0,82.0,25010.0
AKAM,2023-04-21,2023-04-21,0001106232,officer_director,309.0,80.98,25022.82
AKAM,2023-04-24,2023-04-26,0001106232,officer_director,309.0,80.91,25001.19
AKAM,2023-04-25,2023-04-26,0001106232,officer_director,311.0,80.64,25079.04
AKAM,2023-04-26,2023-04-26,0001106232,officer_director,315.0,79.47,25033.05
AKAM,2023-04-27,2023-04-28,0001106232,officer_director,314.0,79.66,25013.24
AKAM,2023-04-28,2023-04-28,0001106232,officer_director,308.0,81.41,25074.28
AKAM,2023-05-01,2023-05-03,0001106232,officer_director,306.0,81.93,25070.58
AKAM,2023-05-02,2023-05-03,0001106232,officer_director,313.0,79.96,25027.48
AKAM,2023-05-03,2023-05-03,0001106232,officer_director,315.0,79.44,25023.6
AKAM,2023-05-04,2023-05-05,0001106232,officer_director,319.0,78.43,25019.17
AKAM,2023-05-05,2023-05-05,0001106232,officer_director,323.0,77.53,25042.19
AKAM,2023-05-15,2023-05-16,0001106232,officer_director,293.0,85.33,25001.69
AKAM,2023-05-16,2023-05-16,0001106232,officer_director,293.0,85.51,25054.43
AKAM,2023-05-17,2023-05-19,0001106232,officer_director,288.0,87.0,25056.0
AKAM,2023-05-18,2023-05-19,0001106232,officer_director,289.0,86.73,25064.97
AKAM,2023-05-19,2023-05-19,0001106232,officer_director,285.0,87.86,25040.1
AKAM,2023-05-22,2023-05-23,0001106232,officer_director,286.0,87.52,25030.72
AKAM,2023-05-23,2023-05-23,0001106232,officer_director,286.0,87.71,25085.06
AKAM,2023-05-24,2023-05-26,0001106232,officer_director,288.0,86.96,25044.48
AKAM,2023-05-25,2023-05-26,0001106232,officer_director,284.0,88.29,25074.36
AKAM,2023-05-26,2023-05-26,0001106232,officer_director,280.0,89.39,25029.2
AKAM,2023-05-30,2023-05-31,0001106232,officer_director,275.0,91.06,25041.5
AKAM,2023-05-31,2023-05-31,0001106232,officer_director,272.0,92.0,25024.0
AKAM,2023-06-01,2023-06-02,0001106232,officer_director,272.0,92.0,25024.0
AKAM,2023-06-02,2023-06-02,0001106232,officer_director,272.0,92.01,25026.72
AKAM,2023-06-05,2023-06-06,0001106232,officer_director,269.0,92.98,25011.62
AKAM,2023-06-06,2023-06-06,0001106232,officer_director,267.0,93.81,25047.27
AKAM,2023-06-07,2023-06-09,0001106232,officer_director,267.0,92.98,24825.66
AKAM,2023-06-08,2023-06-09,0001106232,officer_director,2.0,92.78,185.56
AKAM,2023-06-08,2023-06-09,0001106232,officer_director,265.0,93.8,24857.0
AKAM,2023-06-09,2023-06-09,0001106232,officer_director,270.0,92.6,25002.0
AKAM,2023-06-12,2023-06-13,0001106232,officer_director,271.0,92.43,25048.53
AKAM,2023-06-13,2023-06-13,0001106232,officer_director,270.0,92.8,25056.0
AKAM,2023-06-14,2023-06-16,0001106232,officer_director,273.0,91.69,25031.37
AKAM,2023-06-15,2023-06-16,0001106232,officer_director,274.0,91.4,25043.6
AKAM,2023-06-16,2023-06-16,0001106232,officer_director,271.0,92.31,25016.01
AKAM,2023-06-20,2023-06-20,0001106232,officer_director,275.0,91.2,25080.0
AKAM,2024-05-14,2024-05-14,0001106232,officer_director,22000.0,92.68,2038960.0
AKAM,2025-02-27,2025-02-27,0001106232,officer_director,2200.0,80.01,176022.0
AKAM,2025-02-27,2025-02-27,0001106232,officer_director,35470.0,79.56,2821993.2
AKAM,2025-08-11,2025-08-12,0001106232,officer_director,47924.0,72.3,3464905.2
AKAM,2025-08-11,2025-08-12,0001106232,officer_director,2076.0,71.33,148081.08
AKAM,2025-08-11,2025-08-12,0001234998,director,3000.0,72.3,216900.0
ALK,2020-03-23,2020-03-27,0001592033,director,421.28,23.68,9975.91
ALK,2020-11-20,2020-11-30,0001174961,director,855.0,47.35,40484.25
ALK,2021-06-08,2021-06-09,0001174961,director,1200.0,66.26,79512.0
ALK,2023-12-07,2023-12-11,0001451455,officer_director,56.0,36.27,2031.12
ALL,2015-08-27,2015-08-28,0001341253,director,1000.0,57.57,57570.0
AMAT,2015-08-17,2015-08-19,0001218363,director,11827.0,16.88,199639.76
AMAT,2015-08-21,2015-08-24,0001183258,officer_director,10000.0,15.68,156800.0
AMAT,2015-09-24,2015-09-25,0001183258,officer_director,30000.0,14.34,430200.0
AMAT,2021-10-11,2023-01-24,0001284885,director,29.0,128.26,3719.54
AMAT,2021-10-14,2023-01-24,0001284885,director,29.0,131.57,3815.53
AMAT,2021-11-15,2023-01-24,0001284885,director,27.0,156.51,4225.77
AMAT,2021-11-15,2023-01-24,0001284885,director,28.0,156.51,4382.28
AMAT,2021-12-15,2023-01-24,0001284885,director,27.0,146.65,3959.55
AMAT,2021-12-15,2023-01-24,0001284885,director,28.0,146.65,4106.2
AMAT,2022-01-14,2023-01-24,0001284885,director,28.0,163.0,4564.0
AMAT,2022-01-14,2023-01-24,0001284885,director,28.0,159.89,4476.92
AMAT,2022-02-14,2023-01-24,0001284885,director,30.0,131.53,3945.9
AMAT,2022-02-14,2023-01-24,0001284885,director,30.0,131.53,3945.9
AMAT,2022-03-08,2023-01-24,0001284885,director,36.0,123.26,4437.36
AMAT,2022-03-08,2023-01-24,0001284885,director,37.0,123.26,4560.62
AMAT,2022-06-21,2023-01-24,0001284885,director,20.0,94.75,1895.0
AMAT,2025-04-03,2025-04-07,0001183258,officer_director,1419.0,137.7,195396.3
AMAT,2025-04-03,2025-04-07,0001183258,officer_director,48581.0,137.29,6669685.49
AMD,2025-02-07,2025-02-12,0001985800,officer,4645.0,107.56,499616.2
AMD,2025-05-20,2025-05-22,0001985800,officer,8800.0,113.56,999328.0
AMGN,2015-02-05,2015-02-05,0001171694,director,1500.0,152.29,228435.0
AMGN,2015-02-05,2015-02-05,0001171694,director,1500.0,152.29,228435.0
AMGN,2015-08-19,2015-08-20,0001110744,director,10.0,165.5,1655.0
AMGN,2015-08-19,2015-08-20,0001110744,director,3000.0,166.64,499920.0
AMT,2022-01-14,2022-03-14,0001411075,director,4.0,252.12,1008.48
AMT,2022-04-29,2022-05-03,0001411075,director,9.0,244.96,2204.64
AMT,2022-10-26,2023-02-06,0001852058,officer,5.0,197.16,985.8
AMT,2023-02-02,2023-02-06,0001852058,officer,5.0,232.56,1162.8
AMT,2025-10-31,2025-11-04,0001266076,director,5554.0,178.99,994110.46
AMT,2026-03-10,2026-03-12,0001555586,director,2671.0,185.3,494936.3
AMZN,2019-10-04,2019-10-08,0001183818,director,100.0,1726.06,172606.0
AMZN,2020-01-02,2020-01-06,0001183818,director,100.0,1875.0,187500.0
AMZN,2020-04-01,2020-04-03,0001183818,director,10.0,1928.64,19286.4
AMZN,2020-04-01,2020-04-03,0001183818,director,6.0,1927.88,11567.28
AMZN,2020-04-01,2020-04-03,0001183818,director,8.0,1926.76,15414.08
AMZN,2020-04-01,2020-04-03,0001183818,director,1.0,1926.0,1926.0
AMZN,2020-04-01,2020-04-03,0001183818,director,3.0,1924.7,5774.1
AMZN,2020-04-01,2020-04-03,0001183818,director,7.0,1929.69,13507.83
AMZN,2020-04-01,2020-04-03,0001183818,director,11.0,1930.75,21238.25
AMZN,2020-04-01,2020-04-03,0001183818,director,20.0,1931.69,38633.8
AMZN,2020-04-01,2020-04-03,0001183818,director,1.0,1923.76,1923.76
AMZN,2020-04-01,2020-04-03,0001183818,director,8.0,1934.7,15477.6
AMZN,2020-04-01,2020-04-03,0001183818,director,7.0,1933.53,13534.71
AMZN,2020-04-01,2020-04-03,0001183818,director,4.0,1922.69,7690.76
AMZN,2020-04-01,2020-04-03,0001183818,director,2.0,1921.7,3843.4
AMZN,2020-04-01,2020-04-03,0001183818,director,2.0,1935.84,3871.68
AMZN,2020-04-01,2020-04-03,0001183818,director,2.0,1936.91,3873.82
AMZN,2020-04-01,2020-04-03,0001183818,director,1.0,1937.25,1937.25
AMZN,2020-04-01,2020-04-03,0001183818,director,2.0,1938.53,3877.06
AMZN,2020-04-01,2020-04-03,0001183818,director,5.0,1932.73,9663.65
AMZN,2020-07-01,2020-07-02,0001183818,director,3.0,2799.23,8397.69
AMZN,2020-07-01,2020-07-02,0001183818,director,1.0,2798.61,2798.61
AMZN,2020-07-01,2020-07-02,0001183818,director,2.0,2801.83,5603.66
AMZN,2020-07-01,2020-07-02,0001183818,director,1.0,2803.92,2803.92
AMZN,2020-07-01,2020-07-02,0001183818,director,1.0,2804.95,2804.95
AMZN,2020-07-01,2020-07-02,0001183818,director,2.0,2805.31,5610.62
AMZN,2020-07-01,2020-07-02,0001183818,director,2.0,2806.29,5612.58
AMZN,2020-07-01,2020-07-02,0001183818,director,4.0,2808.25,11233.0
AMZN,2020-07-01,2020-07-02,0001183818,director,1.0,2809.54,2809.54
AMZN,2020-07-01,2020-07-02,0001183818,director,2.0,2810.38,5620.76
AMZN,2020-07-01,2020-07-02,0001183818,director,1.0,2812.54,2812.54
AMZN,2020-07-01,2020-07-02,0001183818,director,2.0,2814.68,5629.36
AMZN,2020-07-01,2020-07-02,0001183818,director,2.0,2815.69,5631.38
AMZN,2020-07-01,2020-07-02,0001183818,director,1.0,2816.41,2816.41
AMZN,2020-07-01,2020-07-02,0001183818,director,1.0,2797.66,2797.66
AMZN,2020-07-01,2020-07-02,0001183818,director,1.0,2800.93,2800.93
AMZN,2020-07-01,2020-07-02,0001183818,director,2.0,2762.71,5525.42
AMZN,2020-07-01,2020-07-02,0001183818,director,7.0,2763.37,19343.59
AMZN,2020-07-01,2020-07-02,0001183818,director,3.0,2765.45,8296.35
AMZN,2020-07-01,2020-07-02,0001183818,director,1.0,2766.56,2766.56
AMZN,2020-07-01,2020-07-02,0001183818,director,5.0,2767.41,13837.05
AMZN,2020-07-01,2020-07-02,0001183818,director,4.0,2768.34,11073.36
AMZN,2020-07-01,2020-07-02,0001183818,director,1.0,2769.16,2769.16
AMZN,2020-07-01,2020-07-02,0001183818,director,3.0,2770.39,8311.17
AMZN,2020-07-01,2020-07-02,0001183818,director,3.0,2773.31,8319.93
AMZN,2020-07-01,2020-07-02,0001183818,director,1.0,2773.99,2773.99
AMZN,2020-07-01,2020-07-02,0001183818,director,1.0,2776.29,2776.29
AMZN,2020-07-01,2020-07-02,0001183818,director,2.0,2777.41,5554.82
AMZN,2020-07-01,2020-07-02,0001183818,director,3.0,2778.67,8336.01
AMZN,2020-07-01,2020-07-02,0001183818,director,1.0,2779.24,2779.24
AMZN,2020-07-01,2020-07-02,0001183818,director,1.0,2782.8,2782.8
AMZN,2020-07-01,2020-07-02,0001183818,director,2.0,2783.5,5567.0
AMZN,2020-07-01,2020-07-02,0001183818,director,3.0,2784.41,8353.23
AMZN,2020-07-01,2020-07-02,0001183818,director,1.0,2785.01,2785.01
AMZN,2020-07-01,2020-07-02,0001183818,director,1.0,2786.08,2786.08
AMZN,2020-07-01,2020-07-02,0001183818,director,3.0,2788.29,8364.87
AMZN,2020-07-01,2020-07-02,0001183818,director,3.0,2789.56,8368.68
AMZN,2020-07-01,2020-07-02,0001183818,director,1.0,2790.83,2790.83
AMZN,2020-07-01,2020-07-02,0001183818,director,3.0,2791.49,8374.47
AMZN,2020-07-01,2020-07-02,0001183818,director,6.0,2792.2,16753.2
AMZN,2020-07-01,2020-07-02,0001183818,director,2.0,2794.35,5588.7
AMZN,2020-07-01,2020-07-02,0001183818,director,1.0,2761.48,2761.48
AMZN,2020-07-01,2020-07-02,0001183818,director,1.0,2760.5,2760.5
AMZN,2020-07-01,2020-07-02,0001183818,director,3.0,2758.02,8274.06
AMZN,2020-07-01,2020-07-02,0001183818,director,5.0,2759.56,13797.8
AMZN,2020-10-01,2020-10-05,0001183818,director,1.0,3206.88,3206.88
AMZN,2020-10-01,2020-10-05,0001183818,director,1.0,3213.27,3213.27
AMZN,2020-10-01,2020-10-05,0001183818,director,1.0,3209.5,3209.5
AMZN,2020-10-01,2020-10-05,0001183818,director,2.0,3208.47,6416.94
AMZN,2020-10-01,2020-10-05,0001183818,director,3.0,3207.41,9622.23
AMZN,2020-10-01,2020-10-05,0001183818,director,8.0,3189.46,25515.68
AMZN,2020-10-01,2020-10-05,0001183818,director,4.0,3190.35,12761.4
AMZN,2020-10-01,2020-10-05,0001183818,director,7.0,3191.69,22341.83
AMZN,2020-10-01,2020-10-05,0001183818,director,2.0,3192.6,6385.2
AMZN,2020-10-01,2020-10-05,0001183818,director,3.0,3193.71,9581.13
AMZN,2020-10-01,2020-10-05,0001183818,director,6.0,3194.54,19167.24
AMZN,2020-10-01,2020-10-05,0001183818,director,4.0,3196.48,12785.92
AMZN,2020-10-01,2020-10-05,0001183818,director,5.0,3188.47,15942.35
AMZN,2020-10-01,2020-10-05,0001183818,director,1.0,3187.01,3187.01
AMZN,2020-10-01,2020-10-05,0001183818,director,4.0,3186.38,12745.52
AMZN,2020-10-01,2020-10-05,0001183818,director,3.0,3185.47,9556.41
AMZN,2020-10-01,2020-10-05,0001183818,director,1.0,3184.98,3184.98
AMZN,2020-10-01,2020-10-05,0001183818,director,1.0,3182.96,3182.96
AMZN,2020-10-01,2020-10-05,0001183818,director,3.0,3195.59,9586.77
AMZN,2020-10-01,2020-10-05,0001183818,director,2.0,3197.58,6395.16
AMZN,2020-10-01,2020-10-05,0001183818,director,7.0,3198.25,22387.75
AMZN,2020-10-01,2020-10-05,0001183818,director,3.0,3199.87,9599.61
AMZN,2020-10-01,2020-10-05,0001183818,director,2.0,3200.83,6401.66
AMZN,2020-10-01,2020-10-05,0001183818,director,1.0,3201.94,3201.94
AMZN,2020-10-01,2020-10-05,0001183818,director,6.0,3202.45,19214.7
AMZN,2020-10-01,2020-10-05,0001183818,director,2.0,3203.25,6406.5
AMZN,2020-10-01,2020-10-05,0001183818,director,4.0,3204.77,12819.08
AMZN,2020-10-01,2020-10-05,0001183818,director,4.0,3205.5,12822.0
AMZN,2020-10-01,2020-10-05,0001183818,director,1.0,3175.0,3175.0
AMZN,2020-10-01,2020-10-05,0001183818,director,1.0,3177.99,3177.99
AMZN,2020-10-01,2020-10-05,0001183818,director,1.0,3178.49,3178.49
AMZN,2020-10-01,2020-10-05,0001183818,director,3.0,3179.35,9538.05
AMZN,2020-10-01,2020-10-05,0001183818,director,1.0,3180.42,3180.42
AMZN,2020-10-01,2020-10-05,0001183818,director,2.0,3181.32,6362.64
AMZN,2023-05-25,2023-05-26,0001043298,officer_director,1.0,114.77,114.77
ANDV,2018-02-22,2018-02-26,0001708203,officer,1700.0,93.83,159511.0
ANF,2015-03-05,2015-03-09,0001012767,director,10000.0,19.86,198600.0
ANF,2015-03-05,2015-03-09,0001051395,director,10000.0,19.8,198000.0
ANF,2015-03-23,2015-03-23,0001482515,director,10000.0,22.38,223800.0
ANF,2015-03-24,2015-03-24,0001611260,director,1000.0,22.69,22690.0
ANF,2015-03-24,2015-03-24,0001611260,director,1200.0,22.56,27072.0
ANF,2015-03-25,2015-03-25,0001611242,director,2800.0,22.34,62552.0
ANF,2015-06-04,2015-06-05,0001489981,officer,10000.0,22.55,225500.0
ANF,2015-06-09,2015-06-09,0001622796,officer,45200.0,22.16,1001632.0
ANF,2015-06-22,2015-06-29,0001207106,director,10000.0,22.42,224200.0
ANF,2016-09-01,2016-09-06,0001207106,director,10000.0,17.65,176500.0
ANF,2016-09-08,2016-09-09,0001489981,officer,15000.0,17.32,259800.0
ANF,2018-06-05,2018-06-05,0001227159,director,2000.0,24.03,48060.0
ANF,2018-12-04,2018-12-04,0001227159,director,2000.0,19.72,39440.0
ANF,2019-03-08,2019-03-12,0001187789,director,2917.0,25.7,74966.9
ANF,2020-03-11,2020-03-13,0001489981,officer_director,15000.0,11.25,168750.0
ANF,2020-03-11,2020-03-13,0001489981,officer_director,15000.0,11.0,165000.0
ANF,2020-03-11,2020-03-13,0001718601,officer,2000.0,11.0,22000.0
ANF,2020-03-12,2020-03-13,0001227159,director,2000.0,10.17,20340.0
ANF,2020-03-13,2020-03-16,0001489981,officer_director,15000.0,10.46,156900.0
ANF,2021-03-15,2021-03-17,0001810935,director,2170.0,34.61,75103.7
ANF,2021-08-27,2021-08-31,0001810935,director,700.0,35.93,25151.0
ANF,2021-09-02,2021-09-02,0001227159,director,1000.0,35.17,35170.0
APA,2015-08-26,2015-08-27,0001634257,officer,6000.0,39.54,237240.0
APA,2015-08-26,2015-08-27,0001530818,director,5000.0,39.9,199500.0
APA,2015-08-26,2015-08-27,0001276257,officer,2500.0,39.5,98750.0
APA,2015-08-27,2015-08-31,0001212866,officer,1115.0,42.0,46830.0
APA,2016-11-07,2016-11-09,0001234262,director,2132.0,57.65,122909.8
APA,2016-11-09,2016-11-09,0001355799,director,15000.0,58.02,870300.0
APA,2017-05-15,2017-05-16,0001015884,director,10000.0,51.38,513800.0
APA,2017-08-07,2017-08-08,0001234262,director,2500.0,44.9,112250.0
APA,2017-08-11,2017-08-14,0001241884,director,1000.0,42.4,42400.0
APA,2017-08-11,2017-08-14,0001241039,director,900.0,42.49,38241.0
APA,2017-08-17,2017-08-17,0001234262,director,2000.0,40.32,80640.0
APA,2017-08-23,2017-08-24,0001241884,director,100.0,39.63,3963.0
APA,2017-12-13,2017-12-14,0001234262,director,3000.0,40.02,120060.0
APA,2018-03-02,2018-03-02,0001234262,director,2500.0,33.8,84500.0
APA,2018-06-05,2018-06-05,0001234262,director,2500.0,38.35,95875.0
APA,2018-08-27,2018-08-29,0001276258,officer_director,3900.0,43.63,170157.0
APA,2018-08-27,2018-08-29,0001634257,officer,6300.0,43.51,274113.0
APA,2019-05-07,2019-05-07,0001234262,director,5000.0,30.25,151250.0
APA,2019-05-24,2019-05-28,0001754868,director,3500.0,27.26,95410.0
APA,2019-05-31,2019-06-03,0001439155,officer,2000.0,25.92,51840.0
APA,2019-08-07,2019-08-07,0001234262,director,5000.0,21.83,109150.0
APA,2020-04-06,2020-04-07,0001015827,officer,32942.0,5.69,187439.98
APA,2021-03-12,2021-03-12,0001754868,director,4545.0,22.05,100217.25
APA,2022-02-24,2022-02-24,0001634257,officer,6300.0,31.47,198261.0
APA,2022-02-25,2022-02-28,0001355799,director,40000.0,32.92,1316800.0
APA,2024-12-12,2024-12-12,0001754868,director,4391.0,22.78,100026.98
APA,2025-04-03,2025-04-03,0001355799,director,75000.0,18.25,1368750.0
APD,2015-02-18,2015-02-19,0001334296,officer,26300.0,153.26,4030738.0
APD,2015-02-18,2015-02-19,0001334296,officer,700.0,153.81,107667.0
APD,2015-05-01,2015-05-04,0001334296,officer,12900.0,145.38,1875402.0
APD,2015-05-01,2015-05-04,0001334296,officer,7100.0,146.22,1038162.0
APD,2015-07-31,2015-08-03,0001334296,officer,20000.0,143.26,2865200.0
APD,2015-08-21,2015-08-24,0001519239,officer,1000.0,138.38,138380.0
APD,2015-08-24,2015-08-25,0001334296,officer,20000.0,134.71,2694200.0
APD,2015-08-24,2015-08-25,0001519239,officer,1000.0,132.84,132840.0
APD,2015-08-25,2015-08-26,0001458877,officer,222.54,134.81,30000.62
APD,2015-08-25,2015-08-26,0001648779,director,400.0,137.17,54868.0
APD,2015-11-20,2015-11-23,0001334296,officer,20000.0,139.93,2798600.0
APD,2016-02-01,2016-02-01,0001334296,officer,16495.0,126.78,2091236.1
APD,2016-02-01,2016-02-01,0001334296,officer,3100.0,127.53,395343.0
APD,2016-02-01,2016-02-01,0001334296,officer,30405.0,126.0,3831030.0
APD,2018-11-12,2018-11-13,0001334296,officer,20000.0,160.11,3202200.0
APD,2018-11-13,2018-11-14,0001648779,director,100.0,159.79,15979.0
APD,2018-11-13,2018-11-14,0001648779,director,100.0,159.72,15972.0
APD,2019-07-26,2019-07-26,0001334296,officer,20000.0,227.16,4543200.0
APD,2020-01-29,2020-01-29,0001183480,director,200.0,237.6,47520.0
APD,2021-11-05,2021-11-05,0001876146,director,1637.0,305.61,500283.57
APD,2021-11-09,2021-11-09,0001183480,director,80.0,314.49,25159.2
APD,2021-11-22,2021-11-23,0001876146,director,1679.0,297.76,499939.04
APD,2023-11-08,2023-11-08,0001334296,officer,10000.0,252.34,2523400.0
APD,2023-11-13,2023-11-13,0001334296,officer,11000.0,264.42,2908620.0
APD,2025-04-02,2025-11-21,0001338158,director,5.0,294.96,1474.8
AVGO,2018-04-13,2018-04-17,0001735863,director,99517.0,247.5,24630457.5
AVGO,2018-04-13,2018-04-17,0001415357,director,99517.0,247.5,24630457.5
AVGO,2018-04-13,2018-04-17,0001737657,director,99517.0,247.5,24630457.5
AVGO,2018-04-13,2018-04-17,0001737659,director,99517.0,247.5,24630457.5
AVGO,2018-04-13,2018-04-17,0001418226,director,99517.0,247.5,24630457.5
AVGO,2018-04-13,2018-04-17,0001737652,director,99517.0,247.5,24630457.5
AVGO,2018-04-13,2018-04-17,0001735863,director,1424.0,247.5,352440.0
AVGO,2018-04-13,2018-04-17,0001415357,director,1424.0,247.5,352440.0
AVGO,2018-04-13,2018-04-17,0001737657,director,1424.0,247.5,352440.0
AVGO,2018-04-13,2018-04-17,0001737659,director,1424.0,247.5,352440.0
AVGO,2018-04-13,2018-04-17,0001418226,director,1424.0,247.5,352440.0
AVGO,2018-04-13,2018-04-17,0001737652,director,1424.0,247.5,352440.0
AVGO,2018-04-13,2018-04-17,0001735863,director,121864.0,248.33,30262487.12
AVGO,2018-04-13,2018-04-17,0001415357,director,121864.0,248.33,30262487.12
AVGO,2018-04-13,2018-04-17,0001737657,director,121864.0,248.33,30262487.12
AVGO,2018-04-13,2018-04-17,0001737659,director,121864.0,248.33,30262487.12
AVGO,2018-04-13,2018-04-17,0001418226,director,121864.0,248.33,30262487.12
AVGO,2018-04-13,2018-04-17,0001737652,director,121864.0,248.33,30262487.12
AVGO,2018-04-13,2018-04-17,0001735863,director,1744.0,248.33,433087.52
AVGO,2018-04-13,2018-04-17,0001415357,director,1744.0,248.33,433087.52
AVGO,2018-04-13,2018-04-17,0001737657,director,1744.0,248.33,433087.52
AVGO,2018-04-13,2018-04-17,0001737659,director,1744.0,248.33,433087.52
AVGO,2018-04-13,2018-04-17,0001418226,director,1744.0,248.33,433087.52
AVGO,2018-04-13,2018-04-17,0001737652,director,1744.0,248.33,433087.52
AVGO,2018-04-13,2018-04-17,0001735863,director,65947.0,249.17,16432013.99
AVGO,2018-04-13,2018-04-17,0001415357,director,65947.0,249.17,16432013.99
AVGO,2018-04-13,2018-04-17,0001737657,director,65947.0,249.17,16432013.99
AVGO,2018-04-13,2018-04-17,0001737659,director,65947.0,249.17,16432013.99
AVGO,2018-04-13,2018-04-17,0001418226,director,65947.0,249.17,16432013.99
AVGO,2018-04-13,2018-04-17,0001737652,director,65947.0,249.17,16432013.99
AVGO,2018-04-13,2018-04-17,0001735863,director,681.0,246.38,167784.78
AVGO,2018-04-13,2018-04-17,0001415357,director,681.0,246.38,167784.78
AVGO,2018-04-13,2018-04-17,0001737657,director,681.0,246.38,167784.78
AVGO,2018-04-13,2018-04-17,0001737659,director,681.0,246.38,167784.78
AVGO,2018-04-13,2018-04-17,0001418226,director,681.0,246.38,167784.78
AVGO,2018-04-13,2018-04-17,0001737652,director,681.0,246.38,167784.78
AVGO,2018-04-13,2018-04-17,0001735863,director,943.0,249.17,234967.31
AVGO,2018-04-13,2018-04-17,0001415357,director,943.0,249.17,234967.31
AVGO,2018-04-13,2018-04-17,0001737657,director,943.0,249.17,234967.31
AVGO,2018-04-13,2018-04-17,0001737659,director,943.0,249.17,234967.31
AVGO,2018-04-13,2018-04-17,0001418226,director,943.0,249.17,234967.31
AVGO,2018-04-13,2018-04-17,0001737652,director,943.0,249.17,234967.31
AVGO,2018-04-13,2018-04-17,0001735863,director,47594.0,246.38,11726209.72
AVGO,2018-04-13,2018-04-17,0001415357,director,47594.0,246.38,11726209.72
AVGO,2018-04-13,2018-04-17,0001737657,director,47594.0,246.38,11726209.72
AVGO,2018-04-13,2018-04-17,0001737659,director,47594.0,246.38,11726209.72
AVGO,2018-04-13,2018-04-17,0001418226,director,47594.0,246.38,11726209.72
AVGO,2018-04-13,2018-04-17,0001737652,director,47594.0,246.38,11726209.72
AVGO,2018-04-13,2018-04-17,0001735863,director,71.0,245.5,17430.5
AVGO,2018-04-13,2018-04-17,0001415357,director,71.0,245.5,17430.5
AVGO,2018-04-13,2018-04-17,0001737657,director,71.0,245.5,17430.5
AVGO,2018-04-13,2018-04-17,0001737659,director,71.0,245.5,17430.5
AVGO,2018-04-13,2018-04-17,0001418226,director,71.0,245.5,17430.5
AVGO,2018-04-13,2018-04-17,0001737652,director,71.0,245.5,17430.5
AVGO,2018-04-13,2018-04-17,0001735863,director,4976.0,245.5,1221608.0
AVGO,2018-04-13,2018-04-17,0001415357,director,4976.0,245.5,1221608.0
AVGO,2018-04-13,2018-04-17,0001737657,director,4976.0,245.5,1221608.0
AVGO,2018-04-13,2018-04-17,0001737659,director,4976.0,245.5,1221608.0
AVGO,2018-04-13,2018-04-17,0001418226,director,4976.0,245.5,1221608.0
AVGO,2018-04-13,2018-04-17,0001737652,director,4976.0,245.5,1221608.0
AVGO,2020-09-09,2020-09-11,0001106627,director,84.0,358.11,30081.24
AVGO,2020-09-10,2020-09-11,0001106627,director,83.0,363.0,30129.0
AVGO,2020-09-18,2020-09-21,0001201633,director,101740.0,361.45,36773923.0
AVGO,2020-12-15,2020-12-17,0001106627,director,120.0,416.8,50016.0
AVGO,2021-03-10,2021-03-12,0001106627,director,91.0,436.84,39752.44
AVGO,2021-09-21,2021-09-23,0001106627,director,151.0,493.49,74516.99
AVGO,2021-09-29,2021-10-01,0001106627,director,152.0,489.54,74410.08
AVGO,2021-12-14,2021-12-16,0001106627,director,81.0,612.61,49621.41
AVGO,2021-12-15,2021-12-16,0001106627,director,81.0,615.0,49815.0
AVGO,2021-12-16,2021-12-17,0001106627,director,79.0,629.0,49691.0
AVGO,2021-12-16,2021-12-17,0001106627,director,80.0,625.0,50000.0
AVGO,2022-03-08,2022-03-10,0001106627,director,34.0,579.53,19704.02
AVGO,2022-03-09,2022-03-10,0001106627,director,66.0,588.79,38860.14
AVGO,2022-03-10,2022-03-14,0001106627,director,34.0,585.0,19890.0
AVGO,2022-03-10,2022-03-14,0001106627,director,34.0,580.0,19720.0
AVGO,2023-09-06,2023-09-08,0001692615,director,11000.0,872.03,9592330.0
AVGO,2023-09-15,2023-09-19,0001432602,director,1000.0,858.96,858960.0
AVGO,2025-09-08,2025-09-10,0001432602,director,2050.0,344.78,706799.0
AVGO,2025-09-09,2025-09-10,0001432602,director,1000.0,339.39,339390.0
AVGO,2025-09-10,2025-09-10,0001432602,director,500.0,363.38,181690.0
AVGO,2025-12-18,2025-12-22,0001432602,director,1000.0,325.13,325130.0
AXP,2015-02-26,2015-02-27,0001196907,officer,25000.0,83.21,2080250.0
AXP,2015-05-20,2015-05-21,0001185243,director,13585.0,80.98,1100113.3
AXP,2016-01-26,2016-01-28,0001185243,director,18040.0,55.51,1001400.4
AXP,2017-02-22,2017-02-23,0001485472,director,4000.0,79.74,318960.0
AXP,2018-05-07,2018-05-08,0001709683,director,27778.0,0.28,7777.84
AXP,2018-09-03,2018-09-04,0001424842,officer,350000.0,0.28,98000.0
AXP,2020-02-11,2020-02-13,0001397863,director,1000.0,132.87,132870.0
AXP,2022-11-08,2022-11-10,0001847217,director,1000.0,149.27,149270.0
AXP,2023-09-15,2026-03-13,0001788395,officer,9.0,162.94,1466.46
AXP,2023-09-27,2026-03-13,0001788395,officer,2.0,150.01,300.02
AXP,2023-10-17,2026-03-13,0001788395,officer,1.0,154.37,154.37
AXP,2023-10-24,2023-10-25,0001847217,director,1000.0,143.93,143930.0
AXP,2023-12-06,2026-03-13,0001788395,officer,5.0,168.52,842.6
AXP,2023-12-07,2026-03-13,0001788395,officer,2.0,169.11,338.22
AXP,2024-02-23,2026-03-13,0001788395,officer,2.0,214.64,429.28
AXP,2025-03-07,2025-03-11,0001393014,director,3700.0,269.89,998593.0
AXP,2025-04-09,2026-03-13,0001788395,officer,2.0,261.56,523.12
BA,2016-05-03,2016-05-05,0001183428,director,1850.0,132.15,244477.5
BA,2016-08-01,2016-08-03,0001183428,director,1871.0,133.89,250508.19
BA,2020-08-05,2020-08-07,0001434806,director,1152.0,173.36,199710.72
BA,2022-02-01,2022-02-03,0001434806,director,480.0,208.39,100027.2
BA,2022-02-14,2022-02-16,0001202886,director,5000.0,208.91,1044550.0
BA,2022-11-04,2022-11-08,0001233152,officer_director,5634.0,159.96,901214.64
BA,2022-11-04,2022-11-08,0001233152,officer_director,5700.0,159.28,907896.0
BA,2022-11-04,2022-11-08,0001233152,officer_director,13666.0,158.27,2162917.82
BA,2022-11-04,2022-11-08,0001434806,director,1285.0,157.09,201860.65
BA,2023-07-31,2023-08-02,0001434806,director,850.0,237.0,201450.0
BA,2025-08-19,2025-08-21,0002041310,director,2200.0,226.1,497420.0
BA,2025-11-24,2025-11-25,0001256891,officer,554.0,178.89,99105.06
BA,2026-03-03,2026-03-05,0002041310,director,2230.0,224.2,499966.0
BAC,2016-02-16,2016-02-16,0001166100,director,75000.0,12.32,924000.0
BAC,2016-02-22,2016-02-22,0001618734,officer,30000.0,12.43,372900.0
BAC,2016-08-02,2016-08-03,0001672532,director,25000.0,14.13,353250.0
BAC,2016-11-21,2016-11-23,0001219007,director,25000.0,20.14,503500.0
BAC,2017-04-27,2017-04-28,0001672532,director,25000.0,23.81,595250.0
BAC,2023-11-01,2023-11-03,0001672532,director,25000.0,26.25,656250.0
BAX,2013-10-15,2015-01-26,0001205438,director,290.0,66.5,19285.0
BAX,2013-12-05,2015-01-26,0001205438,director,124.0,67.02,8310.48
BAX,2014-02-27,2015-01-26,0001205438,director,96.0,68.54,6579.84
BAX,2014-03-20,2015-01-26,0001205438,director,81.0,67.39,5458.59
BAX,2014-03-25,2015-01-26,0001205438,director,55.0,68.0,3740.0
BAX,2014-04-24,2015-01-26,0001205438,director,50.0,72.38,3619.0
BAX,2016-05-23,2016-05-24,0001216761,officer_director,11691.0,42.75,499790.25
BAX,2020-03-30,2020-04-01,0001500332,officer,9780.0,82.19,803818.2
BBY,2021-12-03,2021-12-03,0001337160,director,20000.0,104.47,2089400.0
BBY,2022-01-12,2022-04-06,0001777085,director,2.0,102.69,205.38
BBY,2022-03-17,2022-04-06,0001777085,director,8.0,99.29,794.32
BBY,2025-03-12,2025-03-13,0001676999,officer_director,13500.0,72.92,984420.0
BDX,2018-04-13,2019-05-30,0001261141,director,285.0,225.89,64378.65
BDX,2018-05-07,2018-05-09,0001451646,director,500.0,225.07,112535.0
BDX,2018-06-22,2019-05-30,0001261141,director,45.0,239.01,10755.45
BDX,2019-04-16,2019-05-30,0001261141,director,30.0,247.96,7438.8
BDX,2025-02-10,2025-02-10,0001324015,director,1500.0,233.62,350430.0
BDX,2025-08-11,2025-08-11,0001225946,director,5250.0,191.57,1005742.5
BIIB,2015-07-27,2015-07-27,0001202098,director,5000.0,304.78,1523900.0
BIIB,2015-07-27,2015-07-27,0001202098,director,5000.0,304.98,1524900.0
BIIB,2015-10-22,2015-10-26,0001361754,director,210000.0,277.8,58338000.0
BIIB,2015-10-23,2015-10-26,0001361754,director,100000.0,276.77,27677000.0
BIIB,2017-02-27,2017-03-01,0001672709,officer_director,1333.0,285.39,380424.87
BIIB,2017-04-27,2017-05-01,0001361754,director,15000.0,278.58,4178700.0
BIIB,2017-04-27,2017-05-01,0001361754,director,58858.0,278.48,16390775.84
BIIB,2017-05-01,2017-05-02,0001672709,officer_director,1402.0,271.35,380432.7
BIIB,2017-11-28,2017-11-30,0001361754,director,20000.0,316.12,6322400.0
BIIB,2017-11-29,2017-11-30,0001361754,director,10000.0,319.84,3198400.0
BIIB,2017-12-29,2018-01-02,0001672709,officer_director,780.0,320.55,250029.0
BIIB,2018-04-25,2018-04-27,0001361754,director,48000.0,269.91,12955680.0
BIIB,2019-01-30,2019-02-01,0001361754,director,30000.0,324.86,9745800.0
BIIB,2019-01-31,2019-02-01,0001361754,director,25800.0,330.52,8527416.0
BIIB,2019-02-01,2019-02-01,0001361754,director,7000.0,328.45,2299150.0
BIIB,2019-04-30,2019-05-02,0001361754,director,50342.0,229.25,11540903.5
BIIB,2019-05-01,2019-05-02,0001361754,director,30000.0,229.46,6883800.0
BIIB,2019-05-01,2019-05-02,0001672709,officer_director,4351.0,231.48,1007169.48
BIIB,2019-05-02,2019-05-02,0001361754,director,38000.0,231.24,8787120.0
BIIB,2020-11-30,2020-12-01,0001672709,officer_director,3100.0,241.31,748061.0
BIIB,2021-02-09,2021-02-10,0001777331,director,898.0,267.0,239766.0
BIIB,2024-02-15,2024-02-20,0001318886,director,455.0,222.54,101255.7
BIIB,2025-05-02,2025-05-05,0001181174,director,1235.0,122.72,151559.2
BIIB,2026-02-12,2026-02-17,0001910644,officer,3.0,195.04,585.12
BKR,2019-09-11,2023-12-19,0001466308,director,4000.0,22.34,89360.0
BKR,2020-02-24,2020-02-24,0001709160,officer_director,15368.0,19.49,299522.32
BKR,2020-02-26,2020-02-26,0001466308,director,5000.0,17.8,89000.0
BKR,2020-02-26,2020-02-26,0001709183,officer,3000.0,18.05,54150.0
BKR,2020-02-26,2020-02-26,0001709160,officer_director,11254.0,17.74,199645.96
BKR,2020-09-02,2020-09-02,0001709160,officer_director,71275.0,14.12,1006403.0
BKR,2022-07-21,2022-07-25,0001531769,director,10000.0,24.39,243900.0
BLK,2016-10-27,2016-10-31,0001198053,director,1200.0,341.11,409332.0
BLK,2018-01-17,2018-01-19,0001225176,director,200.0,573.0,114600.0
BLK,2018-01-17,2018-01-19,0001225176,director,818.0,575.26,470562.68
BLK,2018-01-17,2018-01-19,0001225176,director,600.0,571.66,342996.0
BLK,2018-01-17,2018-01-19,0001225176,director,800.0,570.76,456608.0
BLK,2018-01-17,2018-01-19,0001225176,director,1443.0,574.69,829277.67
BLK,2018-05-09,2018-05-10,0001193345,director,1000.0,530.95,530950.0
BLK,2018-07-18,2018-07-18,0001193345,director,1000.0,507.98,507980.0
BLK,2018-08-02,2018-08-02,0001193345,director,1000.0,467.92,467920.0
BLK,2018-10-17,2018-10-18,0001193345,director,2000.0,409.59,819180.0
BLK,2018-10-22,2018-10-22,0001193345,director,2000.0,395.21,790420.0
BLK,2022-04-14,2022-04-18,0001193345,director,1000.0,701.0,701000.0
BLK,2022-04-18,2022-04-18,0001193345,director,2000.0,681.44,1362880.0
BMY,2017-02-27,2017-03-01,0001688276,director,12000.0,56.77,681240.0
BMY,2017-08-02,2017-08-03,0001688276,director,6000.0,55.94,335640.0
BMY,2017-12-15,2017-12-18,0001688276,director,4000.0,62.3,249200.0
BMY,2018-04-30,2018-05-02,0001360224,director,4770.0,52.4,249948.0
BMY,2019-05-16,2019-05-20,0001688276,director,5000.0,47.29,236450.0
BMY,2019-07-31,2019-08-01,0001270263,director,11000.0,44.72,491920.0
BMY,2019-12-04,2020-06-09,0001219016,director,88.0,58.9,5183.2
BMY,2020-06-15,2020-06-16,0001360224,director,9174.0,54.5,499983.0
BMY,2023-11-20,2023-11-21,0001688276,director,8500.0,49.81,423385.0
BMY,2023-11-28,2023-11-30,0001543747,officer,3071.0,48.86,150049.06
BMY,2023-12-05,2023-12-07,0001543747,officer,2000.0,49.78,99560.0
BMY,2024-11-01,2024-11-05,0001781290,officer,1830.0,54.68,100064.4
BMY,2025-02-14,2025-02-19,0001781290,officer,1823.49,54.84,100000.19
BMY,2025-02-20,2025-02-21,0001543747,officer_director,2000.0,55.05,110100.0
BMY,2025-04-25,2025-04-29,0001781290,officer,4250.0,47.58,202215.0
BSX,2016-02-12,2016-02-16,0001400563,director,30000.0,16.49,494700.0
BSX,2017-04-24,2018-07-02,0001458974,director,29.0,25.52,740.08
BSX,2017-06-16,2018-07-02,0001458974,director,30.0,27.8,834.0
BSX,2017-09-01,2018-07-02,0001458974,director,13.0,27.5,357.5
BSX,2021-11-15,2021-11-16,0001268489,director,25000.0,41.98,1049500.0
BSX,2024-12-03,2025-02-13,0001484186,officer,50.0,90.29,4514.5
C,2015-08-24,2015-08-26,0001204673,director,28700.0,50.16,1439592.0
C,2016-01-22,2016-01-22,0001204673,director,25000.0,41.01,1025250.0
C,2016-01-22,2016-01-22,0001462790,officer_director,25000.0,41.05,1026250.0
C,2016-01-25,2020-09-04,0001664542,director,350.0,40.12,14042.0
C,2016-01-25,2020-09-04,0001664542,director,620.0,40.12,24874.4
C,2016-01-25,2020-09-04,0001664542,director,1180.0,40.07,47282.6
C,2016-01-26,2020-09-04,0001664542,director,100.0,40.49,4049.0
C,2016-02-08,2020-09-04,0001664542,director,600.0,37.96,22776.0
C,2016-02-09,2016-02-11,0001321140,officer,13000.0,37.62,489060.0
C,2016-02-11,2016-02-12,0001433837,officer,1000.0,912.5,912500.0
C,2016-02-11,2016-02-12,0001433990,officer,4170.0,24.08,100413.6
C,2016-02-11,2016-02-12,0001433990,officer,5700.0,35.04,199728.0
C,2016-02-19,2020-09-04,0001664542,director,350.0,38.51,13478.5
C,2016-02-24,2020-09-04,0001664542,director,230.0,36.98,8505.4
C,2018-01-22,2020-09-04,0001664542,director,975.0,78.22,76264.5
C,2018-03-23,2020-09-04,0001664542,director,340.0,68.57,23313.8
C,2019-02-07,2020-09-04,0001664542,director,3100.0,62.45,193595.0
C,2020-10-14,2020-10-16,0001385286,director,10000.0,44.09,440900.0
CAG,2018-10-12,2018-10-12,0001235321,officer,2836.0,35.25,99969.0
CAG,2018-10-12,2018-10-12,0001450656,officer_director,14184.0,35.25,499986.0
CAG,2018-10-12,2018-10-12,0001190838,director,7092.0,35.25,249993.0
CAG,2019-04-16,2019-04-18,0001336059,director,1600.0,30.06,48096.0
CAG,2019-04-16,2019-04-18,0001256987,director,10000.0,29.99,299900.0
CAG,2019-06-28,2019-07-02,0001190594,director,25000.0,26.73,668250.0
CAG,2019-12-31,2020-01-03,0001190594,director,25550.0,33.98,868189.0
CAG,2020-01-02,2020-01-03,0001190594,director,14450.0,34.0,491300.0
CAG,2021-01-08,2021-01-11,0001139497,director,10000.0,33.7,337000.0
CAG,2021-07-15,2021-07-16,0001139497,director,10000.0,34.14,341400.0
CAG,2022-07-25,2022-07-26,0001243776,director,30000.0,34.06,1021800.0
CAG,2023-10-09,2023-10-10,0001139497,director,9238.0,27.31,252289.78
CAG,2025-10-07,2025-10-09,0001190838,director,10000.0,18.72,187200.0
CAH,2015-08-06,2015-08-07,0001101124,director,1000.0,86.41,86410.0
CAH,2015-08-06,2015-08-07,0001101124,director,400.0,86.41,34564.0
CAH,2021-10-15,2023-08-08,0001754463,officer,212.0,48.88,10362.56
CAH,2022-01-18,2023-08-08,0001754463,officer,112.0,53.12,5949.44
CAH,2022-11-10,2022-11-10,0001827353,director,150.0,79.74,11961.0
CAH,2022-11-14,2022-11-16,0001827353,director,200.0,76.3,15260.0
CAH,2022-11-15,2022-11-16,0001827353,director,200.0,74.72,14944.0
CAT,2016-02-12,2016-02-17,0001608229,officer,2600.0,62.2,161720.0
CAT,2016-02-12,2016-02-17,0001608229,officer,900.0,62.2,55980.0
CAT,2016-04-26,2016-04-28,0001233152,director,25000.0,77.44,1936000.0
CAT,2016-05-09,2016-05-09,0001471763,director,1128.0,71.01,80099.28
CAT,2016-07-29,2016-08-02,0001471763,director,1930.0,82.75,159707.5
CAT,2017-02-21,2017-02-23,0001694342,officer,1000.0,99.32,99320.0
CAT,2018-05-14,2018-05-15,0001233152,director,5000.0,155.37,776850.0
CAT,2018-10-26,2018-10-30,0001694342,officer,1080.0,115.58,124826.4
CAT,2021-05-05,2021-05-06,0001498535,director,420.0,237.86,99901.2
CAT,2021-08-04,2021-08-05,0001498535,director,500.0,206.2,103100.0
CAT,2022-02-07,2022-02-09,0001498535,director,480.0,199.5,95760.0
CAT,2022-05-05,2022-05-06,0001498535,director,600.0,219.82,131892.0
CAT,2023-02-17,2023-02-21,0001498535,director,400.0,249.29,99716.0
CAT,2024-02-23,2024-02-26,0001498535,director,350.0,323.37,113179.5
CAT,2024-05-03,2024-05-06,0001498535,director,500.0,337.39,168695.0
CAT,2024-05-20,2024-05-22,0001772226,director,100.0,356.4,35640.0
CAT,2024-09-04,2024-09-05,0001772226,director,100.0,338.59,33859.0
CAT,2024-12-04,2024-12-05,0001772226,director,100.0,398.57,39857.0
CAT,2025-02-04,2025-02-05,0001772226,director,100.0,365.57,36557.0
CAT,2025-05-02,2025-05-05,0001772226,director,100.0,318.48,31848.0
CAT,2025-05-07,2025-05-08,0001498535,director,375.0,320.7,120262.5
CAT,2025-11-06,2025-11-06,0001498535,director,300.0,568.86,170658.0
CC,2015-09-04,2015-09-09,0001524597,officer,5100.0,9.27,47277.0
CC,2015-09-04,2015-09-08,0001474107,officer_director,72600.0,9.25,671550.0
CC,2015-09-04,2015-09-08,0001645179,officer,5000.0,9.0,45000.0
CC,2015-09-04,2015-09-08,0001229313,director,5000.0,9.23,46150.0
CC,2015-09-04,2015-09-08,0001229313,director,2000.0,9.06,18120.0
CC,2015-09-08,2015-09-10,0001645201,officer,11000.0,9.11,100210.0
CC,2015-09-09,2015-09-09,0001524597,officer,5500.0,9.37,51535.0
CC,2015-09-10,2015-09-14,0001645181,officer,5000.0,9.25,46250.0
CC,2015-09-10,2015-09-14,0001645201,officer,10100.0,9.39,94839.0
CC,2015-09-11,2015-09-14,0001645181,officer,400.0,9.15,3660.0
CC,2015-09-14,2015-09-16,0001645180,officer,8000.0,8.89,71120.0
CC,2015-11-23,2015-11-25,0001645180,officer,15000.0,5.99,89850.0
CC,2015-11-23,2015-11-25,0001645199,officer,15000.0,6.0,90000.0
CC,2016-02-26,2016-02-29,0001229313,director,5000.0,5.01,25050.0
CC,2016-02-26,2016-02-29,0001229313,director,5000.0,4.88,24400.0
CC,2016-05-04,2016-05-06,0001190859,director,10000.0,9.65,96500.0
CC,2016-05-13,2016-05-17,0001524597,officer,1500.0,9.71,14565.0
CC,2016-05-13,2016-05-17,0001524597,officer,1300.0,9.7,12610.0
CC,2017-05-03,2017-05-05,0001120652,director,2500.0,39.1,97750.0
CC,2018-12-03,2018-12-04,0001120652,director,10000.0,28.6,286000.0
CC,2019-05-16,2019-05-20,0001104268,director,1044.0,23.91,24962.04
CC,2019-05-16,2019-05-20,0001190859,director,5000.0,24.06,120300.0
CC,2019-05-17,2019-05-20,0001568507,officer,6500.0,23.06,149890.0
CC,2019-06-10,2019-06-10,0001474107,officer_director,44000.0,23.17,1019480.0
CC,2019-08-05,2019-08-06,0001645179,officer,15000.0,13.82,207300.0
CC,2019-08-05,2019-08-06,0001190859,director,5000.0,14.67,73350.0
CC,2019-08-05,2019-08-06,0001032097,director,3500.0,14.15,49525.0
CC,2019-08-06,2019-08-06,0001645180,officer,12000.0,13.77,165240.0
CC,2019-08-07,2019-08-08,0001104268,director,1790.0,13.99,25042.1
CC,2019-09-11,2019-09-13,0001524597,officer,20000.0,16.42,328400.0
CC,2020-03-02,2020-03-04,0001120652,director,7500.0,14.06,105450.0
CC,2020-03-13,2020-03-16,0001645180,officer,11000.0,10.15,111650.0
CC,2020-05-07,2020-05-08,0001524597,officer,1500.0,11.62,17430.0
CC,2020-05-07,2020-05-08,0001524597,officer,1000.0,11.62,11620.0
CC,2023-06-09,2023-06-12,0001524597,officer_director,7661.0,34.63,265300.43
CC,2025-05-19,2025-05-21,0001576686,officer,4450.0,11.28,50196.0
CC,2025-06-02,2025-06-04,0001836397,officer,13400.0,9.22,123548.0
CC,2025-06-03,2025-06-04,0001836397,officer,7822.0,9.95,77828.9
CC,2025-08-08,2025-08-12,0001848475,officer_director,4068.0,12.06,49060.08
CCI,2015-06-10,2015-06-10,0001600658,director,12200.0,82.32,1004304.0
CCI,2016-05-05,2016-05-06,0001659266,officer,55.0,88.33,4858.15
CCI,2016-05-05,2016-05-06,0001659266,officer,113.0,87.88,9930.44
CCI,2016-11-14,2016-11-15,0001507363,director,2500.0,81.84,204600.0
CCI,2016-11-14,2016-11-15,0001659266,officer,1248.0,80.19,100077.12
CCI,2016-11-14,2016-11-15,0001376754,officer,3140.0,79.74,250383.6
CCI,2017-07-28,2017-07-31,0001041216,director,26000.0,100.66,2617160.0
CCI,2017-07-28,2017-07-31,0001041216,director,4000.0,100.5,402000.0
CCI,2018-04-27,2018-04-27,0001507363,director,1979.0,101.06,199997.74
CCI,2018-06-14,2021-03-30,0001730514,director,6.0,97.87,587.22
CCI,2018-08-07,2018-08-08,0001041216,director,400.0,109.86,43944.0
CCI,2018-08-07,2018-08-08,0001041216,director,6100.0,110.14,671854.0
CCI,2018-08-07,2018-08-08,0001041216,director,1000.0,109.88,109880.0
CCI,2018-08-08,2018-08-08,0001041216,director,2000.0,110.34,220680.0
CCI,2018-08-08,2018-08-08,0001041216,director,200.0,110.14,22028.0
CCI,2018-08-08,2018-08-08,0001041216,director,200.0,110.15,22030.0
CCI,2018-10-22,2018-10-23,0001283543,director,900.0,106.19,95571.0
CCI,2018-10-23,2018-10-24,0001507363,director,5478.0,105.99,580613.22
CCI,2019-02-08,2019-02-12,0001183834,director,350.0,117.95,41282.5
CCI,2019-04-24,2019-04-25,0001041216,director,5000.0,123.1,615500.0
CCI,2019-04-24,2019-04-25,0001041216,director,8550.0,123.13,1052761.5
CCI,2019-04-24,2019-04-25,0001041216,director,100.0,123.35,12335.0
CCI,2019-04-24,2019-04-25,0001041216,director,100.0,123.35,12335.0
CCI,2019-04-24,2019-04-25,0001041216,director,2000.0,123.18,246360.0
CCI,2019-04-24,2019-04-25,0001041216,director,1600.0,123.13,197008.0
CCI,2019-04-24,2019-04-25,0001041216,director,1000.0,123.19,123190.0
CCI,2019-07-23,2019-07-25,0001041216,director,100.0,127.29,12729.0
CCI,2019-07-23,2019-07-25,0001041216,director,2000.0,127.33,254660.0
CCI,2019-07-23,2019-07-25,0001041216,director,200.0,127.25,25450.0
CCI,2019-07-23,2019-07-25,0001041216,director,2000.0,127.27,254540.0
CCI,2019-07-23,2019-07-25,0001041216,director,2000.0,127.28,254560.0
CCI,2019-07-23,2019-07-25,0001041216,director,9900.0,127.35,1260765.0
CCI,2019-07-23,2019-07-25,0001041216,director,100.0,127.18,12718.0
CCI,2019-11-12,2019-11-13,0001041216,director,1000.0,130.62,130620.0
CCI,2019-11-12,2019-11-13,0001041216,director,2000.0,130.57,261140.0
CCI,2019-11-12,2019-11-13,0001041216,director,4000.0,130.63,522520.0
CCI,2019-11-12,2019-11-13,0001041216,director,400.0,130.67,52268.0
CCI,2019-11-12,2019-11-13,0001041216,director,1500.0,130.57,195855.0
CCI,2019-11-12,2019-11-13,0001041216,director,2000.0,130.63,261260.0
CCI,2020-10-27,2020-10-28,0001041216,director,50.0,161.13,8056.5
CCI,2020-10-27,2020-10-28,0001041216,director,50.0,161.1,8055.0
CCI,2020-10-27,2020-10-28,0001041216,director,500.0,161.08,80540.0
CCI,2020-10-27,2020-10-28,0001041216,director,500.0,161.06,80530.0
CCI,2020-10-27,2020-10-28,0001041216,director,500.0,161.05,80525.0
CCI,2020-10-27,2020-10-28,0001041216,director,50.0,160.97,8048.5
CCI,2020-10-27,2020-10-28,0001041216,director,50.0,161.55,8077.5
CCI,2020-10-27,2020-10-28,0001041216,director,50.0,160.89,8044.5
CCI,2020-10-27,2020-10-28,0001041216,director,6250.0,161.22,1007625.0
CCI,2020-10-27,2020-10-28,0001041216,director,50.0,161.15,8057.5
CCI,2020-12-09,2020-12-11,0001041216,director,100.0,157.46,15746.0
CCI,2020-12-09,2020-12-11,0001041216,director,100.0,157.22,15722.0
CCI,2020-12-09,2020-12-11,0001041216,director,100.0,157.48,15748.0
CCI,2020-12-09,2020-12-11,0001041216,director,50.0,157.9,7895.0
CCI,2020-12-09,2020-12-11,0001041216,director,50.0,157.89,7894.5
CCI,2020-12-09,2020-12-11,0001041216,director,200.0,157.6,31520.0
CCI,2020-12-09,2020-12-11,0001041216,director,100.0,157.02,15702.0
CCI,2020-12-09,2020-12-11,0001041216,director,200.0,157.59,31518.0
CCI,2020-12-09,2020-12-11,0001041216,director,200.0,157.61,31522.0
CCI,2020-12-10,2020-12-11,0001041216,director,1000.0,157.02,157020.0
CCI,2021-02-01,2021-02-01,0001834017,director,2000.0,164.15,328300.0
CCI,2021-02-09,2021-02-11,0001611473,director,1500.0,163.03,244545.0
CCI,2021-02-26,2021-03-02,0001041216,director,65.0,158.75,10318.75
CCI,2021-02-26,2021-03-02,0001041216,director,100.0,158.43,15843.0
CCI,2021-02-26,2021-03-02,0001041216,director,1000.0,158.37,158370.0
CCI,2021-02-26,2021-03-02,0001041216,director,100.0,158.44,15844.0
CCI,2021-02-26,2021-03-02,0001041216,director,100.0,158.3,15830.0
CCI,2021-02-26,2021-03-02,0001041216,director,100.0,158.12,15812.0
CCI,2021-02-26,2021-03-02,0001041216,director,2600.0,158.95,413270.0
CCI,2021-02-26,2021-03-02,0001041216,director,2100.0,158.47,332787.0
CCI,2021-02-26,2021-03-02,0001041216,director,200.0,158.44,31688.0
CCI,2021-03-01,2021-03-02,0001041216,director,900.0,155.69,140121.0
CCI,2021-03-01,2021-03-02,0001041216,director,500.0,155.49,77745.0
CCI,2021-03-15,2021-03-16,0001041216,director,1180.0,160.99,189968.2
CCI,2021-05-14,2021-05-17,0001834017,director,310.0,181.53,56274.3
CCI,2021-07-26,2021-07-28,0001041216,director,4200.0,191.52,804384.0
CCI,2021-07-26,2021-07-28,0001041216,director,5000.0,191.48,957400.0
CCI,2021-07-26,2021-07-28,0001041216,director,2000.0,191.55,383100.0
CCI,2021-10-27,2021-10-29,0001834017,director,1110.0,178.66,198312.6
CCI,2022-02-22,2022-02-24,0001834017,director,2000.0,162.3,324600.0
CCI,2022-07-22,2022-07-25,0001834017,director,699.0,173.6,121346.4
CCI,2022-09-06,2024-05-02,0001691933,officer,4.0,169.46,677.84
CCI,2022-09-07,2024-05-02,0001691933,officer,11.0,172.67,1899.37
CCI,2022-09-08,2024-05-02,0001691933,officer,12.0,173.38,2080.56
CCI,2022-10-21,2022-10-24,0001611473,director,1215.0,123.78,150392.7
CCI,2022-10-24,2022-10-25,0001834017,director,2000.0,123.5,247000.0
CCI,2023-05-02,2023-05-03,0001834017,director,1000.0,118.0,118000.0
CCI,2024-01-18,2024-05-06,0001878758,director,99.0,109.32,10822.68
CCI,2024-04-02,2024-05-06,0001878758,director,18.0,103.17,1857.06
CCI,2025-05-09,2025-05-12,0001834017,director,380.0,103.27,39242.6
CDNS,2025-03-28,2026-03-04,0001165737,director,54.0,256.95,13875.3
CI,2015-12-10,2015-12-14,0001319897,director,7200.0,139.32,1003104.0
CI,2015-12-10,2015-12-14,0001319897,director,1620.0,139.49,225973.8
CI,2018-07-31,2018-08-02,0001710190,officer,2828.0,177.61,502281.08
CI,2019-03-11,2019-03-13,0001722909,officer,2000.0,163.4,326800.0
CI,2019-09-09,2019-09-09,0001318751,officer_director,32509.0,155.17,5044421.53
CI,2019-12-03,2019-12-05,0001197007,director,6100.0,195.66,1193526.0
CI,2019-12-03,2019-12-05,0001197007,director,4100.0,195.04,799664.0
CI,2020-06-15,2020-06-16,0001197007,director,5460.0,187.37,1023040.2
CI,2020-09-11,2020-09-15,0001710190,officer,1000.0,168.77,168770.0
CI,2021-08-10,2021-08-12,0001243083,director,500.0,209.89,104945.0
CI,2021-08-11,2021-08-12,0001243083,director,500.0,211.59,105795.0
CI,2025-11-03,2025-11-03,0001318751,officer_director,4134.0,241.88,999931.92
CLF,2015-02-05,2015-02-09,0001617061,director,15015.0,6.69,100450.35
CLF,2015-02-05,2015-02-09,0001181107,director,8000.0,6.35,50800.0
CLF,2015-03-02,2015-03-04,0000940858,director,7200.0,6.81,49032.0
CLF,2015-03-04,2015-03-04,0001236128,officer_director,100000.0,6.5,650000.0
CLF,2015-05-21,2015-05-26,0001423999,director,7200.0,5.0,36000.0
CLF,2015-05-21,2015-05-26,0001236128,officer_director,91852.0,5.0,459260.0
CLF,2015-05-26,2015-05-27,0000940858,director,9500.0,5.2,49400.0
CLF,2015-05-26,2015-05-27,0001236128,officer_director,108148.0,5.08,549391.84
CLF,2015-11-04,2015-11-06,0001190781,director,25000.0,3.07,76750.0
CLF,2016-05-09,2016-05-09,0001236128,officer_director,100000.0,3.04,304000.0
CLF,2016-10-28,2016-10-31,0001423999,director,2500.0,5.43,13575.0
CLF,2016-10-28,2016-10-31,0001423999,director,10000.0,5.43,54300.0
CLF,2016-10-28,2016-10-28,0001181107,director,6000.0,5.32,31920.0
CLF,2016-10-31,2016-11-01,0001106143,director,10000.0,5.49,54900.0
CLF,2016-11-01,2016-11-02,0001407047,director,1769.56,5.65,9998.01
CLF,2016-11-02,2016-11-03,0001688357,director,5000.0,5.55,27750.0
CLF,2016-11-03,2016-11-04,0001616826,director,4000.0,5.66,22640.0
CLF,2017-04-28,2017-05-02,0000940858,director,5000.0,6.86,34300.0
CLF,2017-04-28,2017-05-02,0001617061,director,7100.0,6.9,48990.0
CLF,2017-04-28,2017-05-01,0001616826,director,4000.0,6.83,27320.0
CLF,2017-04-28,2017-05-01,0001181107,director,2500.0,6.77,16925.0
CLF,2017-05-01,2017-05-03,0001688357,director,3000.0,6.55,19650.0
CLF,2017-05-02,2017-05-04,0001423999,director,3750.0,6.61,24787.5
CLF,2017-05-03,2017-05-04,0001106143,director,6000.0,6.32,37920.0
CLF,2017-05-03,2017-05-04,0001236128,officer_director,200000.0,6.31,1262000.0
CLF,2017-08-10,2017-08-10,0001236128,officer_director,100000.0,7.19,719000.0
CLF,2017-09-15,2017-09-18,0001236128,officer_director,100000.0,7.11,711000.0
CLF,2018-04-27,2018-04-27,0001688357,director,5000.0,7.48,37400.0
CLF,2019-02-15,2019-02-19,0001316514,officer,3200.0,11.23,35936.0
CLF,2019-02-27,2019-02-28,0001316514,officer,9000.0,11.52,103680.0
CLF,2019-05-01,2019-05-02,0000940858,director,7500.0,9.76,73200.0
CLF,2019-05-13,2019-05-13,0001688357,director,5000.0,9.7,48500.0
CLF,2019-05-22,2019-05-23,0001316514,officer,5000.0,9.65,48250.0
CLF,2019-06-03,2019-06-03,0001616826,director,3000.0,8.92,26760.0
CLF,2019-06-10,2019-06-10,0001236128,officer_director,10000.0,9.36,93600.0
CLF,2019-08-07,2019-08-07,0001316514,officer,30000.0,8.39,251700.0
CLF,2019-08-08,2019-08-08,0001616826,director,3000.0,8.84,26520.0
CLF,2019-08-08,2019-08-08,0001106143,director,6000.0,8.7,52200.0
CLF,2019-08-22,2019-08-22,0001106143,director,7000.0,8.27,57890.0
CLF,2019-08-22,2019-08-22,0001316514,officer,12500.0,8.08,101000.0
CLF,2019-08-23,2019-08-26,0001251539,director,2721.0,8.06,21931.26
CLF,2019-08-28,2019-08-28,0001688357,director,3000.0,7.7,23100.0
CLF,2019-09-05,2019-09-05,0001106143,director,9000.0,7.27,65430.0
CLF,2019-12-05,2019-12-05,0001616826,director,5000.0,7.78,38900.0
CLF,2019-12-06,2019-12-09,0001766389,director,9090.0,8.23,74810.7
CLF,2019-12-09,2019-12-09,0001316514,officer,12800.0,8.11,103808.0
CLF,2020-03-11,2020-03-12,0001766389,director,5000.0,4.45,22250.0
CLF,2020-03-11,2020-03-11,0001106143,director,10000.0,4.43,44300.0
CLF,2020-03-11,2020-03-11,0001236128,officer_director,200000.0,4.49,898000.0
CLF,2020-03-12,2020-03-13,0001316514,officer,25000.0,4.09,102250.0
CLF,2020-03-12,2020-03-12,0001616826,director,10000.0,4.0,40000.0
CLF,2020-03-13,2020-03-16,0001251539,director,5000.0,4.42,22100.0
CLF,2021-03-05,2021-03-05,0001316514,officer,15000.0,13.45,201750.0
CLF,2021-05-14,2021-05-14,0001766389,director,1280.0,19.49,24947.2
CLF,2021-11-19,2021-11-19,0001316514,officer,10000.0,21.83,218300.0
CLF,2021-11-29,2021-11-29,0001880965,officer,5000.0,21.18,105900.0
CLF,2021-11-30,2021-11-30,0001880965,officer,5000.0,20.13,100650.0
CLF,2021-12-01,2021-12-01,0001236128,officer_director,50000.0,19.77,988500.0
CLF,2021-12-10,2021-12-10,0001174250,director,10000.0,20.11,201100.0
CLF,2021-12-13,2021-12-13,0001616826,director,5000.0,19.92,99600.0
CLF,2022-02-16,2022-02-17,0001766389,director,1255.0,19.88,24949.4
CLF,2022-04-26,2022-04-27,0001316514,officer,4500.0,27.14,122130.0
CLF,2022-04-29,2022-04-29,0001880965,officer,4000.0,26.32,105280.0
CLF,2022-05-11,2022-05-12,0001316514,officer,4600.0,22.38,102948.0
CLF,2022-08-16,2022-08-16,0001880965,officer,5000.0,19.36,96800.0
CLF,2022-08-17,2022-08-17,0001880965,officer,6000.0,18.43,110580.0
CLF,2022-09-08,2022-09-08,0001766389,director,1425.0,17.45,24866.25
CLF,2023-04-27,2023-04-27,0001316514,officer,7300.0,14.87,108551.0
CLF,2023-04-27,2023-04-27,0001236128,officer_director,100000.0,14.96,1496000.0
CLF,2023-04-28,2023-04-28,0001342861,director,1500.0,15.14,22710.0
CLF,2023-05-01,2023-05-01,0001880965,officer,6500.0,15.18,98670.0
CLF,2023-05-02,2023-05-02,0001174250,director,10000.0,14.96,149600.0
CLF,2024-02-01,2024-02-01,0001737668,director,25000.0,20.24,506000.0
CLF,2024-03-06,2024-03-07,0001342861,director,2000.0,20.03,40060.0
CLF,2024-05-01,2024-05-01,0001236128,officer_director,60000.0,16.76,1005600.0
CLF,2024-05-01,2024-05-01,0001737668,director,25000.0,17.0,425000.0
CLF,2024-06-12,2024-06-13,0002021847,director,6700.0,14.99,100433.0
CLF,2024-06-12,2024-06-12,0001880965,officer,7250.0,14.99,108677.5
CLF,2024-06-13,2024-06-13,0001174250,director,20000.0,14.74,294800.0
CLF,2024-06-13,2024-06-13,0001106143,director,7500.0,14.7,110250.0
CLF,2024-08-01,2024-08-01,0001106143,director,8000.0,14.53,116240.0
CLF,2025-02-28,2025-02-28,0001316514,officer,9500.0,10.82,102790.0
CLF,2025-02-28,2025-02-28,0001688222,director,10000.0,10.56,105600.0
CLF,2025-03-10,2025-03-10,0001106143,director,4000.0,8.7,34800.0
CLF,2026-02-13,2026-02-13,0002093073,director,19700.0,10.13,199561.0
CLX,2016-11-30,2016-12-02,0001185947,director,2500.0,116.05,290125.0
CLX,2016-12-01,2016-12-02,0001185947,director,2500.0,113.75,284375.0
CLX,2017-03-08,2017-03-10,0001456667,officer_director,4.0,136.4,545.6
CLX,2017-03-08,2017-03-10,0001456667,officer_director,4.0,136.39,545.56
CLX,2025-05-07,2025-05-09,0001594960,director,4000.0,136.57,546280.0
CLX,2025-11-21,2025-11-24,0001594960,director,4000.0,104.13,416520.0
CME,2012-03-12,2017-06-27,0001212852,director,375.0,54.25,20343.75
CME,2015-03-02,2015-03-11,0001229218,director,2.0,95.42,190.84
CME,2015-09-16,2015-09-17,0001229218,director,1.0,95.37,95.37
CME,2016-05-31,2017-06-27,0001212852,director,100.0,97.78,9778.0
CME,2020-06-02,2020-06-04,0001212852,director,771.0,178.1,137315.1
CME,2020-06-11,2020-06-12,0001212852,director,1229.0,178.1,218884.9
CME,2021-11-04,2021-11-05,0001212809,officer_director,300.0,220.13,66039.0
CME,2021-11-04,2021-11-05,0001212809,officer_director,100.0,220.21,22021.0
CME,2021-11-04,2021-11-05,0001212809,officer_director,300.0,220.21,66063.0
CME,2021-11-04,2021-11-05,0001212809,officer_director,100.0,220.2,22020.0
CME,2021-11-04,2021-11-05,0001212809,officer_director,600.0,220.26,132156.0
CME,2021-11-04,2021-11-05,0001212809,officer_director,200.0,220.21,44042.0
CME,2021-11-05,2021-11-08,0001212809,officer_director,400.0,222.02,88808.0
CME,2022-11-04,2022-11-08,0001212852,director,8645.0,170.0,1469650.0
CME,2022-11-04,2022-11-08,0001212852,director,40000.0,170.0,6800000.0
CME,2022-12-02,2022-12-05,0001776581,director,1500.0,176.55,264825.0
CME,2022-12-28,2023-01-20,0001212852,director,289.37,168.11,48645.99
CME,2022-12-28,2023-01-20,0001212852,director,12.76,168.11,2145.08
CME,2023-01-18,2023-01-20,0001212852,director,54.84,175.98,9650.74
CME,2023-01-18,2023-01-20,0001212852,director,1243.92,175.98,218905.04
CME,2023-03-27,2023-03-29,0001212852,director,13.13,185.32,2433.25
CME,2023-03-27,2023-03-29,0001212852,director,297.84,185.32,55195.71
CME,2023-03-28,2023-03-29,0001212852,director,194.89,186.45,36337.24
CME,2023-06-27,2023-06-28,0001212852,director,13.62,179.77,2448.47
CME,2023-06-27,2023-06-28,0001212852,director,308.86,179.77,55523.76
CME,2023-09-27,2023-10-06,0001212852,director,12.32,199.84,2462.03
CME,2023-09-27,2023-10-06,0001212852,director,279.54,199.84,55863.27
CME,2023-12-28,2023-12-29,0001212852,director,11.75,210.79,2476.78
CME,2023-12-28,2023-12-29,0001212852,director,266.47,210.79,56169.21
CME,2024-01-18,2024-01-19,0001212852,director,58.69,202.44,11881.2
CME,2024-01-18,2024-01-19,0001212852,director,1331.2,202.44,269488.13
CME,2024-03-26,2024-03-27,0001212852,director,282.06,214.71,60561.1
CME,2024-03-26,2024-03-27,0001212852,director,12.44,214.71,2670.99
CME,2024-06-25,2024-06-26,0001212852,director,312.12,195.07,60885.25
CME,2024-06-25,2024-06-26,0001212852,director,13.76,195.07,2684.16
CME,2024-09-25,2024-09-27,0001212852,director,12.36,218.5,2700.66
CME,2024-09-25,2024-09-27,0001212852,director,280.3,218.5,61245.55
CME,2024-12-27,2024-12-30,0001212852,director,264.37,232.89,61569.13
CME,2024-12-27,2024-12-30,0001212852,director,11.66,232.89,2715.5
CME,2025-01-16,2025-01-17,0001212852,director,1368.84,227.96,312040.77
CME,2025-01-16,2025-01-17,0001212852,director,60.35,227.96,13757.39
CME,2025-03-26,2025-03-27,0001212852,director,11.58,262.62,3041.14
CME,2025-03-26,2025-03-27,0001212852,director,262.56,262.62,68953.51
CME,2025-06-25,2025-06-26,0001212852,director,256.1,270.53,69282.73
CME,2025-06-25,2025-06-26,0001212852,director,11.29,270.53,3054.28
CME,2025-09-25,2025-09-26,0001212852,director,11.57,265.22,3068.6
CME,2025-09-25,2025-09-26,0001212852,director,262.47,265.19,69604.42
CME,2025-12-30,2026-01-02,0001212852,director,11.06,278.37,3078.77
CME,2025-12-30,2026-01-02,0001212852,director,251.21,278.37,69929.33
CME,2026-03-26,2026-03-30,0001212852,director,62.06,297.38,18455.4
CME,2026-03-26,2026-03-30,0001212852,director,1407.78,297.38,418645.62
CMI,2015-11-16,2015-11-16,0001538976,director,1500.0,99.52,149280.0
CMI,2024-02-27,2024-02-27,0001693093,director,562.0,266.57,149812.34
CMI,2024-05-20,2024-05-21,0001765989,officer,1745.0,286.04,499139.8
CMI,2024-05-24,2024-05-24,0001908008,officer,282.0,285.11,80401.02
CMI,2025-05-16,2025-05-16,0001817149,director,1000.0,332.08,332080.0
COF,2021-06-10,2022-03-11,0001848752,director,4.0,159.25,637.0
COF,2021-06-11,2022-03-11,0001848752,director,5.0,160.02,800.1
COF,2021-06-14,2022-03-11,0001848752,director,19.0,158.43,3010.17
COF,2022-05-23,2023-01-30,0001906015,officer,31.0,119.07,3691.17
COP,2015-05-04,2016-09-02,0001189930,director,808.0,66.97,54111.76
COP,2015-05-19,2015-05-20,0001242243,director,1000.0,65.19,65190.0
COP,2015-07-24,2016-09-02,0001189930,director,415.0,52.92,21961.8
COP,2015-08-14,2015-08-17,0001445607,officer,7000.0,49.91,349370.0
COP,2015-09-14,2016-09-02,0001189930,director,156.0,46.82,7303.92
COP,2015-10-30,2016-09-02,0001189930,director,165.0,52.65,8687.25
COP,2015-12-09,2016-09-02,0001189930,director,357.0,48.53,17325.21
COP,2015-12-16,2015-12-17,0001630788,director,5000.0,49.9,249500.0
COP,2016-01-29,2016-09-02,0001189930,director,1978.0,38.23,75618.94
COP,2016-03-09,2016-03-10,0001630788,director,7500.0,39.24,294300.0
COP,2016-08-01,2016-08-03,0001256476,director,12500.0,39.74,496750.0
COP,2016-08-01,2016-08-02,0001630788,director,6500.0,39.72,258180.0
COP,2016-08-11,2016-08-15,0001445607,officer,5000.0,40.5,202500.0
COP,2017-12-11,2017-12-11,0001242243,director,2000.0,52.06,104120.0
COP,2020-05-13,2020-05-15,0001392152,director,2400.0,41.03,98472.0
COP,2021-08-09,2021-08-10,0001018198,director,18000.0,55.5,999000.0
COP,2021-08-09,2021-08-10,0001018198,director,4500.0,55.5,249750.0
COP,2023-02-17,2023-02-21,0001018198,director,4800.0,104.5,501600.0
COP,2023-02-17,2023-02-21,0001018198,director,1200.0,104.5,125400.0
COP,2023-02-22,2023-02-23,0001018198,director,4800.0,103.0,494400.0
COP,2023-02-22,2023-02-23,0001018198,director,1200.0,103.0,123600.0
COP,2024-12-17,2024-12-18,0001018198,director,10400.0,97.8,1017120.0
COP,2024-12-20,2024-12-20,0001630788,director,2500.0,95.87,239675.0
COP,2025-06-16,2025-06-17,0001980592,officer,5300.0,94.24,499472.0
COP,2025-11-10,2025-11-10,0001754953,director,5768.35,86.68,500000.58
COST,2015-11-10,2015-11-10,0000904858,director,10000.0,155.4,1554000.0
COST,2019-04-01,2019-04-02,0001187136,director,3000.0,242.65,727950.0
COST,2021-12-21,2021-12-22,0001180610,director,925.0,540.13,499620.25
COST,2022-06-07,2022-06-08,0001180610,director,850.0,470.74,400129.0
COTY,2015-04-15,2015-04-17,0001596105,officer,17569.0,24.86,436765.34
COTY,2015-06-12,2015-06-16,0001607224,officer,26000.0,25.92,673920.0
COTY,2015-11-09,2015-11-24,0001607224,officer,10000.0,28.07,280700.0
COTY,2017-02-10,2017-02-14,0001298215,officer,40500.0,18.5,749250.0
COTY,2017-02-15,2017-02-17,0001647492,officer_director,36270.0,19.67,713430.9
COTY,2017-02-16,2017-02-17,0001647492,officer_director,36080.0,19.4,699952.0
COTY,2017-02-24,2017-02-28,0001686489,officer,2500.0,18.5,46250.0
COTY,2017-03-03,2017-03-07,0001653016,officer,32300.0,18.5,597550.0
COTY,2017-03-15,2017-03-16,0001298215,officer,13157.0,18.85,248009.45
COTY,2017-05-23,2017-05-25,0001298215,officer,14350.0,18.92,271502.0
COTY,2017-05-25,2017-05-30,0001298215,officer,11300.0,18.87,213231.0
COTY,2017-05-26,2017-05-31,0001602810,officer,79570.0,19.05,1515808.5
COTY,2017-06-09,2017-06-28,0001706949,officer,4400.0,18.63,81972.0
COTY,2017-06-14,2017-06-16,0001298215,officer,20200.0,19.32,390264.0
COTY,2017-06-15,2017-06-28,0001706949,officer,26600.0,19.09,507794.0
COTY,2017-06-15,2017-06-19,0001653016,officer,13461.0,18.95,255085.95
COTY,2017-06-16,2017-06-20,0001223301,director,26500.0,19.0,503500.0
COTY,2017-06-16,2017-06-20,0001653016,officer,18839.0,18.95,356999.05
COTY,2017-08-24,2017-08-28,0001291809,director,20000.0,16.3,326000.0
COTY,2017-08-24,2017-08-28,0001686489,officer,48153.0,16.79,808488.87
COTY,2017-08-24,2017-08-28,0001647492,officer_director,48485.0,16.5,800002.5
COTY,2017-08-25,2017-08-29,0001602810,officer,80000.0,16.43,1314400.0
COTY,2017-09-01,2017-09-06,0001706949,officer,120000.0,16.5,1980000.0
COTY,2017-09-01,2017-09-06,0001653016,officer,16879.0,16.6,280191.4
COTY,2017-09-06,2017-09-08,0001298215,officer,62200.0,16.5,1026300.0
COTY,2017-09-06,2017-09-08,0001291809,director,20000.0,16.51,330200.0
COTY,2017-09-07,2017-09-08,0001298215,officer,18.0,16.28,293.04
COTY,2017-09-12,2017-09-14,0001674510,officer,10000.0,17.06,170600.0
COTY,2017-09-13,2017-09-14,0001674510,officer,11570.0,17.15,198425.5
COTY,2017-12-11,2017-12-13,0001602810,officer,4000.0,17.74,70960.0
COTY,2018-05-11,2018-05-18,0001717317,officer,20000.0,14.32,286400.0
COTY,2018-05-11,2018-05-16,0001291809,director,15000.0,14.12,211800.0
COTY,2018-05-14,2018-05-18,0001717317,officer,25000.0,14.38,359500.0
COTY,2018-05-15,2018-05-18,0001717317,officer,1700.0,14.08,23936.0
COTY,2018-08-23,2018-08-27,0001291809,director,20000.0,11.5,230000.0
COTY,2018-08-27,2018-08-27,0001291809,director,5000.0,12.0,60000.0
COTY,2018-11-14,2018-11-16,0001759195,officer_director,2308447.0,8.69,20060404.43
COTY,2018-11-15,2018-11-16,0001291809,director,45000.0,8.3,373500.0
COTY,2019-05-10,2019-05-14,0001764834,officer,434782.0,11.5,4999993.0
COTY,2019-05-10,2019-05-14,0001766930,officer,152000.0,11.73,1782960.0
COTY,2019-05-10,2019-05-14,0001759195,officer_director,648228.0,11.64,7545373.92
COTY,2019-05-10,2019-05-14,0001223301,director,3382500.0,11.67,39473775.0
COTY,2019-05-10,2019-05-14,0001223301,director,29000.0,11.64,337560.0
COTY,2019-05-10,2019-05-14,0001578897,director,45000.0,11.86,533700.0
COTY,2019-05-13,2019-05-14,0001223301,director,1263801.0,11.63,14698005.63
COTY,2019-05-14,2019-05-16,0001223301,director,299668.0,12.07,3616992.76
COTY,2019-05-14,2019-05-16,0001223301,director,140000.0,12.06,1688400.0
COTY,2019-05-14,2019-05-14,0001764834,officer,16481.0,11.83,194970.23
COTY,2019-05-15,2019-05-17,0001608557,officer,93100.0,12.91,1201921.0
COTY,2019-05-28,2019-05-30,0001223301,director,309222.0,13.04,4032254.88
COTY,2019-05-29,2019-05-31,0001223301,director,959760.0,12.92,12400099.2
COTY,2019-08-30,2019-09-04,0001759195,officer_director,262000.0,9.54,2499480.0
COTY,2019-08-30,2019-09-04,0001291809,director,20000.0,9.49,189800.0
COTY,2019-08-30,2019-09-04,0001578897,director,50000.0,9.53,476500.0
COTY,2019-08-30,2019-09-04,0001223301,director,391507.0,9.49,3715401.43
COTY,2019-09-03,2019-09-04,0001223301,director,660000.0,9.49,6263400.0
COTY,2019-09-04,2019-09-04,0001291809,director,15000.0,9.08,136200.0
COTY,2019-09-05,2019-09-09,0001780096,officer,210000.0,9.81,2060100.0
COTY,2020-02-12,2020-02-14,0001608557,officer,7603.0,11.82,89867.46
COTY,2020-02-13,2020-02-14,0001608557,officer,7600.0,11.62,88312.0
COTY,2020-09-01,2020-09-03,0001578897,director,50000.0,3.6,180000.0
COTY,2020-09-02,2020-09-03,0001578897,director,240000.0,3.55,852000.0
COTY,2020-11-16,2020-11-17,0001291809,director,10000.0,4.95,49500.0
COTY,2020-11-17,2020-11-17,0001291809,director,15000.0,4.97,74550.0
COTY,2020-11-19,2020-11-24,0001805944,director,10000.0,6.13,61300.0
COTY,2020-11-19,2020-11-23,0001291809,director,10000.0,5.95,59500.0
COTY,2020-11-20,2020-11-23,0001206779,director,1000000.0,6.2,6200000.0
COTY,2020-11-20,2020-11-23,0001291809,director,5000.0,6.13,30650.0
COTY,2020-11-24,2020-11-24,0001291809,director,5000.0,7.26,36300.0
COTY,2020-11-25,2020-11-27,0001291809,director,17500.0,7.14,124950.0
COTY,2020-11-25,2020-11-25,0001578897,director,50000.0,7.1,355000.0
COTY,2020-11-27,2020-11-30,0001291809,director,5000.0,6.8,34000.0
COTY,2020-12-01,2020-12-03,0001291809,director,5000.0,7.0,35000.0
COTY,2020-12-08,2020-12-10,0001291809,director,4000.0,6.98,27920.0
COTY,2020-12-09,2020-12-11,0001823543,officer,10000.0,7.3,73000.0
COTY,2020-12-10,2020-12-11,0001823543,officer,100.0,7.05,705.0
COTY,2020-12-11,2020-12-11,0001823543,officer,22000.0,7.21,158620.0
COTY,2021-02-11,2021-02-16,0001291809,director,75000.0,6.63,497250.0
COTY,2021-02-11,2021-02-16,0001805944,director,15225.0,6.6,100485.0
COTY,2021-02-11,2021-02-16,0001578897,director,50000.0,6.86,343000.0
COTY,2021-05-17,2021-05-18,0001805944,director,11000.0,8.9,97900.0
COTY,2021-11-15,2021-11-16,0001285695,director,586307.0,10.9,6390746.3
COTY,2021-11-16,2021-11-16,0001285695,director,338693.0,10.89,3688366.77
COTY,2022-03-08,2022-03-10,0001814070,officer,13514.0,7.4,100003.6
COTY,2022-03-09,2022-03-10,0001814070,officer,12870.0,8.14,104761.8
COTY,2022-03-10,2022-03-14,0001823432,officer_director,4786.0,8.0,38288.0
COTY,2022-03-10,2022-03-14,0001789833,director,7000.0,7.87,55090.0
COTY,2022-03-10,2022-03-10,0001814070,officer,12392.0,7.87,97525.04
COTY,2022-03-11,2022-03-14,0001823432,officer_director,300000.0,8.29,2487000.0
COTY,2022-05-10,2022-05-12,0001578897,director,50000.0,6.13,306500.0
COTY,2022-05-16,2022-05-16,0001578897,director,50000.0,6.48,324000.0
COTY,2022-05-17,2022-05-17,0001578897,director,100000.0,6.45,645000.0
COTY,2022-09-01,2022-09-06,0001291809,director,10000.0,7.29,72900.0
COTY,2022-09-06,2022-09-06,0001291809,director,5000.0,7.35,36750.0
COTY,2022-11-10,2022-11-14,0001578897,director,100000.0,7.35,735000.0
COTY,2022-11-14,2022-11-14,0001578897,director,100000.0,7.56,756000.0
COTY,2022-11-15,2022-11-16,0001578897,director,100000.0,7.61,761000.0
COTY,2023-09-28,2023-10-02,0001285695,director,500000.0,10.8,5400000.0
COTY,2023-10-04,2023-10-06,0001805944,director,20500.0,10.29,210945.0
COTY,2023-10-08,2025-11-18,0001789833,director,20000.0,9.28,185600.0
COTY,2023-10-09,2023-10-10,0001805944,director,4775.0,10.5,50137.5
COTY,2025-08-22,2025-08-26,0001972492,officer,30000.0,3.84,115200.0
COTY,2025-08-22,2025-08-26,0001823432,officer_director,260000.0,3.92,1019200.0
COTY,2025-08-25,2025-08-28,0001846654,officer,12500.0,3.96,49500.0
COTY,2025-08-26,2025-08-28,0001846654,officer,3000.0,3.84,11520.0
COTY,2025-09-03,2025-09-03,0001807136,officer,29400.0,4.3,126420.0
COTY,2026-02-10,2026-02-18,0001846654,officer,5000.0,2.65,13250.0
COTY,2026-03-06,2026-03-09,0001814070,officer_director,83000.0,2.41,200030.0
CPB,2017-03-30,2017-03-31,0001059452,director,915766.0,57.34,52510022.44
CPB,2017-09-27,2017-09-28,0001568181,officer,4300.0,46.47,199821.0
CPB,2018-02-21,2018-02-23,0001568181,officer,4400.0,45.53,200332.0
CPB,2018-06-06,2018-06-07,0001587868,director,2000.0,33.22,66440.0
CPB,2018-10-02,2018-10-02,0001568181,officer,5494.0,36.41,200036.54
CRM,2016-03-18,2016-11-22,0001603044,director,88.0,72.84,6409.92
CRM,2016-04-29,2016-11-22,0001603044,director,148.0,75.52,11176.96
CRM,2016-09-19,2016-09-19,0001519786,director,1356.0,73.71,99950.76
CRM,2016-10-03,2016-10-04,0001519786,director,1403.0,71.26,99977.78
CRM,2016-11-07,2016-11-08,0001519786,director,1300.0,76.88,99944.0
CRM,2016-12-05,2016-12-05,0001519786,director,1428.0,69.27,98917.56
CRM,2016-12-05,2016-12-05,0001519786,director,15.0,71.15,1067.25
CRM,2017-01-09,2017-01-10,0001519786,director,1353.0,73.86,99932.58
CRM,2017-02-06,2017-02-06,0001519786,director,1256.0,79.61,99990.16
CRM,2017-03-06,2017-03-07,0001519786,director,1224.0,81.68,99976.32
CRM,2017-04-03,2017-04-03,0001519786,director,1209.0,82.7,99984.3
CRM,2017-05-01,2017-05-02,0001519786,director,1154.0,86.64,99982.56
CRM,2017-06-05,2017-06-05,0001519786,director,1100.0,90.89,99979.0
CRM,2018-01-09,2018-01-10,0001519786,director,6000.0,109.14,654840.0
CRM,2018-02-16,2018-02-16,0001519786,director,6000.0,112.91,677460.0
CRM,2018-03-13,2018-03-13,0001519786,director,6000.0,127.82,766920.0
CRM,2018-04-18,2018-04-18,0001519786,director,6000.0,123.81,742860.0
CRM,2018-05-30,2018-05-30,0001519786,director,500.0,132.34,66170.0
CRM,2018-05-30,2018-05-30,0001519786,director,5500.0,131.97,725835.0
CRM,2018-06-19,2018-06-19,0001519786,director,6000.0,138.11,828660.0
CRM,2018-07-25,2018-07-25,0001519786,director,6000.0,146.22,877320.0
CRM,2018-08-14,2018-08-14,0001519786,director,6000.0,146.38,878280.0
CRM,2018-09-17,2018-09-17,0001519786,director,6000.0,157.57,945420.0
CRM,2018-10-10,2018-10-10,0001519786,director,200.0,147.51,29502.0
CRM,2018-10-10,2018-10-10,0001519786,director,5800.0,146.67,850686.0
CRM,2020-01-07,2020-01-07,0001519786,director,100.0,176.77,17677.0
CRM,2020-01-07,2020-01-07,0001519786,director,400.0,175.94,70376.0
CRM,2020-01-07,2020-01-07,0001519786,director,100.0,173.0,17300.0
CRM,2020-01-07,2020-01-07,0001519786,director,500.0,174.87,87435.0
CRM,2020-02-12,2020-02-13,0001519786,director,799.0,189.57,151466.43
CRM,2020-02-12,2020-02-13,0001519786,director,301.0,188.81,56831.81
CRM,2020-03-24,2020-03-24,0001519786,director,100.0,144.63,14463.0
CRM,2020-03-24,2020-03-24,0001519786,director,100.0,148.89,14889.0
CRM,2020-03-24,2020-03-24,0001519786,director,400.0,152.88,61152.0
CRM,2020-03-24,2020-03-24,0001519786,director,100.0,151.34,15134.0
CRM,2020-03-24,2020-03-24,0001519786,director,400.0,149.57,59828.0
CRM,2024-06-03,2024-06-05,0001418814,director,428000.0,233.17,99796760.0
CRM,2024-06-03,2024-06-05,0001418812,director,428000.0,233.17,99796760.0
CRM,2024-06-03,2024-06-05,0001763309,director,428000.0,233.17,99796760.0
CRM,2024-06-03,2024-06-05,0001464912,director,428000.0,233.17,99796760.0
CRM,2024-06-03,2024-06-05,0001418813,director,428000.0,233.17,99796760.0
CRM,2024-06-03,2024-06-05,0001351069,director,428000.0,233.17,99796760.0
CRM,2024-06-03,2024-06-05,0001351073,director,428000.0,233.17,99796760.0
CRM,2024-06-03,2024-06-05,0001325920,director,428000.0,233.17,99796760.0
CRM,2024-06-21,2024-06-24,0001237371,director,2051.0,243.69,499808.19
CRM,2025-02-28,2025-03-03,0001327145,director,1695.0,294.61,499363.95
CRM,2025-04-03,2025-04-04,0001237371,director,3882.0,257.28,998760.96
CRM,2025-09-09,2025-09-10,0002077892,director,3400.0,254.66,865844.0
CRM,2025-12-05,2025-12-08,0001763309,director,96000.0,260.58,25015680.0
CRM,2025-12-05,2025-12-08,0001418812,director,96000.0,260.58,25015680.0
CRM,2025-12-05,2025-12-08,0001325920,director,96000.0,260.58,25015680.0
CRM,2025-12-05,2025-12-08,0001418813,director,96000.0,260.58,25015680.0
CRM,2025-12-05,2025-12-08,0001351073,director,96000.0,260.58,25015680.0
CRM,2025-12-05,2025-12-08,0001464912,director,96000.0,260.58,25015680.0
CRM,2025-12-05,2025-12-08,0001418814,director,96000.0,260.58,25015680.0
CRM,2025-12-05,2025-12-08,0001351069,director,96000.0,260.58,25015680.0
CRM,2025-12-17,2025-12-18,0002077892,director,1936.0,258.64,500727.04
CRM,2026-03-18,2026-03-18,0002077892,director,2570.0,194.62,500173.4
CRM,2026-03-19,2026-03-19,0001225922,director,491.0,194.54,95519.14
CRM,2026-03-19,2026-03-19,0001225922,director,2080.0,194.59,404747.2
CSCO,2017-02-22,2017-02-24,0001198055,director,1464.0,33.92,49658.88
CSCO,2017-02-22,2017-02-24,0001198055,director,1563.0,33.93,53032.59
CSCO,2019-06-07,2019-06-11,0001216503,director,10000.0,55.74,557400.0
CSX,2015-09-01,2015-09-03,0001195258,director,1868.0,26.84,50137.12
CSX,2017-04-24,2017-04-25,0001506478,officer_director,300000.0,50.2,15060000.0
CSX,2017-07-21,2017-07-24,0001413084,director,800566.0,51.59,41301199.94
CSX,2017-07-21,2017-07-24,0001695460,director,800566.0,51.59,41301199.94
CSX,2017-07-21,2017-07-24,0001695465,director,800566.0,51.59,41301199.94
CSX,2017-07-21,2017-07-24,0001695459,director,800566.0,51.59,41301199.94
CSX,2017-07-21,2017-07-24,0001413084,director,230976.0,51.59,11916051.84
CSX,2017-07-21,2017-07-24,0001695460,director,230976.0,51.59,11916051.84
CSX,2017-07-21,2017-07-24,0001695465,director,230976.0,51.59,11916051.84
CSX,2017-07-21,2017-07-24,0001695459,director,230976.0,51.59,11916051.84
CSX,2017-07-21,2017-07-24,0001413084,director,121795.0,51.59,6283404.05
CSX,2017-07-21,2017-07-24,0001695460,director,121795.0,51.59,6283404.05
CSX,2017-07-21,2017-07-24,0001695465,director,121795.0,51.59,6283404.05
CSX,2017-07-21,2017-07-24,0001695459,director,121795.0,51.59,6283404.05
CSX,2017-07-21,2017-07-24,0001413084,director,36122.0,51.59,1863533.98
CSX,2017-07-21,2017-07-24,0001695460,director,36122.0,51.59,1863533.98
CSX,2017-07-21,2017-07-24,0001695465,director,36122.0,51.59,1863533.98
CSX,2017-07-21,2017-07-24,0001695459,director,36122.0,51.59,1863533.98
CSX,2017-07-21,2017-07-24,0001413084,director,29961.0,51.59,1545687.99
CSX,2017-07-21,2017-07-24,0001695460,director,29961.0,51.59,1545687.99
CSX,2017-07-21,2017-07-24,0001695465,director,29961.0,51.59,1545687.99
CSX,2017-07-21,2017-07-24,0001695459,director,29961.0,51.59,1545687.99
CSX,2017-07-21,2017-07-24,0001413084,director,137580.0,51.59,7097752.2
CSX,2017-07-21,2017-07-24,0001695460,director,137580.0,51.59,7097752.2
CSX,2017-07-21,2017-07-24,0001695465,director,137580.0,51.59,7097752.2
CSX,2017-07-21,2017-07-24,0001695459,director,137580.0,51.59,7097752.2
CSX,2018-05-02,2018-05-04,0001020058,officer_director,5000.0,59.91,299550.0
CSX,2020-01-02,2020-02-20,0001778769,officer,78.0,61.51,4797.78
CSX,2020-07-01,2020-11-06,0001662190,officer,341.0,59.28,20214.48
CSX,2020-07-01,2020-10-27,0001020058,officer_director,342.0,59.28,20273.76
CSX,2020-07-01,2020-10-02,0001778769,officer,267.0,59.28,15827.76
CSX,2022-05-12,2022-05-16,0001227063,director,5000.0,32.93,164650.0
CSX,2022-05-13,2022-05-16,0001227063,director,5000.0,33.48,167400.0
CSX,2025-10-20,2025-10-21,0001190775,officer_director,55000.0,36.87,2027850.0
CSX,2026-03-06,2026-03-06,0001190775,officer_director,25000.0,40.27,1006750.0
CVS,2018-05-04,2018-05-07,0001082870,director,24300.0,62.22,1511946.0
CVS,2018-05-04,2018-05-07,0001197672,director,10000.0,61.99,619900.0
CVS,2019-03-01,2019-03-04,0001224983,director,3410.0,58.29,198768.9
CVS,2019-03-01,2019-03-04,0001221783,director,4000.0,58.27,233080.0
CVS,2019-03-08,2019-03-11,0001221783,director,2000.0,52.8,105600.0
CVS,2019-03-08,2019-03-11,0001082870,director,9600.0,52.71,506016.0
CVS,2019-03-11,2019-03-11,0001197672,director,10000.0,53.18,531800.0
CVS,2019-03-11,2019-03-11,0001224983,director,1900.0,53.59,101821.0
CVS,2020-05-11,2020-05-13,0001472795,officer,5000.0,63.14,315700.0
CVS,2021-02-17,2021-02-17,0001221783,director,3000.0,72.0,216000.0
CVS,2021-08-05,2021-08-05,0001221783,director,3000.0,79.55,238650.0
CVS,2022-02-10,2022-02-11,0001221783,director,1000.0,105.9,105900.0
CVS,2023-05-03,2023-05-05,0001333760,officer_director,14000.0,69.75,976500.0
CVS,2023-11-03,2023-11-06,0001221783,director,2000.0,70.47,140940.0
CVS,2024-05-02,2024-05-02,0001221783,director,1000.0,53.88,53880.0
CVS,2024-05-02,2024-05-02,0001533022,director,9181.0,54.49,500272.69
CVS,2024-09-09,2025-10-14,0001661608,officer,35.0,56.47,1976.45
CVS,2024-10-02,2025-10-14,0001661608,officer,10.0,62.24,622.4
CVS,2024-10-23,2025-10-14,0001661608,officer,35.0,56.85,1989.75
CVS,2025-01-23,2026-01-27,0001320490,officer,24.0,53.7,1288.8
CVS,2025-02-18,2025-02-19,0001533022,director,30000.0,66.7,2001000.0
CVS,2025-06-05,2025-06-09,0001301446,director,1570.0,63.7,100009.0
CVX,2015-05-11,2015-05-12,0001201258,director,180000.0,108.1,19458000.0
CVX,2015-08-05,2015-08-06,0001594960,officer,3335.0,85.82,286209.7
CVX,2015-08-07,2015-08-11,0001186073,director,5950.0,83.74,498253.0
CVX,2015-08-24,2015-08-26,0001595243,officer,2000.0,73.53,147060.0
CVX,2015-08-24,2015-08-26,0001595243,officer,500.0,72.37,36185.0
CVX,2016-08-15,2016-08-16,0001263739,director,487.0,102.87,50097.69
CVX,2019-08-07,2019-08-09,0001225947,director,4250.0,118.14,502095.0
CVX,2020-02-06,2020-02-10,0001372819,director,500.0,109.85,54925.0
CVX,2020-02-24,2020-02-26,0001372819,director,400.0,104.61,41844.0
CVX,2020-02-27,2020-03-02,0001372819,director,500.0,95.98,47990.0
CVX,2020-02-28,2020-03-03,0001186073,director,6551.0,91.43,598957.93
CVX,2020-02-28,2020-03-02,0001372819,director,500.0,91.79,45895.0
CVX,2020-11-06,2020-11-10,0001372819,director,500.0,71.3,35650.0
CVX,2021-02-18,2021-02-22,0001217496,director,3200.0,95.21,304672.0
D,2015-02-20,2015-02-24,0001189720,director,10000.0,73.54,735400.0
D,2015-02-20,2015-02-24,0001324902,director,30000.0,73.67,2210100.0
D,2015-02-20,2015-02-24,0001196111,director,1350.0,73.93,99805.5
D,2015-02-20,2015-02-24,0001196111,director,2039.96,73.53,149998.26
D,2015-02-23,2015-02-24,0001017081,director,500.0,73.8,36900.0
D,2015-03-09,2015-03-10,0001508437,director,1200.0,69.9,83880.0
D,2015-03-10,2015-03-10,0001508437,director,3050.0,69.93,213286.5
D,2015-03-10,2015-03-10,0001508437,director,3575.0,69.87,249785.25
D,2015-03-10,2015-03-10,0001508437,director,10720.0,69.76,747827.2
D,2016-11-10,2016-11-15,0001444604,director,3500.0,70.98,248430.0
D,2017-02-03,2017-02-07,0001189720,director,10000.0,71.69,716900.0
D,2017-02-03,2017-02-07,0001233549,director,1000.0,71.9,71900.0
D,2017-02-10,2023-09-25,0001233549,director,34.0,73.11,2485.74
D,2017-02-21,2023-09-25,0001233549,director,46.0,74.9,3445.4
D,2017-05-22,2023-09-25,0001233549,director,31.0,79.71,2471.01
D,2018-02-28,2018-03-02,0001182630,director,2679.14,74.65,199997.8
D,2018-05-10,2018-05-11,0001004554,officer_director,4000.0,63.44,253760.0
D,2018-08-28,2018-08-29,0001049848,director,10000.0,71.15,711500.0
D,2018-12-19,2018-12-20,0001755965,officer,4052.93,74.02,299997.88
D,2019-01-29,2023-09-25,0001233549,director,48.0,68.54,3289.92
D,2019-03-13,2019-03-13,0001175174,director,1965.0,76.34,150008.1
D,2019-03-13,2019-03-13,0001175170,director,6550.05,76.34,500030.82
D,2019-09-13,2019-09-17,0001189720,director,21400.0,78.85,1687390.0
D,2021-03-03,2021-03-04,0001434957,officer_director,14401.93,69.44,1000070.02
D,2021-03-04,2021-03-04,0001324902,director,2000.0,69.29,138580.0
D,2021-08-11,2023-09-25,0001233549,director,67.0,76.84,5148.28
D,2021-11-10,2021-11-10,0001755965,officer,996.19,75.29,75003.15
D,2021-11-10,2021-11-10,0001434957,officer_director,3320.69,75.29,250014.75
D,2021-11-24,2021-11-29,0001233549,director,1500.0,74.42,111630.0
D,2022-01-19,2023-09-25,0001233549,director,43.0,79.49,3418.07
D,2022-02-16,2022-02-16,0001434957,officer_director,3180.0,78.4,249312.0
D,2022-08-16,2023-09-25,0001233549,director,42.0,85.56,3593.52
D,2023-06-20,2023-09-25,0001233549,director,54.0,53.7,2899.8
D,2024-03-04,2024-03-04,0001434957,officer_director,21735.0,45.91,997853.85
D,2024-03-06,2024-03-07,0001182630,director,2130.17,46.94,99990.18
D,2025-03-13,2025-03-17,0001772603,director,475.0,54.01,25654.75
D,2025-08-27,2025-08-27,0001434957,officer_director,4152.0,60.35,250573.2
DAL,2015-01-21,2015-01-21,0001194702,director,5000.0,48.78,243900.0
DAL,2015-02-12,2015-02-17,0001275630,director,3500.0,44.0,154000.0
DAL,2015-05-26,2015-05-27,0001559238,director,5000.0,41.88,209400.0
DAL,2015-12-21,2015-12-21,0001194702,director,4515.0,50.83,229497.45
DAL,2015-12-21,2015-12-21,0001194702,director,400.0,50.83,20332.0
DAL,2016-05-04,2016-05-05,0001647706,officer,2500.0,41.42,103550.0
DAL,2016-05-04,2016-05-05,0001559238,director,5000.0,41.39,206950.0
DAL,2016-07-25,2016-07-26,0001543655,officer,25000.0,38.91,972750.0
DAL,2016-08-03,2016-08-04,0001559238,director,5000.0,36.5,182500.0
DAL,2016-08-03,2016-08-04,0001559238,director,5000.0,36.5,182500.0
DAL,2017-01-23,2017-01-24,0001646424,director,1000.0,49.04,49040.0
DAL,2017-04-17,2017-04-18,0001194702,director,3353.0,44.12,147934.36
DAL,2017-04-17,2017-04-18,0001194702,director,2312.0,44.12,102005.44
DAL,2017-08-24,2017-08-25,0001559238,director,3500.0,45.44,159040.0
DAL,2017-08-24,2017-08-25,0001559238,director,2500.0,45.44,113600.0
DAL,2018-01-12,2018-01-12,0001194702,director,1120.0,59.76,66931.2
DAL,2018-01-12,2018-01-12,0001194702,director,1930.0,59.76,115336.8
DAL,2018-01-12,2018-01-12,0001194702,director,300.0,59.76,17928.0
DAL,2018-02-08,2018-02-09,0001559238,director,5000.0,51.89,259450.0
DAL,2018-02-08,2018-02-09,0001559238,director,5000.0,51.89,259450.0
DAL,2018-02-09,2018-02-12,0001559238,director,2500.0,49.0,122500.0
DAL,2018-02-09,2018-02-12,0001559238,director,2500.0,49.0,122500.0
DAL,2018-12-17,2018-12-18,0001559238,director,3000.0,52.86,158580.0
DAL,2018-12-17,2018-12-18,0001559238,director,1000.0,52.88,52880.0
DAL,2018-12-20,2018-12-21,0001559238,director,3000.0,50.93,152790.0
DAL,2018-12-20,2018-12-21,0001559238,director,1000.0,50.86,50860.0
DAL,2018-12-21,2018-12-26,0001559238,director,2500.0,49.41,123525.0
DAL,2018-12-21,2018-12-26,0001559238,director,2500.0,49.41,123525.0
DAL,2019-01-28,2019-01-28,0001194702,director,5185.0,48.17,249761.45
DAL,2020-01-28,2020-01-30,0001432864,director,1025.0,57.38,58814.5
DAL,2020-02-24,2020-02-26,0001505989,director,2000.0,53.67,107340.0
DAL,2020-02-25,2020-02-26,0001505989,director,300.0,51.32,15396.0
DAL,2020-02-25,2020-02-26,0001505989,director,1700.0,51.31,87227.0
DAL,2020-02-27,2020-03-02,0001505989,director,1000.0,46.26,46260.0
DAL,2020-04-23,2020-04-27,0001179801,director,22000.0,22.72,499840.0
DAL,2020-04-23,2020-04-27,0001179801,director,880.0,22.72,19993.6
DAL,2020-04-23,2020-04-27,0001179801,director,880.0,22.72,19993.6
DAL,2020-04-23,2020-04-27,0001179801,director,1750.0,22.72,39760.0
DAL,2020-05-04,2020-05-05,0001505989,director,2500.0,21.95,54875.0
DAL,2020-05-04,2020-05-05,0001505989,director,500.0,21.95,10975.0
DAL,2021-05-19,2021-05-21,0001432864,director,500.0,46.08,23040.0
DAL,2021-07-19,2021-07-21,0001505989,director,3000.0,38.25,114750.0
DAL,2021-08-03,2021-08-05,0001505989,director,5000.0,39.3,196500.0
DAL,2021-08-31,2021-09-02,0001864030,officer,1250.0,40.22,50275.0
DAL,2021-11-26,2021-11-29,0001505989,director,6000.0,35.96,215760.0
DAL,2021-11-30,2021-12-01,0001505989,director,6000.0,35.59,213540.0
DAL,2022-04-22,2022-04-26,0001346254,director,11000.0,44.03,484330.0
DAL,2022-07-14,2022-07-15,0001505989,director,10000.0,29.31,293100.0
DAL,2023-01-18,2023-01-20,0001194702,director,12880.0,38.58,496910.4
DAL,2023-04-14,2023-04-18,0001505989,director,5000.0,33.56,167800.0
DAL,2023-04-21,2023-04-24,0001505989,director,5000.0,34.26,171300.0
DAL,2023-04-26,2023-04-27,0001505989,director,5000.0,32.83,164150.0
DAL,2023-10-18,2023-10-19,0001505989,director,10000.0,33.09,330900.0
DAL,2023-10-27,2023-10-31,0001505989,director,10000.0,30.75,307500.0
DAL,2024-05-01,2024-05-03,0001421559,director,10000.0,49.5,495000.0
DAL,2024-07-12,2024-07-15,0001421559,director,10000.0,43.9,439000.0
DAL,2025-04-10,2025-04-11,0001346254,director,5000.0,41.84,209200.0
DAL,2025-04-11,2025-04-11,0001505989,director,10000.0,39.2,392000.0
DD,2015-02-23,2015-02-25,0001223619,director,13000.0,77.39,1006070.0
DD,2015-02-23,2015-02-25,0001358582,director,3000.0,77.18,231540.0
DD,2015-02-24,2015-06-16,0001090724,director,1245.0,77.88,96960.6
DD,2015-05-18,2015-05-20,0001127294,director,1000.0,70.13,70130.0
DD,2015-05-18,2015-05-20,0001358582,director,14250.0,70.11,999067.5
DD,2016-05-09,2016-09-14,0001090724,director,75.0,64.1,4807.5
DD,2021-02-22,2021-02-24,0001401842,director,7500.0,69.94,524550.0
DD,2021-08-05,2021-08-06,0001266395,director,5000.0,75.94,379700.0
DDS,2015-05-18,2015-05-18,0001577157,director,4000.0,115.61,462440.0
DDS,2015-08-18,2015-08-19,0001213577,director,50.0,97.39,4869.5
DDS,2015-09-01,2015-09-02,0000906131,director,550.0,90.2,49610.0
DDS,2015-09-01,2015-09-02,0000906131,director,662.0,90.31,59785.22
DDS,2018-08-17,2018-08-22,0001187376,director,10000.0,76.41,764100.0
DDS,2018-08-24,2018-08-28,0000906131,director,1000.0,75.42,75420.0
DDS,2019-05-20,2019-05-21,0000906131,director,800.0,56.86,45488.0
DDS,2020-03-17,2020-03-19,0001180017,officer_director,200.0,37.43,7486.0
DDS,2020-06-08,2020-06-10,0001180017,officer_director,300.0,37.0,11100.0
DDS,2021-12-13,2022-01-24,0001577157,director,224.0,267.61,59944.64
DDS,2022-01-27,2022-02-01,0001577157,director,3.0,265.04,795.12
DDS,2022-02-23,2022-02-25,0001187376,director,15000.0,231.26,3468900.0
DDS,2022-02-23,2022-02-25,0001187376,director,5000.0,228.28,1141400.0
DDS,2022-04-28,2022-05-02,0001577157,director,3.0,293.39,880.17
DDS,2024-08-19,2024-08-19,0000906131,director,100.0,346.82,34682.0
DE,2021-06-02,2021-06-03,0001760658,director,275.0,359.61,98892.75
DE,2023-06-06,2023-06-07,0001760658,director,675.0,371.05,250458.75
DIS,2016-05-12,2016-05-16,0001224543,director,980.0,101.98,99940.4
DIS,2017-08-10,2017-08-11,0001224543,director,976.0,102.34,99883.84
DIS,2023-12-07,2023-12-08,0001551504,director,745.0,92.69,69054.05
DIS,2023-12-07,2023-12-08,0001551504,director,333.0,92.69,30865.77
DIS,2024-05-08,2024-05-09,0001182328,director,20000.0,106.03,2120600.0
DIS,2024-08-08,2024-08-09,0001749971,director,11756.0,85.06,999965.36
DIS,2025-12-12,2025-12-15,0001182328,director,18000.0,111.89,2014020.0
DIS,2026-02-12,2026-02-17,0001551504,director,916.0,107.85,98790.6
DOV,2016-02-17,2016-02-18,0001209306,director,4000.0,61.8,247200.0
DOV,2018-03-02,2018-03-05,0001685728,officer,510.0,97.51,49730.1
DOV,2018-03-05,2018-03-05,0001685728,officer,125.0,97.41,12176.25
DOV,2020-02-25,2020-02-26,0001698232,director,1000.0,110.6,110600.0
DOV,2020-03-09,2020-03-11,0001709078,officer,500.0,93.35,46675.0
DOV,2020-03-16,2020-03-16,0001698232,director,500.0,79.0,39500.0
DOV,2022-04-25,2022-04-26,0001709078,officer,350.0,139.44,48804.0
DOW,2015-02-06,2015-02-10,0001180457,director,2074.0,48.23,100029.02
DOW,2015-02-11,2015-02-13,0001215486,director,4154.0,48.19,200181.26
DOW,2019-08-02,2019-08-06,0001224295,director,15000.0,46.0,690000.0
DOW,2019-08-02,2019-08-06,0001224295,director,15000.0,46.0,690000.0
DOW,2019-08-08,2019-08-12,0001216503,director,5000.0,46.64,233200.0
DOW,2019-08-08,2019-08-12,0001699621,director,1000.0,46.71,46710.0
DOW,2019-12-10,2019-12-12,0001185480,director,6000.0,52.91,317460.0
DOW,2020-02-28,2020-03-03,0001224295,director,7500.0,38.13,285975.0
DOW,2020-02-28,2020-03-03,0001224295,director,7500.0,38.13,285975.0
DOW,2020-03-12,2020-03-16,0001224295,director,4050.0,24.62,99711.0
DOW,2020-03-12,2020-03-16,0001224295,director,4050.0,24.62,99711.0
DOW,2020-03-12,2020-03-16,0001216503,director,20450.0,24.61,503274.5
DOW,2020-03-13,2020-03-16,0001490029,officer_director,20000.0,24.61,492200.0
DOW,2021-10-29,2021-11-02,0001185480,director,1200.0,56.26,67512.0
DOW,2021-10-29,2021-11-02,0001490029,officer_director,5000.0,56.03,280150.0
DOW,2022-03-04,2022-03-08,0001434505,director,3000.0,58.37,175110.0
DOW,2022-03-07,2022-03-08,0001734513,director,375.0,57.84,21690.0
DOW,2022-04-26,2022-04-28,0001734513,director,400.0,67.69,27076.0
DOW,2022-08-01,2022-08-02,0001734513,director,400.0,52.41,20964.0
DOW,2022-10-26,2022-10-28,0001734513,director,450.0,48.09,21640.5
DOW,2023-04-28,2023-05-01,0001734513,director,400.0,54.17,21668.0
DOW,2023-11-16,2023-11-20,0001185480,director,5000.0,51.09,255450.0
DOW,2024-12-12,2024-12-16,0001490029,officer_director,14200.0,41.52,589584.0
DOW,2024-12-12,2024-12-16,0001490029,officer_director,11400.0,41.45,472530.0
DOW,2024-12-12,2024-12-16,0001185480,director,6025.0,41.45,249736.25
DOW,2024-12-13,2024-12-17,0001535486,director,7339.0,40.87,299944.93
DOW,2025-02-07,2025-02-11,0001734513,director,675.0,38.81,26196.75
DSL,2024-03-08,2024-03-11,0001315425,officer,100.0,12.89,1289.0
DUK,2015-11-09,2015-11-10,0001393014,director,1100.0,68.34,75174.0
DUK,2015-11-09,2015-11-10,0001393014,director,2500.0,68.3,170750.0
DUK,2015-11-09,2015-11-10,0001393014,director,3900.0,68.33,266487.0
DUK,2016-11-09,2016-11-14,0001082843,director,1000.0,77.8,77800.0
DUK,2016-11-18,2016-11-22,0001238195,officer,14850.0,74.0,1098900.0
DUK,2017-05-15,2017-05-17,0001187019,director,3500.0,83.73,293055.0
DUK,2017-05-18,2017-05-19,0001478475,director,15.0,83.33,1249.95
DVN,2015-07-06,2015-07-07,0001198299,director,4500.0,56.58,254610.0
DVN,2015-12-18,2015-12-22,0001244969,director,10000.0,28.94,289400.0
DVN,2016-01-06,2016-01-06,0001198299,director,8200.0,30.44,249608.0
DVN,2018-06-07,2018-06-11,0001244969,director,12000.0,41.9,502800.0
DVN,2019-02-27,2019-02-28,0001499085,director,11651.0,30.01,349646.51
DVN,2020-03-06,2020-03-10,0001180568,director,10000.0,14.05,140500.0
DVN,2020-03-09,2020-03-10,0001180568,director,10000.0,9.0,90000.0
DVN,2023-02-17,2023-02-21,0001244969,director,3765.0,53.06,199770.9
DVN,2023-02-17,2023-02-21,0001244969,director,941.0,53.02,49891.82
DVN,2023-02-17,2023-02-21,0001413122,officer_director,10000.0,53.28,532800.0
DVN,2023-02-22,2023-02-23,0001413122,officer_director,5000.0,53.0,265000.0
DVN,2023-03-14,2023-03-15,0001413122,officer_director,7500.0,50.3,377250.0
DVN,2023-03-14,2023-03-15,0001555889,officer,20000.0,49.98,999600.0
DVN,2024-03-04,2024-03-04,0001413122,officer_director,15000.0,44.42,666300.0
EBAY,2015-11-30,2015-12-01,0001201054,director,5140.0,29.12,149676.8
EBAY,2016-02-01,2016-03-04,0001201054,director,4180.0,23.94,100069.2
EBAY,2016-11-02,2016-11-03,0001677874,director,1000.0,28.32,28320.0
EBAY,2019-01-02,2019-01-04,0001218363,director,17787.0,28.21,501771.27
EBAY,2019-08-05,2019-08-07,0001381430,director,6000.0,38.79,232740.0
EBAY,2021-02-09,2021-11-05,0001677874,director,31.0,62.23,1929.13
EBAY,2021-04-13,2021-11-05,0001677874,director,28.0,63.82,1786.96
EBAY,2021-05-19,2021-11-05,0001677874,director,212.0,59.79,12675.48
EBAY,2021-06-15,2021-11-05,0001677874,director,53.0,65.96,3495.88
EBAY,2021-07-14,2021-11-05,0001677874,director,19.0,68.03,1292.57
EBAY,2021-07-21,2021-11-05,0001677874,director,7.0,69.86,489.02
EBAY,2021-08-12,2021-11-05,0001677874,director,16.0,68.89,1102.24
EBAY,2021-08-13,2021-11-05,0001677874,director,536.0,74.02,39674.72
ECL,2017-02-24,2017-02-28,0001498535,director,800.0,124.94,99952.0
ECL,2017-05-05,2017-05-05,0001126218,director,5000.0,126.33,631650.0
ECL,2017-11-06,2017-11-08,0001498535,director,450.0,131.77,59296.5
ECL,2018-03-09,2018-03-13,0001192933,director,6400.0,134.42,860288.0
ECL,2018-08-02,2018-08-03,0001498535,director,500.0,146.4,73200.0
ECL,2019-03-06,2019-03-08,0001498535,director,1000.0,171.05,171050.0
ECL,2020-08-06,2020-08-10,0001498535,director,400.0,194.05,77620.0
ECL,2022-02-17,2022-02-18,0001192933,director,5000.0,179.39,896950.0
ECL,2022-02-18,2022-02-22,0001498535,director,600.0,179.09,107454.0
ECL,2022-04-29,2022-05-03,0001584119,director,1475.0,170.0,250750.0
ECL,2022-05-05,2022-05-06,0001498535,director,600.0,171.01,102606.0
ECL,2022-11-08,2022-11-10,0001498535,director,800.0,139.66,111728.0
ECL,2023-06-14,2023-06-15,0001498535,director,700.0,180.23,126161.0
ECL,2023-08-07,2023-08-09,0001498535,director,650.0,183.73,119424.5
ECL,2023-12-01,2023-12-04,0001498535,director,800.0,191.53,153224.0
ECL,2024-05-03,2024-05-07,0001498535,director,650.0,227.37,147790.5
ECL,2024-08-02,2024-08-06,0001498535,director,650.0,240.41,156266.5
ECL,2025-02-13,2025-02-18,0001498535,director,400.0,264.51,105804.0
ECL,2025-05-07,2025-05-09,0001498535,director,500.0,251.75,125875.0
ECL,2025-08-13,2025-08-15,0001498535,director,600.0,278.51,167106.0
ECL,2025-12-08,2025-12-08,0001498535,director,750.0,257.6,193200.0
ED,2014-12-31,2015-01-07,0001108889,director,0.17,64.69,11.0
ED,2014-12-31,2015-01-07,0001286156,officer,101.29,64.69,6552.45
ED,2014-12-31,2015-01-07,0001592315,officer,45.71,64.69,2956.98
ED,2014-12-31,2015-01-07,0001286157,officer,22.79,64.69,1474.29
ED,2014-12-31,2015-01-07,0001358393,officer,65.29,64.69,4223.61
ED,2014-12-31,2015-01-07,0001564677,officer,15.42,64.69,997.52
ED,2014-12-31,2015-01-07,0001463822,officer,44.83,64.69,2900.05
ED,2014-12-31,2015-01-07,0001423302,officer,78.98,64.69,5109.22
ED,2014-12-31,2015-01-07,0001232009,officer,1.0,64.69,64.69
ED,2014-12-31,2015-01-07,0001466373,officer,78.5,64.69,5078.16
ED,2015-01-15,2015-01-15,0001564677,officer_director,30.0,67.4,2022.0
ED,2015-01-31,2015-02-04,0001592315,officer,33.94,68.22,2315.39
ED,2015-01-31,2015-02-04,0001286157,officer,8.14,68.22,555.31
ED,2015-01-31,2015-02-04,0001423302,officer,30.47,68.22,2078.66
ED,2015-01-31,2015-02-04,0001466373,officer,29.32,68.22,2000.21
ED,2015-01-31,2015-02-04,0001463822,officer,32.57,68.22,2221.93
ED,2015-01-31,2015-02-04,0001564677,officer,33.94,68.22,2315.39
ED,2015-01-31,2015-02-04,0001358393,officer,32.57,68.22,2221.93
ED,2015-01-31,2015-02-04,0001286156,officer,33.93,68.22,2314.7
ED,2015-02-17,2015-02-18,0001564677,officer_director,33.0,63.72,2102.76
ED,2015-02-28,2015-03-05,0001286157,officer,8.36,66.42,555.27
ED,2015-02-28,2015-03-05,0001564677,officer,34.86,66.42,2315.4
ED,2015-02-28,2015-03-05,0001592315,officer,34.86,66.42,2315.4
ED,2015-02-28,2015-03-05,0001463822,officer,33.46,66.42,2222.41
ED,2015-02-28,2015-03-05,0001358393,officer,33.46,66.42,2222.41
ED,2015-02-28,2015-03-05,0001286156,officer,34.85,66.42,2314.74
ED,2015-02-28,2015-03-05,0001423302,officer,31.3,66.42,2078.95
ED,2015-02-28,2015-03-05,0001466373,officer,30.11,66.42,1999.91
ED,2015-03-16,2015-03-16,0001564677,officer_director,35.0,61.3,2145.5
ED,2015-03-31,2015-04-03,0001108889,director,0.19,61.15,11.62
ED,2015-03-31,2015-04-03,0001564677,officer,55.28,61.15,3380.37
ED,2015-03-31,2015-04-03,0001463822,officer,49.11,61.15,3003.08
ED,2015-03-31,2015-04-03,0001466373,officer,86.29,61.15,5276.63
ED,2015-03-31,2015-04-03,0001423302,officer,86.81,61.15,5308.43
ED,2015-03-31,2015-04-03,0001286157,officer,25.05,61.15,1531.81
ED,2015-03-31,2015-04-03,0001592315,officer,50.22,61.15,3070.95
ED,2015-03-31,2015-04-03,0001358393,officer,71.68,61.15,4383.23
ED,2015-03-31,2015-04-03,0001232009,officer,1.11,61.15,67.88
ED,2015-03-31,2015-04-03,0001286156,officer,111.39,61.15,6811.5
ED,2015-04-15,2015-04-15,0001564677,officer_director,34.0,60.81,2067.54
ED,2015-04-30,2015-05-06,0001358393,officer,36.1,61.56,2222.32
ED,2015-04-30,2015-05-06,0001463822,officer,36.1,61.56,2222.32
ED,2015-04-30,2015-05-06,0001466373,officer,32.49,61.56,2000.08
ED,2015-04-30,2015-05-06,0001286157,officer,9.02,61.56,555.27
ED,2015-04-30,2015-05-06,0001286156,officer,37.6,61.56,2314.66
ED,2015-04-30,2015-05-06,0001564677,officer,37.61,61.56,2315.27
ED,2015-04-30,2015-05-06,0001423302,officer,33.77,61.56,2078.88
ED,2015-04-30,2015-05-06,0001592315,officer,37.61,61.56,2315.27
ED,2015-05-15,2015-05-15,0001564677,officer_director,35.0,61.31,2145.85
ED,2015-05-31,2015-06-04,0001286157,officer,9.07,61.29,555.9
ED,2015-05-31,2015-06-04,0001423302,officer,33.92,61.29,2078.96
ED,2015-05-31,2015-06-04,0001466373,officer,32.63,61.29,1999.89
ED,2015-05-31,2015-06-04,0001463822,officer,36.26,61.29,2222.38
ED,2015-05-31,2015-06-04,0001358393,officer,36.26,61.29,2222.38
ED,2015-05-31,2015-06-04,0001286156,officer,37.77,61.29,2314.92
ED,2015-05-31,2015-06-04,0001564677,officer_director,37.78,61.29,2315.54
ED,2015-05-31,2015-06-04,0001564677,officer_director,37.78,61.29,2315.54
ED,2015-05-31,2015-06-04,0001592315,officer,37.78,61.29,2315.54
ED,2015-06-15,2015-06-16,0001564677,officer_director,37.0,57.63,2132.31
ED,2015-06-30,2015-07-07,0001463822,officer,53.05,58.22,3088.57
ED,2015-06-30,2015-07-07,0001108889,director,0.2,58.22,11.64
ED,2015-06-30,2015-07-07,0001286156,officer,119.28,58.22,6944.48
ED,2015-06-30,2015-07-07,0001358393,officer,77.04,58.22,4485.27
ED,2015-06-30,2015-07-07,0001466373,officer,92.48,58.22,5384.19
ED,2015-06-30,2015-07-07,0001423302,officer,93.07,58.22,5418.54
ED,2015-06-30,2015-07-07,0001564677,officer_director,59.65,58.22,3472.82
ED,2015-06-30,2015-07-07,0001232009,officer,1.17,58.22,68.12
ED,2015-06-30,2015-07-07,0001592315,officer,54.27,58.22,3159.6
ED,2015-06-30,2015-07-07,0001286157,officer,26.84,58.22,1562.62
ED,2015-07-15,2015-07-15,0001564677,officer_director,34.0,60.42,2054.28
ED,2015-07-31,2015-08-05,0001564677,officer_director,38.33,60.41,2315.52
ED,2015-07-31,2015-08-05,0001463822,officer,36.79,60.41,2222.48
ED,2015-07-31,2015-08-05,0001466373,officer,33.11,60.41,2000.18
ED,2015-07-31,2015-08-05,0001358393,officer,36.79,60.41,2222.48
ED,2015-07-31,2015-08-05,0001592315,officer,38.33,60.41,2315.52
ED,2015-07-31,2015-08-05,0001423302,officer,34.41,60.41,2078.71
ED,2015-07-31,2015-08-05,0001286157,officer,9.2,60.41,555.77
ED,2015-07-31,2015-08-05,0001286156,officer,38.32,60.41,2314.91
ED,2015-08-17,2015-08-17,0001564677,officer_director,32.0,66.85,2139.2
ED,2015-08-31,2015-09-04,0001564677,officer_director,36.03,64.27,2315.65
ED,2015-08-31,2015-09-04,0001358393,officer,34.58,64.27,2222.46
ED,2015-08-31,2015-09-04,0001423302,officer,32.35,64.27,2079.13
ED,2015-08-31,2015-09-04,0001466373,officer,31.12,64.27,2000.08
ED,2015-08-31,2015-09-04,0001286157,officer,8.64,64.27,555.29
ED,2015-08-31,2015-09-04,0001592315,officer,36.03,64.27,2315.65
ED,2015-08-31,2015-09-04,0001286156,officer,36.02,64.27,2315.01
ED,2015-08-31,2015-09-04,0001463822,officer,34.58,64.27,2222.46
ED,2015-09-09,2015-09-09,0001068020,director,1500.0,61.55,92325.0
ED,2015-09-15,2015-09-17,0001564677,officer_director,34.0,62.52,2125.68
ED,2015-09-30,2015-10-05,0001286156,officer,112.47,63.0,7085.61
ED,2015-09-30,2015-10-05,0001358393,officer,72.92,63.0,4593.96
ED,2015-09-30,2015-10-05,0001564677,officer_director,56.68,63.0,3570.84
ED,2015-09-30,2015-10-05,0001463822,officer,50.47,63.0,3179.61
ED,2015-09-30,2015-10-05,0001466373,officer,87.28,63.0,5498.64
ED,2015-09-30,2015-10-05,0001423302,officer,87.86,63.0,5535.18
ED,2015-09-30,2015-10-05,0001286157,officer,25.32,63.0,1595.16
ED,2015-09-30,2015-10-05,0001232009,officer,1.1,63.0,69.3
ED,2015-09-30,2015-10-05,0001592315,officer,51.65,63.0,3253.95
ED,2015-09-30,2015-10-05,0001653427,officer,51.79,63.0,3262.77
ED,2015-10-15,2015-10-15,0001564677,officer_director,36.0,65.62,2362.32
ED,2015-10-31,2015-11-05,0001423302,officer,31.25,66.52,2078.75
ED,2015-10-31,2015-11-05,0001564677,officer_director,34.81,66.52,2315.56
ED,2015-10-31,2015-11-05,0001463822,officer,33.41,66.52,2222.43
ED,2015-10-31,2015-11-05,0001286156,officer,34.8,66.52,2314.9
ED,2015-10-31,2015-11-05,0001358393,officer,33.41,66.52,2222.43
ED,2015-10-31,2015-11-05,0001286157,officer,8.35,66.52,555.44
ED,2015-10-31,2015-11-05,0001466373,officer,30.07,66.52,2000.26
ED,2015-10-31,2015-11-05,0001592315,officer,34.81,66.52,2315.56
ED,2015-11-16,2015-11-16,0001564677,officer_director,34.0,61.8,2101.2
ED,2015-11-30,2015-12-04,0001358393,officer,34.82,63.81,2221.86
ED,2015-11-30,2015-12-04,0001286156,officer,36.27,63.81,2314.39
ED,2015-11-30,2015-12-04,0001564677,officer_director,36.29,63.81,2315.66
ED,2015-11-30,2015-12-04,0001592315,officer,36.29,63.81,2315.66
ED,2015-11-30,2015-12-04,0001466373,officer,31.34,63.81,1999.81
ED,2015-11-30,2015-12-04,0001463822,officer,34.82,63.81,2221.86
ED,2015-11-30,2015-12-04,0001423302,officer,32.58,63.81,2078.93
ED,2015-11-30,2015-12-04,0001286157,officer,8.71,63.81,555.79
ED,2015-12-15,2015-12-15,0001564677,officer_director,34.0,62.34,2119.56
ED,2015-12-31,2016-01-07,0001423302,officer,89.56,63.03,5644.97
ED,2015-12-31,2016-01-07,0001592315,officer,52.89,63.03,3333.66
ED,2015-12-31,2016-01-07,0001463822,officer,51.81,63.03,3265.58
ED,2015-12-31,2016-01-07,0001286157,officer,25.8,63.03,1626.17
ED,2015-12-31,2016-01-07,0001286156,officer,114.52,63.03,7218.2
ED,2015-12-31,2016-01-07,0001358393,officer,74.5,63.03,4695.73
ED,2015-12-31,2016-01-07,0001466373,officer,88.95,63.03,5606.52
ED,2015-12-31,2016-01-07,0001564677,officer_director,57.98,63.03,3654.48
ED,2015-12-31,2016-01-07,0001232009,officer,1.11,63.03,69.96
ED,2015-12-31,2016-01-07,0001653427,officer,52.36,63.03,3300.25
ED,2016-01-15,2016-01-19,0001564677,officer_director,31.0,67.34,2087.54
ED,2016-01-31,2016-02-03,0001286156,officer,34.59,66.92,2314.76
ED,2016-01-31,2016-02-03,0001358393,officer,33.21,66.92,2222.41
ED,2016-01-31,2016-02-03,0001564677,officer_director,34.6,66.92,2315.43
ED,2016-01-31,2016-02-03,0001463822,officer,33.21,66.92,2222.41
ED,2016-01-31,2016-02-03,0001466373,officer,29.89,66.92,2000.24
ED,2016-01-31,2016-02-03,0001423302,officer,31.06,66.92,2078.54
ED,2016-01-31,2016-02-03,0001592315,officer,34.6,66.92,2315.43
ED,2016-01-31,2016-02-03,0001286157,officer,8.3,66.92,555.44
ED,2016-02-16,2016-02-16,0001564677,officer_director,29.0,70.7,2050.3
ED,2016-02-29,2016-03-03,0001463822,officer,30.99,71.7,2221.98
ED,2016-02-29,2016-03-03,0001564677,officer_director,32.29,71.7,2315.19
ED,2016-02-29,2016-03-03,0001286156,officer,32.28,71.7,2314.48
ED,2016-02-29,2016-03-03,0001358393,officer,30.99,71.7,2221.98
ED,2016-02-29,2016-03-03,0001592315,officer,32.29,71.7,2315.19
ED,2016-02-29,2016-03-03,0001286157,officer,7.75,71.7,555.68
ED,2016-02-29,2016-03-03,0001423302,officer,28.99,71.7,2078.58
ED,2016-02-29,2016-03-03,0001466373,officer,27.89,71.7,1999.71
ED,2016-03-15,2016-03-16,0001564677,officer_director,28.0,73.78,2065.84
ED,2016-03-31,2016-04-07,0001653427,officer,46.78,73.56,3441.14
ED,2016-03-31,2016-04-07,0001592315,officer,47.12,73.56,3466.15
ED,2016-03-31,2016-04-07,0001232009,officer,0.99,73.56,72.82
ED,2016-03-31,2016-04-07,0001286157,officer,22.98,73.56,1690.41
ED,2016-03-31,2016-04-07,0001423302,officer,79.78,73.56,5868.62
ED,2016-03-31,2016-04-07,0001466373,officer,79.24,73.56,5828.89
ED,2016-03-31,2016-04-07,0001463822,officer,46.04,73.56,3386.7
ED,2016-03-31,2016-04-07,0001564677,officer_director,51.67,73.56,3800.85
ED,2016-03-31,2016-04-07,0001358393,officer,66.32,73.56,4878.5
ED,2016-03-31,2016-04-07,0001286156,officer,102.06,73.56,7507.53
ED,2016-04-15,2016-04-18,0001564677,officer_director,28.0,75.79,2122.12
ED,2016-04-30,2016-05-05,0001592315,officer,31.13,74.39,2315.76
ED,2016-04-30,2016-05-05,0001286157,officer,7.47,74.39,555.69
ED,2016-04-30,2016-05-05,0001423302,officer,27.94,74.39,2078.46
ED,2016-04-30,2016-05-05,0001466373,officer,26.88,74.39,1999.6
ED,2016-04-30,2016-05-05,0001463822,officer,29.87,74.39,2222.03
ED,2016-04-30,2016-05-05,0001564677,officer_director,31.13,74.39,2315.76
ED,2016-04-30,2016-05-05,0001358393,officer,29.87,74.39,2222.03
ED,2016-04-30,2016-05-05,0001286156,officer,31.12,74.39,2315.02
ED,2016-05-16,2016-05-16,0001564677,officer_director,28.0,73.41,2055.48
ED,2016-05-31,2016-06-06,0001592315,officer,31.43,73.67,2315.45
ED,2016-05-31,2016-06-06,0001286157,officer,7.54,73.67,555.47
ED,2016-05-31,2016-06-06,0001423302,officer,28.22,73.67,2078.97
ED,2016-05-31,2016-06-06,0001466373,officer,27.15,73.67,2000.14
ED,2016-05-31,2016-06-06,0001463822,officer,30.17,73.67,2222.62
ED,2016-05-31,2016-06-06,0001564677,officer_director,31.43,73.67,2315.45
ED,2016-05-31,2016-06-06,0001358393,officer,30.17,73.67,2222.62
ED,2016-05-31,2016-06-06,0001286156,officer,31.42,73.67,2314.71
ED,2016-06-15,2016-06-15,0001564677,officer_director,27.0,78.13,2109.51
ED,2016-06-30,2016-07-06,0001653427,officer,45.22,76.85,3475.16
ED,2016-06-30,2016-07-06,0001232009,officer,0.96,76.85,73.78
ED,2016-06-30,2016-07-06,0001286157,officer,22.37,76.85,1719.13
ED,2016-06-30,2016-07-06,0001423302,officer,77.68,76.85,5969.71
ED,2016-06-30,2016-07-06,0001466373,officer,77.14,76.85,5928.21
ED,2016-06-30,2016-07-06,0001463822,officer,45.1,76.85,3465.93
ED,2016-06-30,2016-07-06,0001564677,officer_director,50.58,76.85,3887.07
ED,2016-06-30,2016-07-06,0001358393,officer,64.7,76.85,4972.19
ED,2016-06-30,2016-07-06,0001286156,officer,99.29,76.85,7630.44
ED,2016-06-30,2016-07-06,0001592315,officer,46.17,76.85,3548.16
ED,2016-07-15,2016-07-15,0001564677,officer_director,26.0,79.3,2061.8
ED,2016-07-31,2016-08-04,0001286157,officer,6.93,80.16,555.51
ED,2016-07-31,2016-08-04,0001423302,officer,25.94,80.16,2079.35
ED,2016-07-31,2016-08-04,0001466373,officer,24.95,80.16,1999.99
ED,2016-07-31,2016-08-04,0001463822,officer,27.72,80.16,2222.04
ED,2016-07-31,2016-08-04,0001564677,officer_director,28.89,80.16,2315.82
ED,2016-07-31,2016-08-04,0001358393,officer,27.72,80.16,2222.04
ED,2016-07-31,2016-08-04,0001286156,officer,28.88,80.16,2315.02
ED,2016-07-31,2016-08-04,0001592315,officer,28.89,80.16,2315.82
ED,2016-08-15,2016-08-15,0001564677,officer_director,27.0,78.2,2111.4
ED,2016-08-31,2016-09-07,0001564677,officer_director,30.02,77.14,2315.74
ED,2016-08-31,2016-09-07,0001286157,officer,7.2,77.14,555.41
ED,2016-08-31,2016-09-07,0001423302,officer,26.95,77.14,2078.92
ED,2016-08-31,2016-09-07,0001466373,officer,25.93,77.14,2000.24
ED,2016-08-31,2016-09-07,0001463822,officer,28.81,77.14,2222.4
ED,2016-08-31,2016-09-07,0001358393,officer,28.81,77.14,2222.4
ED,2016-08-31,2016-09-07,0001286156,officer,30.01,77.14,2314.97
ED,2016-08-31,2016-09-07,0001592315,officer,30.02,77.14,2315.74
ED,2016-09-15,2016-09-15,0001564677,officer_director,28.0,74.2,2077.6
ED,2016-09-30,2016-10-06,0001423302,officer,80.38,75.49,6067.89
ED,2016-09-30,2016-10-06,0001286157,officer,23.13,75.49,1746.08
ED,2016-09-30,2016-10-06,0001682978,officer,15.23,75.49,1149.71
ED,2016-09-30,2016-10-06,0001653427,officer,46.48,75.49,3508.78
ED,2016-09-30,2016-10-06,0001463822,officer,46.93,75.49,3542.75
ED,2016-09-30,2016-10-06,0001232009,officer,0.99,75.49,74.74
ED,2016-09-30,2016-10-06,0001592315,officer,48.05,75.49,3627.29
ED,2016-09-30,2016-10-06,0001286156,officer,102.64,75.49,7748.29
ED,2016-09-30,2016-10-06,0001564677,officer_director,52.57,75.49,3968.51
ED,2016-09-30,2016-10-06,0001466373,officer,79.8,75.49,6024.1
ED,2016-09-30,2016-10-06,0001358393,officer,67.08,75.49,5063.87
ED,2016-10-17,2016-10-17,0001564677,officer_director,28.0,72.93,2042.04
ED,2016-10-31,2016-11-03,0001286156,officer,31.74,72.93,2314.8
ED,2016-10-31,2016-11-03,0001358393,officer,30.47,72.93,2222.18
ED,2016-10-31,2016-11-03,0001466373,officer,27.42,72.93,1999.74
ED,2016-10-31,2016-11-03,0001423302,officer,28.51,72.93,2079.23
ED,2016-10-31,2016-11-03,0001463822,officer,30.47,72.93,2222.18
ED,2016-10-31,2016-11-03,0001564677,officer_director,31.75,72.93,2315.53
ED,2016-10-31,2016-11-03,0001592315,officer,31.75,72.93,2315.53
ED,2016-10-31,2016-11-03,0001286157,officer,7.62,72.93,555.73
ED,2016-11-15,2016-11-16,0001564677,officer_director,30.0,70.82,2124.6
ED,2016-11-30,2016-12-06,0001286157,officer,7.7,72.2,555.94
ED,2016-11-30,2016-12-06,0001423302,officer,28.79,72.2,2078.64
ED,2016-11-30,2016-12-06,0001466373,officer,27.7,72.2,1999.94
ED,2016-11-30,2016-12-06,0001564677,officer_director,32.07,72.2,2315.45
ED,2016-11-30,2016-12-06,0001463822,officer,30.78,72.2,2222.32
ED,2016-11-30,2016-12-06,0001592315,officer,32.07,72.2,2315.45
ED,2016-11-30,2016-12-06,0001286156,officer,32.06,72.2,2314.73
ED,2016-11-30,2016-12-06,0001358393,officer,30.78,72.2,2222.32
ED,2016-12-15,2016-12-15,0001564677,officer_director,30.0,70.98,2129.4
ED,2016-12-31,2017-01-05,0001653427,officer,49.54,71.53,3543.6
ED,2016-12-31,2017-01-05,0001682978,officer,16.24,71.53,1161.65
ED,2016-12-31,2017-01-05,0001232009,officer,1.05,71.53,75.11
ED,2016-12-31,2017-01-05,0001286157,officer,24.81,71.53,1774.66
ED,2016-12-31,2017-01-05,0001423302,officer,86.25,71.53,6169.46
ED,2016-12-31,2017-01-05,0001466373,officer,85.62,71.53,6124.4
ED,2016-12-31,2017-01-05,0001463822,officer,50.64,71.53,3622.28
ED,2016-12-31,2017-01-05,0001564677,officer_director,56.55,71.53,4045.02
ED,2016-12-31,2017-01-05,0001358393,officer,56.58,71.53,4047.17
ED,2016-12-31,2017-01-05,0001286156,officer,110.05,71.53,7871.88
ED,2016-12-31,2017-01-05,0001592315,officer,51.73,71.53,3700.25
ED,2017-01-17,2017-01-17,0001564677,officer_director,29.0,73.88,2142.52
ED,2017-01-31,2017-02-03,0001466373,officer,27.34,73.16,2000.19
ED,2017-01-31,2017-02-03,0001423302,officer,28.42,73.16,2079.21
ED,2017-01-31,2017-02-03,0001286157,officer,7.59,73.16,555.28
ED,2017-01-31,2017-02-03,0001463822,officer,30.38,73.16,2222.6
ED,2017-01-31,2017-02-03,0001564677,officer_director,31.65,73.16,2315.51
ED,2017-01-31,2017-02-03,0001286156,officer,31.64,73.16,2314.78
ED,2017-01-31,2017-02-03,0001592315,officer,31.65,73.16,2315.51
ED,2017-02-15,2017-02-17,0001564677,officer_director,28.0,73.29,2052.12
ED,2017-02-28,2017-03-06,0001286157,officer,7.49,74.17,555.53
ED,2017-02-28,2017-03-06,0001423302,officer,28.03,74.17,2078.99
ED,2017-02-28,2017-03-06,0001466373,officer,26.96,74.17,1999.62
ED,2017-02-28,2017-03-06,0001463822,officer,29.96,74.17,2222.13
ED,2017-02-28,2017-03-06,0001564677,officer_director,31.22,74.17,2315.59
ED,2017-02-28,2017-03-06,0001286156,officer,31.21,74.17,2314.85
ED,2017-02-28,2017-03-06,0001592315,officer,31.22,74.17,2315.59
ED,2017-03-15,2017-03-16,0001564677,officer_director,27.0,76.64,2069.28
ED,2017-03-31,2017-04-06,0001653427,officer,47.74,77.24,3687.44
ED,2017-03-31,2017-04-06,0001682978,officer,41.54,77.24,3208.55
ED,2017-03-31,2017-04-06,0001232009,officer,1.01,77.24,78.01
ED,2017-03-31,2017-04-06,0001286157,officer,23.85,77.24,1842.17
ED,2017-03-31,2017-04-06,0001592315,officer,49.71,77.24,3839.6
ED,2017-03-31,2017-04-06,0001286156,officer,105.78,77.24,8170.45
ED,2017-03-31,2017-04-06,0001358393,officer,0.56,77.24,43.25
ED,2017-03-31,2017-04-06,0001564677,officer_director,54.35,77.24,4197.99
ED,2017-03-31,2017-04-06,0001463822,officer,48.54,77.24,3749.23
ED,2017-03-31,2017-04-06,0001466373,officer,82.27,77.24,6354.53
ED,2017-03-31,2017-04-06,0001423302,officer,82.87,77.24,6400.88
ED,2017-04-17,2017-04-17,0001564677,officer_director,27.0,78.71,2125.17
ED,2017-04-30,2017-05-04,0001682978,officer,25.47,78.53,2000.16
ED,2017-04-30,2017-05-04,0001286157,officer,7.07,78.53,555.21
ED,2017-04-30,2017-05-04,0001423302,officer,26.47,78.53,2078.69
ED,2017-04-30,2017-05-04,0001466373,officer,25.47,78.53,2000.16
ED,2017-04-30,2017-05-04,0001463822,officer,28.3,78.53,2222.4
ED,2017-04-30,2017-05-04,0001564677,officer_director,29.49,78.53,2315.85
ED,2017-04-30,2017-05-04,0001286156,officer,29.48,78.53,2315.06
ED,2017-04-30,2017-05-04,0001592315,officer,29.49,78.53,2315.85
ED,2017-05-15,2017-05-15,0001564677,officer_director,27.0,79.42,2144.34
ED,2017-05-17,2017-05-18,0001068020,director,900.0,79.74,71766.0
ED,2017-05-31,2017-06-06,0001682978,officer,25.0,80.0,2000.0
ED,2017-05-31,2017-06-06,0001286157,officer,6.94,80.0,555.2
ED,2017-05-31,2017-06-06,0001423302,officer,25.99,80.0,2079.2
ED,2017-05-31,2017-06-06,0001466373,officer,25.0,80.0,2000.0
ED,2017-05-31,2017-06-06,0001463822,officer,27.78,80.0,2222.4
ED,2017-05-31,2017-06-06,0001564677,officer_director,28.94,80.0,2315.2
ED,2017-05-31,2017-06-06,0001286156,officer,28.94,80.0,2315.2
ED,2017-05-31,2017-06-06,0001592315,officer,28.94,80.0,2315.2
ED,2017-06-30,2017-07-06,0001653427,officer,44.52,83.64,3723.65
ED,2017-06-30,2017-07-06,0001682978,officer,38.98,83.64,3260.29
ED,2017-06-30,2017-07-06,0001232009,officer,0.95,83.64,79.46
ED,2017-06-30,2017-07-06,0001286157,officer,22.37,83.64,1871.03
ED,2017-06-30,2017-07-06,0001423302,officer,77.79,83.64,6506.36
ED,2017-06-30,2017-07-06,0001466373,officer,77.21,83.64,6457.84
ED,2017-06-30,2017-07-06,0001463822,officer,45.81,83.64,3831.55
ED,2017-06-30,2017-07-06,0001564677,officer_director,51.24,83.64,4285.71
ED,2017-06-30,2017-07-06,0001358393,officer,0.52,83.64,43.49
ED,2017-06-30,2017-07-06,0001286156,officer,99.21,83.64,8297.92
ED,2017-06-30,2017-07-06,0001592315,officer,46.92,83.64,3924.39
ED,2017-07-31,2017-08-03,0001592315,officer,28.49,81.27,2315.38
ED,2017-07-31,2017-08-03,0001286156,officer,28.48,81.27,2314.57
ED,2017-07-31,2017-08-03,0001564677,officer_director,28.49,81.27,2315.38
ED,2017-07-31,2017-08-03,0001463822,officer,27.34,81.27,2221.92
ED,2017-07-31,2017-08-03,0001466373,officer,24.61,81.27,2000.05
ED,2017-07-31,2017-08-03,0001423302,officer,25.58,81.27,2078.89
ED,2017-07-31,2017-08-03,0001286157,officer,6.84,81.27,555.89
ED,2017-07-31,2017-08-03,0001682978,officer,24.61,81.27,2000.05
ED,2017-08-31,2017-09-06,0001682978,officer,23.93,83.57,1999.83
ED,2017-08-31,2017-09-06,0001286157,officer,6.65,83.57,555.74
ED,2017-08-31,2017-09-06,0001423302,officer,24.88,83.57,2079.22
ED,2017-08-31,2017-09-06,0001466373,officer,23.93,83.57,1999.83
ED,2017-08-31,2017-09-06,0001463822,officer,26.59,83.57,2222.13
ED,2017-08-31,2017-09-06,0001564677,officer_director,27.71,83.57,2315.72
ED,2017-08-31,2017-09-06,0001286156,officer,27.7,83.57,2314.89
ED,2017-08-31,2017-09-06,0001592315,officer,27.71,83.57,2315.72
ED,2017-09-30,2017-10-05,0001653427,officer,44.72,84.05,3758.72
ED,2017-09-30,2017-10-05,0001682978,officer,39.6,84.05,3328.38
ED,2017-09-30,2017-10-05,0001232009,officer,0.95,84.05,79.85
ED,2017-09-30,2017-10-05,0001286157,officer,22.6,84.05,1899.53
ED,2017-09-30,2017-10-05,0001423302,officer,78.6,84.05,6606.33
ED,2017-09-30,2017-10-05,0001466373,officer,78.0,84.05,6555.9
ED,2017-09-30,2017-10-05,0001463822,officer,46.51,84.05,3909.17
ED,2017-09-30,2017-10-05,0001564677,officer_director,51.99,84.05,4369.76
ED,2017-09-30,2017-10-05,0001358393,officer,0.53,84.05,44.55
ED,2017-09-30,2017-10-05,0001286156,officer,100.16,84.05,8418.45
ED,2017-09-30,2017-10-05,0001592315,officer,47.64,84.05,4004.14
ED,2017-10-31,2017-11-06,0001592315,officer,27.85,83.13,2315.17
ED,2017-10-31,2017-11-06,0001463822,officer,26.73,83.13,2222.06
ED,2017-10-31,2017-11-06,0001286157,officer,6.68,83.13,555.31
ED,2017-10-31,2017-11-06,0001466373,officer,24.06,83.13,2000.11
ED,2017-10-31,2017-11-06,0001564677,officer_director,27.85,83.13,2315.17
ED,2017-10-31,2017-11-06,0001682978,officer,24.06,83.13,2000.11
ED,2017-10-31,2017-11-06,0001286156,officer,27.85,83.13,2315.17
ED,2017-10-31,2017-11-06,0001423302,officer,25.01,83.13,2079.08
ED,2017-11-30,2017-12-05,0001682978,officer,23.0,86.95,1999.85
ED,2017-11-30,2017-12-05,0001286157,officer,6.39,86.95,555.61
ED,2017-11-30,2017-12-05,0001423302,officer,23.91,86.95,2078.97
ED,2017-11-30,2017-12-05,0001466373,officer,23.0,86.95,1999.85
ED,2017-11-30,2017-12-05,0001463822,officer,25.56,86.95,2222.44
ED,2017-11-30,2017-12-05,0001564677,officer_director,26.63,86.95,2315.48
ED,2017-11-30,2017-12-05,0001286156,officer,26.62,86.95,2314.61
ED,2017-11-30,2017-12-05,0001592315,officer,26.63,86.95,2315.48
ED,2017-12-31,2018-01-04,0001653427,officer,43.54,87.1,3792.33
ED,2017-12-31,2018-01-04,0001682978,officer,42.55,87.1,3706.1
ED,2017-12-31,2018-01-04,0001232009,officer,0.92,87.1,80.13
ED,2017-12-31,2018-01-04,0001286157,officer,8.04,87.1,700.28
ED,2017-12-31,2018-01-04,0001423302,officer,76.97,87.1,6704.09
ED,2017-12-31,2018-01-04,0001466373,officer,76.37,87.1,6651.83
ED,2017-12-31,2018-01-04,0001463822,officer,45.75,87.1,3984.82
ED,2017-12-31,2018-01-04,0001564677,officer_director,51.01,87.1,4442.97
ED,2017-12-31,2018-01-04,0001358393,officer,0.51,87.1,44.42
ED,2017-12-31,2018-01-04,0001286156,officer,98.02,87.1,8537.54
ED,2017-12-31,2018-01-04,0001592315,officer,46.78,87.1,4074.54
ED,2018-01-31,2018-02-05,0001682978,officer,28.59,80.84,2311.22
ED,2018-01-31,2018-02-05,0001286157,officer,6.87,80.84,555.37
ED,2018-01-31,2018-02-05,0001423302,officer,25.72,80.84,2079.2
ED,2018-01-31,2018-02-05,0001466373,officer,24.74,80.84,1999.98
ED,2018-01-31,2018-02-05,0001463822,officer,27.49,80.84,2222.29
ED,2018-01-31,2018-02-05,0001564677,officer_director,28.65,80.84,2316.07
ED,2018-01-31,2018-02-05,0001286156,officer,28.64,80.84,2315.26
ED,2018-01-31,2018-02-05,0001592315,officer,28.65,80.84,2316.07
ED,2018-02-28,2018-03-05,0001682978,officer,30.07,76.86,2311.18
ED,2018-02-28,2018-03-05,0001286157,officer,7.23,76.86,555.7
ED,2018-02-28,2018-03-05,0001423302,officer,27.05,76.86,2079.06
ED,2018-02-28,2018-03-05,0001466373,officer,26.02,76.86,1999.9
ED,2018-02-28,2018-03-05,0001463822,officer,28.91,76.86,2222.02
ED,2018-02-28,2018-03-05,0001564677,officer_director,30.13,76.86,2315.79
ED,2018-02-28,2018-03-05,0001286156,officer,30.12,76.86,2315.02
ED,2018-02-28,2018-03-05,0001592315,officer,30.13,76.86,2315.79
ED,2018-03-31,2018-04-05,0001592315,officer,55.42,76.29,4227.99
ED,2018-03-31,2018-04-05,0001286156,officer,116.46,76.29,8884.73
ED,2018-03-31,2018-04-05,0001564677,officer_director,60.48,76.29,4614.02
ED,2018-03-31,2018-04-05,0001463822,officer,54.1,76.29,4127.29
ED,2018-03-31,2018-04-05,0001423302,officer,91.4,76.29,6972.91
ED,2018-03-31,2018-04-05,0001466373,officer,90.7,76.29,6919.5
ED,2018-03-31,2018-04-05,0001286157,officer,9.47,76.29,722.47
ED,2018-03-31,2018-04-05,0001232009,officer,1.1,76.29,83.92
ED,2018-03-31,2018-04-05,0001682978,officer,50.22,76.29,3831.28
ED,2018-03-31,2018-04-05,0001653427,officer,51.97,76.29,3964.79
ED,2018-04-30,2018-05-04,0001463822,officer,28.51,77.95,2222.35
ED,2018-04-30,2018-05-04,0001286157,officer,7.13,77.95,555.78
ED,2018-04-30,2018-05-04,0001682978,officer,29.65,77.95,2311.22
ED,2018-04-30,2018-05-04,0001466373,officer,25.66,77.95,2000.2
ED,2018-04-30,2018-05-04,0001423302,officer,26.67,77.95,2078.93
ED,2018-04-30,2018-05-04,0001564677,officer_director,29.71,77.95,2315.89
ED,2018-04-30,2018-05-04,0001286156,officer,29.7,77.95,2315.12
ED,2018-04-30,2018-05-04,0001592315,officer,29.71,77.95,2315.89
ED,2018-05-31,2018-06-07,0001682978,officer,30.12,76.72,2310.81
ED,2018-05-31,2018-06-07,0001423302,officer,27.1,76.72,2079.11
ED,2018-05-31,2018-06-07,0001564677,officer_director,30.18,76.72,2315.41
ED,2018-05-31,2018-06-07,0001592315,officer,30.18,76.72,2315.41
ED,2018-05-31,2018-06-07,0001286156,officer,30.17,76.72,2314.64
ED,2018-05-31,2018-06-07,0001466373,officer,26.07,76.72,2000.09
ED,2018-05-31,2018-06-07,0001463822,officer,28.97,76.72,2222.58
ED,2018-05-31,2018-06-07,0001286157,officer,7.24,76.72,555.45
ED,2018-06-30,2018-07-06,0001653427,officer,54.42,73.61,4005.86
ED,2018-06-30,2018-07-06,0001682978,officer,53.24,73.61,3919.0
ED,2018-06-30,2018-07-06,0001232009,officer,1.16,73.61,85.39
ED,2018-06-30,2018-07-06,0001286157,officer,10.07,73.61,741.25
ED,2018-06-30,2018-07-06,0001423302,officer,96.29,73.61,7087.91
ED,2018-06-30,2018-07-06,0001466373,officer,95.54,73.61,7032.7
ED,2018-06-30,2018-07-06,0001463822,officer,57.28,73.61,4216.38
ED,2018-06-30,2018-07-06,0001564677,officer_director,63.98,73.61,4709.57
ED,2018-06-30,2018-07-06,0001286156,officer,122.61,73.61,9025.32
ED,2018-06-30,2018-07-06,0001592315,officer,58.69,73.61,4320.17
ED,2018-07-31,2018-08-03,0001286157,officer,7.13,77.97,555.93
ED,2018-07-31,2018-08-03,0001682978,officer,29.64,77.97,2311.03
ED,2018-07-31,2018-08-03,0001423302,officer,26.66,77.97,2078.68
ED,2018-07-31,2018-08-03,0001466373,officer,25.65,77.97,1999.93
ED,2018-07-31,2018-08-03,0001463822,officer,28.5,77.97,2222.14
ED,2018-07-31,2018-08-03,0001564677,officer_director,29.7,77.97,2315.71
ED,2018-07-31,2018-08-03,0001286156,officer,29.69,77.97,2314.93
ED,2018-07-31,2018-08-03,0001592315,officer,29.7,77.97,2315.71
ED,2018-08-31,2018-09-07,0001682978,officer,29.27,78.96,2311.16
ED,2018-08-31,2018-09-07,0001286157,officer,7.04,78.96,555.88
ED,2018-08-31,2018-09-07,0001423302,officer,26.33,78.96,2079.02
ED,2018-08-31,2018-09-07,0001466373,officer,25.33,78.96,2000.06
ED,2018-08-31,2018-09-07,0001463822,officer,28.14,78.96,2221.93
ED,2018-08-31,2018-09-07,0001564677,officer_director,29.33,78.96,2315.9
ED,2018-08-31,2018-09-07,0001286156,officer,29.32,78.96,2315.11
ED,2018-08-31,2018-09-07,0001592315,officer,29.33,78.96,2315.9
ED,2018-09-30,2018-10-03,0001653427,officer,50.95,79.48,4049.51
ED,2018-09-30,2018-10-03,0001592315,officer,55.54,79.48,4414.32
ED,2018-09-30,2018-10-03,0001286156,officer,115.38,79.48,9170.4
ED,2018-09-30,2018-10-03,0001564677,officer_director,60.49,79.48,4807.75
ED,2018-09-30,2018-10-03,0001466373,officer,89.96,79.48,7150.02
ED,2018-09-30,2018-10-03,0001423302,officer,90.68,79.48,7207.25
ED,2018-09-30,2018-10-03,0001286157,officer,9.57,79.48,760.62
ED,2018-09-30,2018-10-03,0001232009,officer,1.08,79.48,85.84
ED,2018-09-30,2018-10-03,0001682978,officer,50.44,79.48,4008.97
ED,2018-09-30,2018-10-03,0001463822,officer,54.2,79.48,4307.82
ED,2018-10-31,2018-11-05,0001682978,officer,30.07,76.85,2310.88
ED,2018-10-31,2018-11-05,0001286157,officer,7.23,76.85,555.63
ED,2018-10-31,2018-11-05,0001423302,officer,27.05,76.85,2078.79
ED,2018-10-31,2018-11-05,0001466373,officer,26.03,76.85,2000.41
ED,2018-10-31,2018-11-05,0001463822,officer,28.92,76.85,2222.5
ED,2018-10-31,2018-11-05,0001564677,officer_director,30.13,76.85,2315.49
ED,2018-10-31,2018-11-05,0001286156,officer,30.12,76.85,2314.72
ED,2018-10-31,2018-11-05,0001592315,officer,30.13,76.85,2315.49
ED,2018-11-30,2018-12-06,0001592315,officer,30.03,77.1,2315.31
ED,2018-11-30,2018-12-06,0001286156,officer,30.02,77.1,2314.54
ED,2018-11-30,2018-12-06,0001564677,officer_director,30.03,77.1,2315.31
ED,2018-11-30,2018-12-06,0001463822,officer,28.82,77.1,2222.02
ED,2018-11-30,2018-12-06,0001466373,officer,25.94,77.1,1999.97
ED,2018-11-30,2018-12-06,0001423302,officer,26.96,77.1,2078.62
ED,2018-11-30,2018-12-06,0001286157,officer,7.21,77.1,555.89
ED,2018-11-30,2018-12-06,0001682978,officer,29.97,77.1,2310.69
ED,2018-12-31,2019-01-07,0001653427,officer,49.91,81.94,4089.63
ED,2018-12-31,2019-01-07,0001682978,officer,49.98,81.94,4095.36
ED,2018-12-31,2019-01-07,0001232009,officer,1.06,81.94,86.86
ED,2018-12-31,2019-01-07,0001286157,officer,9.51,81.94,779.25
ED,2018-12-31,2019-01-07,0001423302,officer,89.35,81.94,7321.34
ED,2018-12-31,2019-01-07,0001466373,officer,88.62,81.94,7261.52
ED,2018-12-31,2019-01-07,0001463822,officer,53.64,81.94,4395.26
ED,2018-12-31,2019-01-07,0001564677,officer_director,59.73,81.94,4894.28
ED,2018-12-31,2019-01-07,0001286156,officer,113.6,81.94,9308.38
ED,2018-12-31,2019-01-07,0001592315,officer,54.87,81.94,4496.05
ED,2019-01-31,2019-02-06,0001682978,officer,30.37,76.09,2310.85
ED,2019-01-31,2019-02-06,0001423302,officer,27.32,76.09,2078.78
ED,2019-01-31,2019-02-06,0001286157,officer,7.3,76.09,555.46
ED,2019-01-31,2019-02-06,0001466373,officer,26.29,76.09,2000.41
ED,2019-01-31,2019-02-06,0001463822,officer,29.21,76.09,2222.59
ED,2019-01-31,2019-02-06,0001564677,officer_director,30.43,76.09,2315.42
ED,2019-01-31,2019-02-06,0001286156,officer,30.42,76.09,2314.66
ED,2019-01-31,2019-02-06,0001592315,officer,30.43,76.09,2315.42
ED,2019-02-28,2019-03-06,0001682978,officer,29.36,78.71,2310.93
ED,2019-02-28,2019-03-06,0001286157,officer,7.06,78.71,555.69
ED,2019-02-28,2019-03-06,0001423302,officer,26.41,78.71,2078.73
ED,2019-02-28,2019-03-06,0001466373,officer,25.41,78.71,2000.02
ED,2019-02-28,2019-03-06,0001463822,officer,28.23,78.71,2221.98
ED,2019-02-28,2019-03-06,0001564677,officer_director,29.42,78.71,2315.65
ED,2019-02-28,2019-03-06,0001286156,officer,29.41,78.71,2314.86
ED,2019-02-28,2019-03-06,0001592315,officer,29.42,78.71,2315.65
ED,2019-03-31,2019-04-04,0001653427,officer,50.51,84.61,4273.65
ED,2019-03-31,2019-04-04,0001682978,officer,50.22,84.61,4249.11
ED,2019-03-31,2019-04-04,0001232009,officer,1.07,84.61,90.53
ED,2019-03-31,2019-04-04,0001286157,officer,9.54,84.61,807.18
ED,2019-03-31,2019-04-04,0001423302,officer,90.09,84.61,7622.51
ED,2019-03-31,2019-04-04,0001466373,officer,89.37,84.61,7561.6
ED,2019-03-31,2019-04-04,0001463822,officer,53.94,84.61,4563.86
ED,2019-03-31,2019-04-04,0001564677,officer_director,60.19,84.61,5092.68
ED,2019-03-31,2019-04-04,0001286156,officer,114.6,84.61,9696.31
ED,2019-03-31,2019-04-04,0001592315,officer,55.27,84.61,4676.39
ED,2019-04-30,2019-05-03,0001682978,officer,27.5,84.04,2311.1
ED,2019-04-30,2019-05-03,0001286157,officer,6.61,84.04,555.5
ED,2019-04-30,2019-05-03,0001423302,officer,24.74,84.04,2079.15
ED,2019-04-30,2019-05-03,0001466373,officer,23.8,84.04,2000.15
ED,2019-04-30,2019-05-03,0001463822,officer,26.44,84.04,2222.02
ED,2019-04-30,2019-05-03,0001564677,officer_director,27.55,84.04,2315.3
ED,2019-04-30,2019-05-03,0001286156,officer,27.54,84.04,2314.46
ED,2019-04-30,2019-05-03,0001592315,officer,27.55,84.04,2315.3
ED,2019-05-31,2019-06-05,0001682978,officer,26.79,86.26,2310.91
ED,2019-05-31,2019-06-05,0001286157,officer,6.44,86.26,555.51
ED,2019-05-31,2019-06-05,0001423302,officer,24.1,86.26,2078.87
ED,2019-05-31,2019-06-05,0001466373,officer,23.19,86.26,2000.37
ED,2019-05-31,2019-06-05,0001463822,officer,25.76,86.26,2222.06
ED,2019-05-31,2019-06-05,0001564677,officer_director,26.84,86.26,2315.22
ED,2019-05-31,2019-06-05,0001286156,officer,26.84,86.26,2315.22
ED,2019-05-31,2019-06-05,0001592315,officer,26.84,86.26,2315.22
ED,2019-06-30,2019-07-05,0001232009,officer,1.04,88.44,91.98
ED,2019-06-30,2019-07-05,0001653427,officer,48.79,88.44,4314.99
ED,2019-06-30,2019-07-05,0001682978,officer,49.04,88.44,4337.1
ED,2019-06-30,2019-07-05,0001286157,officer,9.34,88.44,826.03
ED,2019-06-30,2019-07-05,0001423302,officer,87.51,88.44,7739.38
ED,2019-06-30,2019-07-05,0001466373,officer,86.79,88.44,7675.71
ED,2019-06-30,2019-07-05,0001463822,officer,52.61,88.44,4652.83
ED,2019-06-30,2019-07-05,0001564677,officer_director,58.67,88.44,5188.77
ED,2019-06-30,2019-07-05,0001286156,officer,111.23,88.44,9837.18
ED,2019-06-30,2019-07-05,0001777893,officer,9.28,88.44,820.72
ED,2019-06-30,2019-07-05,0001592315,officer,53.93,88.44,4769.57
ED,2019-07-31,2019-08-05,0001682978,officer,26.46,87.35,2311.28
ED,2019-07-31,2019-08-05,0001286157,officer,6.36,87.35,555.55
ED,2019-07-31,2019-08-05,0001423302,officer,23.8,87.35,2078.93
ED,2019-07-31,2019-08-05,0001466373,officer,22.9,87.35,2000.31
ED,2019-07-31,2019-08-05,0001463822,officer,25.44,87.35,2222.18
ED,2019-07-31,2019-08-05,0001564677,officer_director,26.51,87.35,2315.65
ED,2019-07-31,2019-08-05,0001286156,officer,26.5,87.35,2314.77
ED,2019-07-31,2019-08-05,0001592315,officer,26.51,87.35,2315.65
ED,2019-07-31,2019-08-05,0001777893,officer,3.82,87.35,333.68
ED,2019-08-31,2019-09-05,0001682978,officer,26.55,87.05,2311.18
ED,2019-08-31,2019-09-05,0001286157,officer,6.38,87.05,555.38
ED,2019-08-31,2019-09-05,0001423302,officer,23.88,87.05,2078.75
ED,2019-08-31,2019-09-05,0001466373,officer,22.98,87.05,2000.41
ED,2019-08-31,2019-09-05,0001463822,officer,25.53,87.05,2222.39
ED,2019-08-31,2019-09-05,0001564677,officer_director,26.6,87.05,2315.53
ED,2019-08-31,2019-09-05,0001286156,officer,26.59,87.05,2314.66
ED,2019-08-31,2019-09-05,0001592315,officer,26.6,87.05,2315.53
ED,2019-08-31,2019-09-05,0001777893,officer,3.83,87.05,333.4
ED,2019-09-30,2019-10-03,0001682978,officer,48.76,90.66,4420.58
ED,2019-09-30,2019-10-03,0001232009,officer,1.02,90.66,92.47
ED,2019-09-30,2019-10-03,0001286157,officer,9.31,90.66,844.04
ED,2019-09-30,2019-10-03,0001423302,officer,86.59,90.66,7850.25
ED,2019-09-30,2019-10-03,0001466373,officer,85.86,90.66,7784.07
ED,2019-09-30,2019-10-03,0001463822,officer,52.26,90.66,4737.89
ED,2019-09-30,2019-10-03,0001564677,officer_director,58.25,90.66,5280.94
ED,2019-09-30,2019-10-03,0001286156,officer,110.0,90.66,9972.6
ED,2019-09-30,2019-10-03,0001592315,officer,53.58,90.66,4857.56
ED,2019-09-30,2019-10-03,0001777893,officer,9.21,90.66,834.98
ED,2019-10-31,2019-11-05,0001682978,officer,24.86,92.97,2311.23
ED,2019-10-31,2019-11-05,0001286157,officer,5.98,92.97,555.96
ED,2019-10-31,2019-11-05,0001423302,officer,22.36,92.97,2078.81
ED,2019-10-31,2019-11-05,0001466373,officer,21.51,92.97,1999.78
ED,2019-10-31,2019-11-05,0001564677,officer_director,24.91,92.97,2315.88
ED,2019-10-31,2019-11-05,0001286156,officer,24.9,92.97,2314.95
ED,2019-10-31,2019-11-05,0001592315,officer,24.91,92.97,2315.88
ED,2019-10-31,2019-11-05,0001777893,officer,3.59,92.97,333.76
ED,2019-11-30,2019-12-05,0001682978,officer,26.53,87.13,2311.56
ED,2019-11-30,2019-12-05,0001286157,officer,6.38,87.13,555.89
ED,2019-11-30,2019-12-05,0001423302,officer,23.86,87.13,2078.92
ED,2019-11-30,2019-12-05,0001466373,officer,22.96,87.13,2000.5
ED,2019-11-30,2019-12-05,0001564677,officer_director,26.58,87.13,2315.92
ED,2019-11-30,2019-12-05,0001286156,officer,26.57,87.13,2315.04
ED,2019-11-30,2019-12-05,0001592315,officer,26.58,87.13,2315.92
ED,2019-11-30,2019-12-05,0001777893,officer,3.83,87.13,333.71
ED,2019-12-31,2020-01-07,0001463822,officer,29.36,87.88,2580.16
ED,2019-12-31,2020-01-07,0001286157,officer,9.81,87.88,862.1
ED,2019-12-31,2020-01-07,0001777893,officer,9.65,87.88,848.04
ED,2019-12-31,2020-01-07,0001592315,officer,56.15,87.88,4934.46
ED,2019-12-31,2020-01-07,0001286156,officer,114.99,87.88,10105.32
ED,2019-12-31,2020-01-07,0001564677,officer_director,61.01,87.88,5361.56
ED,2019-12-31,2020-01-07,0001466373,officer,89.8,87.88,7891.62
ED,2019-12-31,2020-01-07,0001423302,officer,90.57,87.88,7959.29
ED,2019-12-31,2020-01-07,0001232009,officer,1.06,87.88,93.15
ED,2019-12-31,2020-01-07,0001682978,officer,51.24,87.88,4502.97
ED,2020-01-31,2020-02-06,0001777893,officer,3.69,90.26,333.06
ED,2020-01-31,2020-02-06,0001592315,officer,25.65,90.26,2315.17
ED,2020-01-31,2020-02-06,0001796197,officer,25.63,90.26,2313.36
ED,2020-01-31,2020-02-06,0001286156,officer,25.65,90.26,2315.17
ED,2020-01-31,2020-02-06,0001564677,officer_director,25.65,90.26,2315.17
ED,2020-01-31,2020-02-06,0001466373,officer,22.16,90.26,2000.16
ED,2020-01-31,2020-02-06,0001795103,officer,7.39,90.26,667.02
ED,2020-01-31,2020-02-06,0001423302,officer,23.03,90.26,2078.69
ED,2020-01-31,2020-02-06,0001682978,officer,25.61,90.26,2311.56
ED,2020-02-29,2020-03-05,0001286156,officer,24.85,93.14,2314.53
ED,2020-02-29,2020-03-05,0001682978,officer,24.81,93.14,2310.8
ED,2020-02-29,2020-03-05,0001423302,officer,22.32,93.14,2078.88
ED,2020-02-29,2020-03-05,0001795103,officer,7.16,93.14,666.88
ED,2020-02-29,2020-03-05,0001466373,officer,21.47,93.14,1999.72
ED,2020-02-29,2020-03-05,0001564677,officer_director,24.86,93.14,2315.46
ED,2020-02-29,2020-03-05,0001796197,officer,24.84,93.14,2313.6
ED,2020-02-29,2020-03-05,0001592315,officer,24.86,93.14,2315.46
ED,2020-02-29,2020-03-05,0001777893,officer,3.58,93.14,333.44
ED,2020-03-31,2020-04-07,0001682978,officer,56.89,82.01,4665.55
ED,2020-03-31,2020-04-07,0001423302,officer,100.91,82.01,8275.63
ED,2020-03-31,2020-04-07,0001795103,officer,17.78,82.01,1458.14
ED,2020-03-31,2020-04-07,0001466373,officer,100.06,82.01,8205.92
ED,2020-03-31,2020-04-07,0001564677,officer_director,67.93,82.01,5570.94
ED,2020-03-31,2020-04-07,0001286156,officer,128.17,82.01,10511.22
ED,2020-03-31,2020-04-07,0001592315,officer,62.49,82.01,5124.8
ED,2020-03-31,2020-04-07,0001796197,officer,31.11,82.01,2551.33
ED,2020-03-31,2020-04-07,0001777893,officer,10.74,82.01,880.79
ED,2020-03-31,2020-04-07,0001232009,officer,1.19,82.01,97.59
ED,2020-04-30,2020-05-06,0001777893,officer,4.04,82.62,333.78
ED,2020-04-30,2020-05-06,0001592315,officer,28.03,82.62,2315.84
ED,2020-04-30,2020-05-06,0001796197,officer,28.0,82.62,2313.36
ED,2020-04-30,2020-05-06,0001286156,officer,28.02,82.62,2315.01
ED,2020-04-30,2020-05-06,0001795103,officer,8.07,82.62,666.74
ED,2020-04-30,2020-05-06,0001423302,officer,25.16,82.62,2078.72
ED,2020-04-30,2020-05-06,0001564677,officer_director,28.03,82.62,2315.84
ED,2020-04-30,2020-05-06,0001466373,officer,24.21,82.62,2000.23
ED,2020-04-30,2020-05-06,0001682978,officer,27.97,82.62,2310.88
ED,2020-05-31,2020-06-04,0001682978,officer,31.68,72.95,2311.06
ED,2020-05-31,2020-06-04,0001423302,officer,28.5,72.95,2079.08
ED,2020-05-31,2020-06-04,0001795103,officer,9.14,72.95,666.76
ED,2020-05-31,2020-06-04,0001466373,officer,27.42,72.95,2000.29
ED,2020-05-31,2020-06-04,0001564677,officer_director,31.74,72.95,2315.43
ED,2020-05-31,2020-06-04,0001286156,officer,31.73,72.95,2314.7
ED,2020-05-31,2020-06-04,0001796197,officer,31.71,72.95,2313.24
ED,2020-05-31,2020-06-04,0001592315,officer,31.74,72.95,2315.43
ED,2020-05-31,2020-06-04,0001777893,officer,4.57,72.95,333.38
ED,2020-06-24,2020-06-25,0001286156,officer,2000.0,71.65,143300.0
ED,2020-06-30,2020-07-07,0001682978,officer,63.61,74.81,4758.66
ED,2020-06-30,2020-07-07,0001232009,officer,1.32,74.81,98.75
ED,2020-06-30,2020-07-07,0001423302,officer,112.3,74.81,8401.16
ED,2020-06-30,2020-07-07,0001795103,officer,19.86,74.81,1485.73
ED,2020-06-30,2020-07-07,0001466373,officer,111.33,74.81,8328.6
ED,2020-06-30,2020-07-07,0001564677,officer_director,75.83,74.81,5672.84
ED,2020-06-30,2020-07-07,0001286156,officer,142.55,74.81,10664.17
ED,2020-06-30,2020-07-07,0001796197,officer,35.05,74.81,2622.09
ED,2020-06-30,2020-07-07,0001592315,officer,69.81,74.81,5222.49
ED,2020-06-30,2020-07-07,0001777893,officer,11.98,74.81,896.22
ED,2020-07-31,2020-08-05,0001682978,officer,31.2,74.08,2311.3
ED,2020-07-31,2020-08-05,0001795103,officer,9.0,74.08,666.72
ED,2020-07-31,2020-08-05,0001466373,officer,27.0,74.08,2000.16
ED,2020-07-31,2020-08-05,0001796197,officer,31.23,74.08,2313.52
ED,2020-07-31,2020-08-05,0001423302,officer,28.06,74.08,2078.68
ED,2020-07-31,2020-08-05,0001286156,officer,31.25,74.08,2315.0
ED,2020-07-31,2020-08-05,0001777893,officer,4.5,74.08,333.36
ED,2020-07-31,2020-08-05,0001592315,officer,31.26,74.08,2315.74
ED,2020-07-31,2020-08-05,0001564677,officer_director,31.26,74.08,2315.74
ED,2020-08-31,2020-09-03,0001682978,officer,31.3,73.84,2311.19
ED,2020-08-31,2020-09-03,0001423302,officer,28.15,73.84,2078.6
ED,2020-08-31,2020-09-03,0001795103,officer,9.03,73.84,666.78
ED,2020-08-31,2020-09-03,0001466373,officer,27.09,73.84,2000.33
ED,2020-08-31,2020-09-03,0001564677,officer_director,31.36,73.84,2315.62
ED,2020-08-31,2020-09-03,0001286156,officer,31.35,73.84,2314.88
ED,2020-08-31,2020-09-03,0001796197,officer,31.33,73.84,2313.41
ED,2020-08-31,2020-09-03,0001777893,officer,4.51,73.84,333.02
ED,2020-08-31,2020-09-03,0001592315,officer,31.36,73.84,2315.62
ED,2020-09-30,2020-10-07,0001682978,officer,62.55,77.8,4866.39
ED,2020-09-30,2020-10-07,0001232009,officer,1.28,77.8,99.58
ED,2020-09-30,2020-10-07,0001423302,officer,109.83,77.8,8544.77
ED,2020-09-30,2020-10-07,0001795103,officer,19.51,77.8,1517.88
ED,2020-09-30,2020-10-07,0001466373,officer,108.87,77.8,8470.09
ED,2020-09-30,2020-10-07,0001564677,officer_director,74.44,77.8,5791.43
ED,2020-09-30,2020-10-07,0001286156,officer,139.32,77.8,10839.1
ED,2020-09-30,2020-10-07,0001796197,officer,34.78,77.8,2705.88
ED,2020-09-30,2020-10-07,0001592315,officer,68.58,77.8,5335.52
ED,2020-09-30,2020-10-07,0001777893,officer,11.75,77.8,914.15
ED,2020-10-31,2020-12-04,0001423302,officer,26.49,78.49,2079.2
ED,2020-10-31,2020-11-05,0001682978,officer,29.44,78.49,2310.75
ED,2020-10-31,2020-11-05,0001423302,officer,26.49,78.49,2079.2
ED,2020-10-31,2020-11-05,0001795103,officer,8.49,78.49,666.38
ED,2020-10-31,2020-11-05,0001466373,officer,25.48,78.49,1999.93
ED,2020-10-31,2020-11-05,0001564677,officer_director,29.5,78.49,2315.45
ED,2020-10-31,2020-11-05,0001286156,officer,29.49,78.49,2314.67
ED,2020-10-31,2020-11-05,0001796197,officer,29.47,78.49,2313.1
ED,2020-10-31,2020-11-05,0001592315,officer,29.5,78.49,2315.45
ED,2020-10-31,2020-11-05,0001777893,officer,4.25,78.49,333.58
ED,2020-11-30,2020-12-04,0001682978,officer,30.31,76.25,2311.14
ED,2020-11-30,2020-12-04,0001795103,officer,8.74,76.25,666.43
ED,2020-11-30,2020-12-04,0001466373,officer,26.23,76.25,2000.04
ED,2020-11-30,2020-12-04,0001564677,officer_director,30.37,76.25,2315.71
ED,2020-11-30,2020-12-04,0001286156,officer,30.36,76.25,2314.95
ED,2020-11-30,2020-12-04,0001796197,officer,30.34,76.25,2313.43
ED,2020-11-30,2020-12-04,0001777893,officer,4.37,76.25,333.21
ED,2020-11-30,2020-12-04,0001592315,officer,30.37,76.25,2315.71
ED,2020-12-31,2021-01-07,0001682978,officer,68.78,72.27,4970.73
ED,2020-12-31,2021-01-07,0001232009,officer,1.39,72.27,100.46
ED,2020-12-31,2021-01-07,0001564677,director,81.6,72.27,5897.23
ED,2020-12-31,2021-01-07,0001592315,officer_director,75.23,72.27,5436.87
ED,2020-12-31,2021-01-07,0001423302,officer,120.17,72.27,8684.69
ED,2020-12-31,2021-01-07,0001795103,officer,21.44,72.27,1549.47
ED,2020-12-31,2021-01-07,0001466373,officer,119.1,72.27,8607.36
ED,2020-12-31,2021-01-07,0001286156,officer,152.34,72.27,11009.61
ED,2020-12-31,2021-01-07,0001796197,officer,38.56,72.27,2786.73
ED,2020-12-31,2021-01-07,0001777893,officer,12.89,72.27,931.56
ED,2021-01-31,2021-02-05,0001682978,officer,32.65,70.78,2310.97
ED,2021-01-31,2021-02-05,0001795103,officer,9.42,70.78,666.75
ED,2021-01-31,2021-02-05,0001423302,officer,29.37,70.78,2078.81
ED,2021-01-31,2021-02-05,0001837203,officer,3.14,70.78,222.25
ED,2021-01-31,2021-02-05,0001836542,officer,1.57,70.78,111.12
ED,2021-01-31,2021-02-05,0001286156,officer,32.7,70.78,2314.51
ED,2021-01-31,2021-02-05,0001796197,officer,32.68,70.78,2313.09
ED,2021-01-31,2021-02-05,0001592315,officer_director,32.72,70.78,2315.92
ED,2021-01-31,2021-02-05,0001777893,officer,4.71,70.78,333.37
ED,2021-02-28,2021-03-04,0001564677,director,423.12,65.65,27777.83
ED,2021-02-28,2021-03-04,0001836542,officer,1.69,65.65,110.95
ED,2021-02-28,2021-03-04,0001682978,officer,35.2,65.65,2310.88
ED,2021-02-28,2021-03-04,0001423302,officer,31.67,65.65,2079.14
ED,2021-02-28,2021-03-04,0001795103,officer,10.16,65.65,667.0
ED,2021-02-28,2021-03-04,0001837203,officer,3.39,65.65,222.55
ED,2021-02-28,2021-03-04,0001286156,officer,35.26,65.65,2314.82
ED,2021-02-28,2021-03-04,0001796197,officer,35.24,65.65,2313.51
ED,2021-02-28,2021-03-04,0001592315,officer_director,35.27,65.65,2315.48
ED,2021-02-28,2021-03-04,0001777893,officer,5.08,65.65,333.5
ED,2021-03-15,2021-03-17,0001837203,officer,1.12,71.28,79.83
ED,2021-03-31,2021-04-07,0001682978,officer,68.44,74.8,5119.31
ED,2021-03-31,2021-04-07,0001836542,officer,8.11,74.8,606.63
ED,2021-03-31,2021-04-07,0001564677,director,49.92,74.8,3734.02
ED,2021-03-31,2021-04-07,0001592315,officer_director,74.94,74.8,5605.51
ED,2021-03-31,2021-04-07,0001423302,officer,119.29,74.8,8922.89
ED,2021-03-31,2021-04-07,0001795103,officer,21.33,74.8,1595.48
ED,2021-03-31,2021-04-07,0001232009,officer,1.38,74.8,103.22
ED,2021-03-31,2021-04-07,0001796197,officer,38.51,74.8,2880.55
ED,2021-03-31,2021-04-07,0001837203,officer,12.25,74.8,916.3
ED,2021-03-31,2021-04-07,0001777893,officer,12.81,74.8,958.19
ED,2021-03-31,2021-04-07,0001286156,officer,151.19,74.8,11309.01
ED,2021-04-30,2021-05-07,0001423302,officer,26.86,77.41,2079.23
ED,2021-04-30,2021-05-07,0001796197,officer,29.88,77.41,2313.01
ED,2021-04-30,2021-05-07,0001795103,officer,8.61,77.41,666.5
ED,2021-04-30,2021-05-07,0001682978,officer,29.86,77.41,2311.46
ED,2021-04-30,2021-05-07,0001836542,officer,1.44,77.41,111.47
ED,2021-04-30,2021-05-07,0001592315,officer_director,29.91,77.41,2315.33
ED,2021-04-30,2021-05-07,0001777893,officer,4.31,77.41,333.64
ED,2021-04-30,2021-05-07,0001286156,officer,29.9,77.41,2314.56
ED,2021-04-30,2021-05-07,0001837203,officer,2.87,77.41,222.17
ED,2021-05-31,2021-06-03,0001682978,officer,29.92,77.24,2311.02
ED,2021-05-31,2021-06-03,0001423302,officer,26.91,77.24,2078.53
ED,2021-05-31,2021-06-03,0001795103,officer,8.63,77.24,666.58
ED,2021-05-31,2021-06-03,0001837203,officer,2.88,77.24,222.45
ED,2021-05-31,2021-06-03,0001836542,officer,1.44,77.24,111.23
ED,2021-05-31,2021-06-03,0001286156,officer,29.97,77.24,2314.88
ED,2021-05-31,2021-06-03,0001796197,officer,29.95,77.24,2313.34
ED,2021-05-31,2021-06-03,0001592315,officer_director,29.98,77.24,2315.66
ED,2021-05-31,2021-06-03,0001777893,officer,4.32,77.24,333.68
ED,2021-06-15,2021-06-16,0001837203,officer,1.04,77.74,80.85
ED,2021-06-30,2021-07-07,0001682978,officer,72.98,71.72,5234.13
ED,2021-06-30,2021-07-07,0001232009,officer,1.45,71.72,103.99
ED,2021-06-30,2021-07-07,0001423302,officer,126.55,71.72,9076.17
ED,2021-06-30,2021-07-07,0001795103,officer,22.72,71.72,1629.48
ED,2021-06-30,2021-07-07,0001837203,officer,13.0,71.72,932.36
ED,2021-06-30,2021-07-07,0001836542,officer,8.59,71.72,616.07
ED,2021-06-30,2021-07-07,0001286156,officer,160.28,71.72,11495.28
ED,2021-06-30,2021-07-07,0001796197,officer,41.41,71.72,2969.93
ED,2021-06-30,2021-07-07,0001592315,officer_director,79.84,71.72,5726.12
ED,2021-06-30,2021-07-07,0001777893,officer,13.62,71.72,976.83
ED,2021-07-31,2021-08-05,0001682978,officer,31.33,73.77,2311.21
ED,2021-07-31,2021-08-05,0001423302,officer,28.18,73.77,2078.84
ED,2021-07-31,2021-08-05,0001795103,officer,9.04,73.77,666.88
ED,2021-07-31,2021-08-05,0001837203,officer,3.01,73.77,222.05
ED,2021-07-31,2021-08-05,0001836542,officer,1.51,73.77,111.39
ED,2021-07-31,2021-08-05,0001286156,officer,31.38,73.77,2314.9
ED,2021-07-31,2021-08-05,0001796197,officer,31.36,73.77,2313.43
ED,2021-07-31,2021-08-05,0001592315,officer_director,31.39,73.77,2315.64
ED,2021-07-31,2021-08-05,0001777893,officer,4.52,73.77,333.44
ED,2021-07-31,2021-08-05,0001592315,officer_director,31.39,73.77,2315.64
ED,2021-08-31,2021-09-03,0001682978,officer,30.63,75.45,2311.03
ED,2021-08-31,2021-09-03,0001423302,officer,27.55,75.45,2078.65
ED,2021-08-31,2021-09-03,0001795103,officer,8.84,75.45,666.98
ED,2021-08-31,2021-09-03,0001837203,officer,2.95,75.45,222.58
ED,2021-08-31,2021-09-03,0001836542,officer,1.47,75.45,110.91
ED,2021-08-31,2021-09-03,0001286156,officer,30.68,75.45,2314.81
ED,2021-08-31,2021-09-03,0001796197,officer,30.66,75.45,2313.3
ED,2021-08-31,2021-09-03,0001592315,officer_director,30.69,75.45,2315.56
ED,2021-08-31,2021-09-03,0001777893,officer,4.42,75.45,333.49
ED,2021-09-15,2021-09-17,0001837203,officer,1.1,73.99,81.39
ED,2021-09-30,2021-10-06,0001682978,officer,73.7,72.59,5349.88
ED,2021-09-30,2021-10-06,0001232009,officer,1.45,72.59,105.26
ED,2021-09-30,2021-10-06,0001423302,officer,127.19,72.59,9232.72
ED,2021-09-30,2021-10-06,0001795103,officer,22.93,72.59,1664.49
ED,2021-09-30,2021-10-06,0001837203,officer,13.06,72.59,948.03
ED,2021-09-30,2021-10-06,0001836542,officer,8.62,72.59,625.73
ED,2021-09-30,2021-10-06,0001286156,officer,160.98,72.59,11685.54
ED,2021-09-30,2021-10-06,0001796197,officer,42.13,72.59,3058.22
ED,2021-09-30,2021-10-06,0001592315,officer_director,80.56,72.59,5847.85
ED,2021-09-30,2021-10-06,0001777893,officer,13.73,72.59,996.66
ED,2021-10-31,2021-11-04,0001682978,officer,30.65,75.4,2311.01
ED,2021-10-31,2021-11-04,0001423302,officer,27.57,75.4,2078.78
ED,2021-10-31,2021-11-04,0001795103,officer,8.84,75.4,666.54
ED,2021-10-31,2021-11-04,0001837203,officer,2.95,75.4,222.43
ED,2021-10-31,2021-11-04,0001836542,officer,1.47,75.4,110.84
ED,2021-10-31,2021-11-04,0001286156,officer,30.7,75.4,2314.78
ED,2021-10-31,2021-11-04,0001796197,officer,30.68,75.4,2313.27
ED,2021-10-31,2021-11-04,0001592315,officer_director,30.71,75.4,2315.53
ED,2021-10-31,2021-11-04,0001777893,officer,4.42,75.4,333.27
ED,2021-11-30,2021-12-06,0001682978,officer,30.65,75.4,2311.01
ED,2021-11-30,2021-12-06,0001423302,officer,27.57,75.4,2078.78
ED,2021-11-30,2021-12-06,0001795103,officer,8.84,75.4,666.54
ED,2021-11-30,2021-12-06,0001837203,officer,2.95,75.4,222.43
ED,2021-11-30,2021-12-06,0001836542,officer,1.47,75.4,110.84
ED,2021-11-30,2021-12-06,0001286156,officer,30.7,75.4,2314.78
ED,2021-11-30,2021-12-06,0001592315,officer_director,30.71,75.4,2315.53
ED,2021-11-30,2021-12-06,0001796197,officer,30.68,75.4,2313.27
ED,2021-11-30,2021-12-06,0001777893,officer,4.42,75.4,333.27
ED,2021-12-15,2021-12-16,0001837203,officer,0.99,83.26,82.43
ED,2021-12-31,2022-01-05,0001682978,officer,64.06,85.32,5465.6
ED,2021-12-31,2022-01-05,0001232009,officer,1.25,85.32,106.65
ED,2021-12-31,2022-01-05,0001423302,officer,110.05,85.32,9389.47
ED,2021-12-31,2022-01-05,0001795103,officer,19.92,85.32,1699.57
ED,2021-12-31,2022-01-05,0001837203,officer,11.31,85.32,964.97
ED,2021-12-31,2022-01-05,0001836542,officer,7.45,85.32,635.63
ED,2021-12-31,2022-01-05,0001286156,officer,139.21,85.32,11877.4
ED,2021-12-31,2022-01-05,0001796197,officer,36.89,85.32,3147.45
ED,2021-12-31,2022-01-05,0001777893,officer,11.91,85.32,1016.16
ED,2021-12-31,2022-01-05,0001592315,officer_director,69.87,85.32,5961.31
ED,2022-01-31,2022-02-04,0001682978,officer,26.73,86.45,2310.81
ED,2022-01-31,2022-02-04,0001423302,officer,24.05,86.45,2079.12
ED,2022-01-31,2022-02-04,0001795103,officer,7.71,86.45,666.53
ED,2022-01-31,2022-02-04,0001837203,officer,2.57,86.45,222.18
ED,2022-01-31,2022-02-04,0001836542,officer,1.29,86.45,111.52
ED,2022-01-31,2022-02-04,0001286156,officer,26.78,86.45,2315.13
ED,2022-01-31,2022-02-04,0001796197,officer,26.76,86.45,2313.4
ED,2022-01-31,2022-02-04,0001777893,officer,3.86,86.45,333.7
ED,2022-01-31,2022-02-04,0001592315,officer_director,26.79,86.45,2316.0
ED,2022-02-28,2022-03-04,0001682978,officer,26.95,85.77,2311.5
ED,2022-02-28,2022-03-04,0001423302,officer,24.24,85.77,2079.06
ED,2022-02-28,2022-03-04,0001795103,officer,7.77,85.77,666.43
ED,2022-02-28,2022-03-04,0001837203,officer,2.59,85.77,222.14
ED,2022-02-28,2022-03-04,0001836542,officer,1.3,85.77,111.5
ED,2022-02-28,2022-03-04,0001286156,officer,26.99,85.77,2314.93
ED,2022-02-28,2022-03-04,0001796197,officer,26.97,85.77,2313.22
ED,2022-02-28,2022-03-04,0001592315,officer_director,27.0,85.77,2315.79
ED,2022-02-28,2022-03-04,0001777893,officer,3.89,85.77,333.65
ED,2022-03-01,2022-03-01,0001592315,officer_director,80.0,86.09,6887.2
ED,2022-03-15,2022-03-16,0001837203,officer,0.94,90.41,84.99
ED,2022-03-31,2022-04-06,0001682978,officer,59.49,94.68,5632.51
ED,2022-03-31,2022-04-06,0001232009,officer,1.16,94.68,109.83
ED,2022-03-31,2022-04-06,0001423302,officer,102.16,94.68,9672.51
ED,2022-03-31,2022-04-06,0001795103,officer,18.5,94.68,1751.58
ED,2022-03-31,2022-04-06,0001837203,officer,10.5,94.68,994.14
ED,2022-03-31,2022-04-06,0001836542,officer,6.92,94.68,655.19
ED,2022-03-31,2022-04-06,0001286156,officer,129.22,94.68,12234.55
ED,2022-03-31,2022-04-06,0001796197,officer,34.28,94.68,3245.63
ED,2022-03-31,2022-04-06,0001592315,officer_director,64.98,94.68,6152.31
ED,2022-03-31,2022-04-06,0001777893,officer,11.05,94.68,1046.21
ED,2022-04-01,2022-04-01,0001592315,officer_director,80.0,94.38,7550.4
ED,2022-04-30,2022-05-05,0001682978,officer,24.92,92.74,2311.08
ED,2022-04-30,2022-05-05,0001423302,officer,22.42,92.74,2079.23
ED,2022-04-30,2022-05-05,0001795103,officer,7.19,92.74,666.8
ED,2022-04-30,2022-05-05,0001837203,officer,2.4,92.74,222.58
ED,2022-04-30,2022-05-05,0001836542,officer,1.2,92.74,111.29
ED,2022-04-30,2022-05-05,0001286156,officer,24.96,92.74,2314.79
ED,2022-04-30,2022-05-05,0001796197,officer,24.94,92.74,2312.94
ED,2022-04-30,2022-05-05,0001592315,officer_director,24.97,92.74,2315.72
ED,2022-04-30,2022-05-05,0001777893,officer,3.59,92.74,332.94
ED,2022-05-02,2022-05-02,0001592315,officer_director,80.0,93.61,7488.8
ED,2022-05-31,2022-06-03,0001777893,officer,3.36,99.26,333.51
ED,2022-05-31,2022-06-03,0001592315,officer_director,23.33,99.26,2315.74
ED,2022-05-31,2022-06-03,0001796197,officer,23.31,99.26,2313.75
ED,2022-05-31,2022-06-03,0001286156,officer,23.32,99.26,2314.74
ED,2022-05-31,2022-06-03,0001836542,officer,1.12,99.26,111.17
ED,2022-05-31,2022-06-03,0001837203,officer,2.24,99.26,222.34
ED,2022-05-31,2022-06-03,0001795103,officer,6.72,99.26,667.03
ED,2022-05-31,2022-06-03,0001423302,officer,20.94,99.26,2078.5
ED,2022-05-31,2022-06-03,0001682978,officer,23.28,99.26,2310.77
ED,2022-06-01,2022-06-01,0001592315,officer_director,80.0,99.33,7946.4
ED,2022-06-15,2022-06-16,0001837203,officer,0.96,89.27,85.7
ED,2022-06-30,2022-07-07,0001935890,officer,4.67,95.1,444.12
ED,2022-06-30,2022-07-07,0001682978,officer,60.26,95.1,5730.73
ED,2022-06-30,2022-07-07,0001232009,officer,1.17,95.1,111.27
ED,2022-06-30,2022-07-07,0001423302,officer,103.08,95.1,9802.91
ED,2022-06-30,2022-07-07,0001795103,officer,18.72,95.1,1780.27
ED,2022-06-30,2022-07-07,0001837203,officer,10.59,95.1,1007.11
ED,2022-06-30,2022-07-07,0001836542,officer,6.97,95.1,662.85
ED,2022-06-30,2022-07-07,0001286156,officer,130.32,95.1,12393.43
ED,2022-06-30,2022-07-07,0001796197,officer,34.92,95.1,3320.89
ED,2022-06-30,2022-07-07,0001777893,officer,11.18,95.1,1063.22
ED,2022-06-30,2022-07-07,0001592315,officer_director,65.77,95.1,6254.73
ED,2022-07-01,2022-07-01,0001592315,officer_director,80.0,95.56,7644.8
ED,2022-07-31,2022-08-04,0001935890,officer,4.48,99.27,444.73
ED,2022-07-31,2022-08-04,0001682978,officer,23.28,99.27,2311.01
ED,2022-07-31,2022-08-04,0001423302,officer,20.94,99.27,2078.71
ED,2022-07-31,2022-08-04,0001795103,officer,6.72,99.27,667.09
ED,2022-07-31,2022-08-04,0001837203,officer,2.24,99.27,222.36
ED,2022-07-31,2022-08-04,0001836542,officer,1.12,99.27,111.18
ED,2022-07-31,2022-08-04,0001286156,officer,23.32,99.27,2314.98
ED,2022-07-31,2022-08-04,0001796197,officer,23.3,99.27,2312.99
ED,2022-07-31,2022-08-04,0001592315,officer_director,23.33,99.27,2315.97
ED,2022-08-01,2022-08-01,0001592315,officer_director,80.0,99.03,7922.4
ED,2022-08-31,2022-09-07,0001935890,officer,4.55,97.74,444.72
ED,2022-08-31,2022-09-07,0001682978,officer,23.65,97.74,2311.55
ED,2022-08-31,2022-09-07,0001423302,officer,21.27,97.74,2078.93
ED,2022-08-31,2022-09-07,0001795103,officer,6.82,97.74,666.59
ED,2022-08-31,2022-09-07,0001837203,officer,2.27,97.74,221.87
ED,2022-08-31,2022-09-07,0001836542,officer,1.14,97.74,111.42
ED,2022-08-31,2022-09-07,0001286156,officer,23.68,97.74,2314.48
ED,2022-08-31,2022-09-07,0001796197,officer,23.67,97.74,2313.51
ED,2022-08-31,2022-09-07,0001592315,officer_director,23.69,97.74,2315.46
ED,2022-09-01,2022-09-01,0001592315,officer_director,80.0,97.78,7822.4
ED,2022-09-15,2022-09-16,0001837203,officer,0.87,99.55,86.61
ED,2022-09-30,2022-10-06,0001935890,officer,5.18,85.76,444.24
ED,2022-09-30,2022-10-06,0001682978,officer,67.91,85.76,5823.96
ED,2022-09-30,2022-10-06,0001423302,officer,115.79,85.76,9930.15
ED,2022-09-30,2022-10-06,0001795103,officer,21.09,85.76,1808.68
ED,2022-09-30,2022-10-06,0001837203,officer,11.9,85.76,1020.54
ED,2022-09-30,2022-10-06,0001836542,officer,7.83,85.76,671.5
ED,2022-09-30,2022-10-06,0001286156,officer,146.32,85.76,12548.4
ED,2022-09-30,2022-10-06,0001796197,officer,39.56,85.76,3392.67
ED,2022-09-30,2022-10-06,0001592315,officer_director,74.08,85.76,6353.1
ED,2022-10-03,2022-10-03,0001592315,officer_director,80.0,87.57,7005.6
ED,2022-10-31,2022-11-07,0001935890,officer,5.05,87.96,444.2
ED,2022-10-31,2022-11-07,0001682978,officer,26.27,87.96,2310.71
ED,2022-10-31,2022-11-07,0001423302,officer,23.63,87.96,2078.49
ED,2022-10-31,2022-11-07,0001795103,officer,7.58,87.96,666.74
ED,2022-10-31,2022-11-07,0001837203,officer,2.53,87.96,222.54
ED,2022-10-31,2022-11-07,0001836542,officer,1.26,87.96,110.83
ED,2022-10-31,2022-11-07,0001286156,officer,26.32,87.96,2315.11
ED,2022-10-31,2022-11-07,0001796197,officer,26.3,87.96,2313.35
ED,2022-10-31,2022-11-07,0001592315,officer_director,26.33,87.96,2315.99
ED,2022-11-01,2022-11-02,0001592315,officer_director,80.0,88.02,7041.6
ED,2022-11-30,2022-12-07,0001935890,officer,4.53,98.04,444.12
ED,2022-11-30,2022-12-07,0001682978,officer,23.57,98.04,2310.8
ED,2022-11-30,2022-12-07,0001423302,officer,21.2,98.04,2078.45
ED,2022-11-30,2022-12-07,0001795103,officer,6.8,98.04,666.67
ED,2022-11-30,2022-12-07,0001837203,officer,2.27,98.04,222.55
ED,2022-11-30,2022-12-07,0001836542,officer,1.13,98.04,110.79
ED,2022-11-30,2022-12-07,0001286156,officer,23.61,98.04,2314.72
ED,2022-11-30,2022-12-07,0001796197,officer,23.6,98.04,2313.74
ED,2022-11-30,2022-12-07,0001592315,officer_director,23.62,98.04,2315.7
ED,2022-12-01,2022-12-01,0001592315,officer_director,80.0,98.6,7888.0
ED,2022-12-15,2022-12-16,0001837203,officer,0.89,97.95,87.18
ED,2022-12-30,2023-01-09,0001935890,officer,4.66,95.31,444.14
ED,2022-12-30,2023-01-09,0001682978,officer,62.19,95.31,5927.33
ED,2022-12-30,2023-01-09,0001423302,officer,105.67,95.31,10071.41
ED,2022-12-30,2023-01-09,0001795103,officer,19.3,95.31,1839.48
ED,2022-12-30,2023-01-09,0001837203,officer,10.86,95.31,1035.07
ED,2022-12-30,2023-01-09,0001836542,officer,7.14,95.31,680.51
ED,2022-12-30,2023-01-09,0001286156,officer,133.47,95.31,12721.03
ED,2022-12-30,2023-01-09,0001796197,officer,36.42,95.31,3471.19
ED,2022-12-30,2023-01-09,0001592315,officer_director,67.71,95.31,6453.44
ED,2023-01-03,2023-01-04,0001592315,officer_director,80.0,95.46,7636.8
ED,2023-01-31,2023-02-06,0001935890,officer,9.33,95.31,889.24
ED,2023-01-31,2023-02-06,0001682978,officer,24.25,95.31,2311.27
ED,2023-01-31,2023-02-06,0001423302,officer,21.81,95.31,2078.71
ED,2023-01-31,2023-02-06,0001795103,officer,6.99,95.31,666.22
ED,2023-01-31,2023-02-06,0001837203,officer,2.33,95.31,222.07
ED,2023-01-31,2023-02-06,0001836542,officer,1.17,95.31,111.51
ED,2023-01-31,2023-02-06,0001286156,officer,24.29,95.31,2315.08
ED,2023-01-31,2023-02-06,0001796197,officer,24.27,95.31,2313.17
ED,2023-01-31,2023-02-06,0001592315,officer_director,24.3,95.31,2316.03
ED,2023-02-01,2023-02-02,0001592315,officer_director,80.0,94.9,7592.0
ED,2023-02-28,2023-03-06,0001935890,officer,9.95,89.35,889.03
ED,2023-02-28,2023-03-06,0001682978,officer,25.87,89.35,2311.48
ED,2023-02-28,2023-03-06,0001423302,officer,23.27,89.35,2079.17
ED,2023-02-28,2023-03-06,0001795103,officer,7.46,89.35,666.55
ED,2023-02-28,2023-03-06,0001837203,officer,2.49,89.35,222.48
ED,2023-02-28,2023-03-06,0001836542,officer,1.24,89.35,110.79
ED,2023-02-28,2023-03-06,0001286156,officer,25.91,89.35,2315.06
ED,2023-02-28,2023-03-06,0001796197,officer,25.89,89.35,2313.27
ED,2023-02-28,2023-03-06,0001592315,officer_director,25.92,89.35,2315.95
ED,2023-03-15,2023-03-16,0001837203,officer,0.96,93.94,90.18
ED,2023-03-31,2023-04-07,0001935890,officer,9.29,95.67,888.77
ED,2023-03-31,2023-04-07,0001682978,officer,63.95,95.67,6118.1
ED,2023-03-31,2023-04-07,0001423302,officer,108.79,95.67,10407.94
ED,2023-03-31,2023-04-07,0001795103,officer,19.85,95.67,1899.05
ED,2023-03-31,2023-04-07,0001837203,officer,11.18,95.67,1069.59
ED,2023-03-31,2023-04-07,0001836542,officer,7.35,95.67,703.17
ED,2023-03-31,2023-04-07,0001286156,officer,137.43,95.67,13147.93
ED,2023-03-31,2023-04-07,0001796197,officer,37.38,95.67,3576.14
ED,2023-03-31,2023-04-07,0001592315,officer_director,69.73,95.67,6671.07
ED,2023-04-28,2023-05-04,0001935890,officer,9.03,98.47,889.18
ED,2023-04-28,2023-05-04,0001682978,officer,23.47,98.47,2311.09
ED,2023-04-28,2023-05-04,0001795103,officer,6.77,98.47,666.64
ED,2023-04-28,2023-05-04,0001837203,officer,2.26,98.47,222.54
ED,2023-04-28,2023-05-04,0001836542,officer,1.13,98.47,111.27
ED,2023-04-28,2023-05-04,0001286156,officer,23.51,98.47,2315.03
ED,2023-04-28,2023-05-04,0001971538,officer,22.57,98.47,2222.47
ED,2023-04-28,2023-05-04,0001796197,officer,23.49,98.47,2313.06
ED,2023-04-28,2023-05-04,0001592315,officer_director,23.52,98.47,2316.01
ED,2023-05-31,2023-06-06,0001935890,officer,9.53,93.3,889.15
ED,2023-05-31,2023-06-06,0001682978,officer,24.77,93.3,2311.04
ED,2023-05-31,2023-06-06,0001795103,officer,7.15,93.3,667.1
ED,2023-05-31,2023-06-06,0001837203,officer,2.38,93.3,222.05
ED,2023-05-31,2023-06-06,0001836542,officer,1.19,93.3,111.03
ED,2023-05-31,2023-06-06,0001971538,officer,23.82,93.3,2222.41
ED,2023-05-31,2023-06-06,0001286156,officer,24.81,93.3,2314.77
ED,2023-05-31,2023-06-06,0001796197,officer,24.8,93.3,2313.84
ED,2023-05-31,2023-06-06,0001592315,officer_director,24.82,93.3,2315.71
ED,2023-06-15,2023-06-16,0001837203,officer,0.98,92.95,91.09
ED,2023-06-30,2023-07-06,0001682978,officer,68.81,90.4,6220.42
ED,2023-06-30,2023-07-06,0001795103,officer,21.35,90.4,1930.04
ED,2023-06-30,2023-07-06,0001837203,officer,11.99,90.4,1083.9
ED,2023-06-30,2023-07-06,0001836542,officer,7.88,90.4,712.35
ED,2023-06-30,2023-07-06,0001286156,officer,147.3,90.4,13315.92
ED,2023-06-30,2023-07-06,0001935890,officer,9.83,90.4,888.63
ED,2023-06-30,2023-07-06,0001796197,officer,40.43,90.4,3654.87
ED,2023-06-30,2023-07-06,0001592315,officer_director,74.98,90.4,6778.19
ED,2023-06-30,2023-07-06,0001971538,officer,26.03,90.4,2353.11
ED,2023-07-31,2023-08-04,0001935890,officer,9.37,94.86,888.84
ED,2023-07-31,2023-08-04,0001682978,officer,24.36,94.86,2310.79
ED,2023-07-31,2023-08-04,0001795103,officer,7.03,94.86,666.87
ED,2023-07-31,2023-08-04,0001837203,officer,2.34,94.86,221.97
ED,2023-07-31,2023-08-04,0001836542,officer,1.17,94.86,110.99
ED,2023-07-31,2023-08-04,0001286156,officer,24.4,94.86,2314.58
ED,2023-07-31,2023-08-04,0001971538,officer,23.43,94.86,2222.57
ED,2023-07-31,2023-08-04,0001796197,officer,24.39,94.86,2313.64
ED,2023-07-31,2023-08-04,0001592315,officer_director,24.41,94.86,2315.53
ED,2023-08-31,2023-09-07,0001935890,officer,9.99,88.96,888.71
ED,2023-08-31,2023-09-07,0001682978,officer,25.98,88.96,2311.18
ED,2023-08-31,2023-09-07,0001795103,officer,7.49,88.96,666.31
ED,2023-08-31,2023-09-07,0001837203,officer,2.5,88.96,222.4
ED,2023-08-31,2023-09-07,0001836542,officer,1.25,88.96,111.2
ED,2023-08-31,2023-09-07,0001286156,officer,26.02,88.96,2314.74
ED,2023-08-31,2023-09-07,0001796197,officer,26.0,88.96,2312.96
ED,2023-08-31,2023-09-07,0001971538,officer,24.98,88.96,2222.22
ED,2023-08-31,2023-09-07,0001592315,officer_director,26.03,88.96,2315.63
ED,2023-09-15,2023-09-18,0001837203,officer,0.99,92.14,91.22
ED,2023-09-29,2023-10-05,0001935890,officer,10.39,85.53,888.66
ED,2023-09-29,2023-10-05,0001682978,officer,73.97,85.53,6326.65
ED,2023-09-29,2023-10-05,0001795103,officer,22.94,85.53,1962.06
ED,2023-09-29,2023-10-05,0001837203,officer,12.85,85.53,1099.06
ED,2023-09-29,2023-10-05,0001836542,officer,8.43,85.53,721.02
ED,2023-09-29,2023-10-05,0001286156,officer,157.75,85.53,13492.36
ED,2023-09-29,2023-10-05,0001971538,officer,28.29,85.53,2419.64
ED,2023-09-29,2023-10-05,0001796197,officer,43.67,85.53,3735.1
ED,2023-09-29,2023-10-05,0001592315,officer_director,80.56,85.53,6890.3
ED,2023-10-31,2023-11-06,0001935890,officer,10.13,87.79,889.31
ED,2023-10-31,2023-11-06,0001682978,officer,26.33,87.79,2311.51
ED,2023-10-31,2023-11-06,0001795103,officer,7.59,87.79,666.33
ED,2023-10-31,2023-11-06,0001837203,officer,2.53,87.79,222.11
ED,2023-10-31,2023-11-06,0001836542,officer,1.27,87.79,111.49
ED,2023-10-31,2023-11-06,0001286156,officer,26.37,87.79,2315.02
ED,2023-10-31,2023-11-06,0001971538,officer,25.31,87.79,2221.96
ED,2023-10-31,2023-11-06,0001796197,officer,26.35,87.79,2313.27
ED,2023-10-31,2023-11-06,0001592315,officer_director,26.38,87.79,2315.9
ED,2023-11-30,2023-12-06,0001682978,officer,25.65,90.11,2311.32
ED,2023-11-30,2023-12-06,0001935890,officer,9.86,90.11,888.48
ED,2023-11-30,2023-12-06,0001795103,officer,7.4,90.11,666.81
ED,2023-11-30,2023-12-06,0001837203,officer,2.47,90.11,222.57
ED,2023-11-30,2023-12-06,0001836542,officer,1.23,90.11,110.84
ED,2023-11-30,2023-12-06,0001286156,officer,25.69,90.11,2314.93
ED,2023-11-30,2023-12-06,0001971538,officer,24.66,90.11,2222.11
ED,2023-11-30,2023-12-06,0001796197,officer,25.67,90.11,2313.12
ED,2023-11-30,2023-12-06,0001592315,officer_director,25.7,90.11,2315.83
ED,2023-12-15,2023-12-18,0001837203,officer,1.02,90.95,92.77
ED,2023-12-29,2024-01-08,0001971538,officer,27.37,90.97,2489.85
ED,2023-12-29,2024-01-08,0001935890,officer,9.77,90.97,888.78
ED,2023-12-29,2024-01-08,0001682978,officer,70.79,90.97,6439.77
ED,2023-12-29,2024-01-08,0001795103,officer,21.95,90.97,1996.79
ED,2023-12-29,2024-01-08,0001837203,officer,12.26,90.97,1115.29
ED,2023-12-29,2024-01-08,0001286156,officer,150.4,90.97,13681.89
ED,2023-12-29,2024-01-08,0001796197,officer,42.01,90.97,3821.65
ED,2023-12-29,2024-01-08,0001592315,officer_director,76.96,90.97,7001.05
ED,2023-12-29,2024-05-06,0001943006,officer,48.86,90.97,4444.79
ED,2024-01-31,2024-02-07,0001935890,officer,9.78,90.9,889.0
ED,2024-01-31,2024-02-07,0001682978,officer,25.43,90.9,2311.59
ED,2024-01-31,2024-02-07,0001795103,officer,7.33,90.9,666.3
ED,2024-01-31,2024-02-07,0001837203,officer,2.45,90.9,222.71
ED,2024-01-31,2024-02-07,0001286156,officer,25.47,90.9,2315.22
ED,2024-01-31,2024-02-07,0001796197,officer,25.45,90.9,2313.41
ED,2024-01-31,2024-02-07,0001592315,officer_director,25.47,90.9,2315.22
ED,2024-01-31,2024-05-06,0001943006,officer,48.89,90.9,4444.1
ED,2024-02-28,2024-05-06,0001943006,officer,50.96,87.21,4444.22
ED,2024-02-29,2024-03-07,0001935890,officer,10.19,87.21,888.67
ED,2024-02-29,2024-03-07,0001682978,officer,26.5,87.21,2311.07
ED,2024-02-29,2024-03-07,0001795103,officer,7.64,87.21,666.28
ED,2024-02-29,2024-03-07,0001837203,officer,2.55,87.21,222.39
ED,2024-02-29,2024-03-07,0001286156,officer,26.54,87.21,2314.55
ED,2024-02-29,2024-03-07,0001796197,officer,26.53,87.21,2313.68
ED,2024-02-29,2024-03-07,0001592315,officer_director,26.55,87.21,2315.43
ED,2024-03-15,2024-03-18,0001837203,officer,1.08,88.08,95.13
ED,2024-03-29,2024-04-04,0001935890,officer,9.79,90.81,889.03
ED,2024-03-29,2024-04-04,0001682978,officer,73.28,90.81,6654.56
ED,2024-03-29,2024-04-04,0001795103,officer,22.72,90.81,2063.2
ED,2024-03-29,2024-04-04,0001837203,officer,12.7,90.81,1153.29
ED,2024-03-29,2024-04-04,0001286156,officer,155.8,90.81,14148.2
ED,2024-03-29,2024-04-04,0001796197,officer,43.44,90.81,3944.79
ED,2024-03-29,2024-04-04,0001592315,officer_director,79.77,90.81,7243.91
ED,2024-03-31,2024-05-06,0001943006,officer,49.93,90.81,4534.14
ED,2024-04-30,2024-05-06,0001682978,officer,24.48,94.4,2310.91
ED,2024-04-30,2024-05-06,0001795103,officer,7.06,94.4,666.46
ED,2024-04-30,2024-05-06,0001837203,officer,2.35,94.4,221.84
ED,2024-04-30,2024-05-06,0001286156,officer,24.52,94.4,2314.69
ED,2024-04-30,2024-05-06,0001943006,officer,47.08,94.4,4444.35
ED,2024-04-30,2024-05-06,0001796197,officer,24.51,94.4,2313.74
ED,2024-04-30,2024-05-06,0001592315,officer_director,24.53,94.4,2315.63
ED,2024-06-14,2024-06-18,0001837203,officer,1.07,90.27,96.59
ED,2024-09-16,2024-09-18,0001837203,officer,0.93,105.07,97.72
ED,2024-12-16,2024-12-17,0001837203,officer,1.06,92.58,98.13
ED,2025-03-14,2025-03-17,0001837203,officer,0.97,103.9,100.78
ED,2025-06-16,2025-06-18,0001837203,officer,0.98,103.96,101.88
ED,2025-09-15,2025-09-16,0001837203,officer,1.06,97.46,103.31
ED,2025-12-15,2025-12-19,0001837203,officer,1.06,97.68,103.54
ED,2026-03-16,2026-03-17,0001837203,officer,0.95,115.55,109.77
EL,2024-02-07,2024-02-07,0001737388,director,1350.0,146.7,198045.0
EL,2024-11-13,2024-11-15,0001070938,director,27320.0,63.71,1740557.2
EL,2024-11-13,2024-11-15,0001070938,director,51680.0,63.18,3265142.4
EL,2024-11-14,2024-11-15,0001070938,director,19229.0,64.99,1249692.71
EL,2024-11-14,2024-11-15,0001070938,director,58771.0,64.49,3790141.79
EL,2024-11-14,2024-11-15,0002036658,officer,1000.0,65.0,65000.0
EL,2024-11-15,2024-11-19,0001070938,director,1300.0,64.56,83928.0
EL,2024-11-15,2024-11-19,0001070938,director,76200.0,64.0,4876800.0
EL,2024-11-18,2024-11-19,0001070938,director,15641.0,65.57,1025580.37
EL,2024-11-18,2024-11-19,0001070938,director,59859.0,64.76,3876468.84
EL,2024-11-19,2024-11-20,0001070938,director,57485.0,64.35,3699159.75
EL,2024-11-19,2024-11-20,0001070938,director,20315.0,64.83,1317021.45
EL,2025-02-05,2025-02-07,0002036658,officer,700.0,65.79,46053.0
EL,2025-02-05,2025-02-07,0001070938,director,6400.0,66.5,425600.0
EL,2025-02-05,2025-02-07,0001070938,director,9400.0,67.81,637414.0
EL,2025-02-05,2025-02-07,0001070938,director,1500.0,68.8,103200.0
EL,2025-02-05,2025-02-07,0001070938,director,25700.0,65.63,1686691.0
EL,2025-02-06,2025-02-07,0001070938,director,21672.0,65.67,1423200.24
EL,2025-02-06,2025-02-07,0001070938,director,18628.0,64.57,1202809.96
EL,2025-02-06,2025-02-07,0001070938,director,3700.0,66.34,245458.0
EL,2025-02-07,2025-02-10,0001070938,director,44900.0,64.99,2918051.0
EL,2025-02-07,2025-02-10,0001070938,director,600.0,65.47,39282.0
EMR,2008-03-11,2020-07-21,0000940911,director,1000000.0,50.0,50000000.0
EMR,2015-08-07,2015-08-10,0001023260,director,4000.0,49.41,197640.0
EMR,2019-11-15,2019-11-19,0001129149,director,1400.0,73.11,102354.0
EMR,2020-03-10,2020-03-11,0001023260,director,5000.0,51.47,257350.0
EMR,2023-11-08,2023-11-14,0001275630,director,2900.0,84.79,245891.0
EMR,2023-11-08,2023-11-13,0001023260,director,3000.0,85.64,256920.0
EMR,2023-11-09,2023-11-13,0001541370,director,500.0,85.53,42765.0
EMR,2023-11-09,2023-11-13,0001658460,director,8000.0,85.5,684000.0
EMR,2023-11-17,2023-11-20,0001754881,officer_director,10000.0,88.2,882000.0
EOG,2021-11-26,2021-11-29,0001827021,director,50000.0,86.0,4300000.0
EOG,2023-01-12,2023-01-17,0001827021,director,20000.0,130.49,2609800.0
EOG,2025-04-14,2025-10-27,0001862479,officer,3.0,107.64,322.92
EOG,2025-05-07,2025-10-27,0001862479,officer,4.0,107.97,431.88
ESRX,2017-10-31,2017-10-31,0001252016,officer_director,8000.0,61.13,489040.0
ETN,2015-09-01,2015-09-03,0001250570,director,3000.0,55.24,165720.0
ETN,2015-12-14,2015-12-16,0001250570,director,1000.0,50.39,50390.0
ETN,2016-02-22,2016-02-23,0001543392,officer,810.0,57.5,46575.0
ETN,2016-08-19,2016-08-22,0001680749,director,550.0,67.32,37026.0
ETN,2016-08-26,2016-08-29,0001181680,director,1000.0,67.23,67230.0
ETN,2019-05-13,2019-05-14,0001680749,director,1655.0,78.54,129983.7
ETN,2019-05-17,2019-05-21,0001618669,director,127.0,79.06,10040.62
ETN,2019-05-17,2019-05-21,0001618669,director,503.0,79.08,39777.24
ETN,2020-03-09,2020-03-11,0001250570,director,4000.0,84.49,337960.0
ETN,2020-03-10,2020-03-11,0001680881,officer,1150.0,86.6,99590.0
ETN,2020-05-19,2020-05-19,0001449522,director,600.0,77.11,46266.0
ETN,2021-08-11,2021-08-13,0001181680,director,1000.0,167.34,167340.0
ETN,2022-02-08,2022-02-09,0001614199,director,243.0,151.58,36833.94
ETN,2024-08-21,2024-08-27,0001366702,director,500.0,298.97,149485.0
ETN,2024-09-03,2024-09-05,0001680749,director,2205.0,300.3,662161.5
ETN,2025-08-11,2025-08-12,0001772226,director,100.0,361.0,36100.0
ETN,2025-10-31,2025-11-04,0001772226,director,100.0,384.34,38434.0
ETN,2025-11-18,2025-11-19,0001772226,director,200.0,339.89,67978.0
EXC,2017-05-11,2017-05-11,0000938885,director,3000.0,33.57,100710.0
EXC,2022-03-22,2022-03-23,0001225760,director,4500.0,43.56,196020.0
F,2015-05-14,2015-05-15,0001209281,director,3000.0,15.22,45660.0
F,2015-09-03,2015-09-03,0001209281,director,3000.0,13.85,41550.0
F,2016-02-03,2016-02-04,0001209281,director,2700.0,11.17,30159.0
F,2016-02-03,2016-02-04,0001209281,director,3300.0,11.17,36861.0
F,2016-08-08,2016-08-08,0001209281,director,5000.0,12.26,61300.0
F,2017-03-24,2017-03-28,0001230846,officer_director,171379.0,11.67,1999992.93
F,2018-02-09,2018-02-12,0001209281,director,5000.0,10.28,51400.0
F,2018-05-11,2018-05-15,0001209281,director,600.0,11.17,6702.0
F,2018-05-11,2018-05-15,0001209281,director,4400.0,11.18,49192.0
F,2018-08-02,2018-08-06,0001209281,director,10000.0,9.89,98900.0
F,2018-10-29,2018-10-30,0001229953,director,4000.0,12.9,51600.0
F,2019-05-10,2019-05-14,0001209281,director,10000.0,10.32,103200.0
F,2019-05-23,2019-05-24,0001090353,director,10200.0,9.81,100062.0
F,2019-07-29,2019-07-30,0001209281,director,300.0,9.6,2880.0
F,2019-07-29,2019-07-30,0001209281,director,9700.0,9.6,93120.0
F,2019-08-01,2019-08-05,0001230846,officer_director,840962.0,9.51,7997548.62
F,2019-10-25,2019-10-29,0001209281,director,300.0,8.68,2604.0
F,2019-10-25,2019-10-29,0001209281,director,24700.0,8.68,214396.0
F,2020-02-12,2020-02-12,0001209281,director,10000.0,8.14,81400.0
F,2020-03-12,2020-03-16,0001209281,director,10000.0,5.36,53600.0
F,2020-03-16,2020-03-16,0001209281,director,10000.0,5.1,51000.0
F,2020-04-30,2020-05-04,0001415834,officer,194950.0,5.13,1000093.5
F,2021-02-23,2021-02-25,0001090353,director,8620.0,11.62,100164.4
F,2021-12-10,2021-12-14,0001230846,officer_director,412500.0,20.62,8505750.0
F,2021-12-20,2021-12-22,0001863399,director,38789.0,19.33,749791.37
F,2022-03-24,2022-03-28,0001230846,officer_director,267697.0,16.81,4499986.57
F,2023-12-08,2023-12-11,0001650649,officer,182000.0,11.05,2011100.0
F,2024-06-06,2024-06-07,0001090353,director,24790.0,12.08,299463.2
F,2025-11-14,2025-11-18,0001090353,director,7520.0,13.19,99188.8
F,2026-02-19,2026-02-23,0001230846,officer_director,140000.0,13.82,1934800.0
FAST,2015-02-05,2015-02-09,0001607149,officer,162.0,42.24,6842.88
FAST,2015-02-05,2015-02-09,0001607149,officer,162.0,42.19,6834.78
FAST,2015-02-05,2015-02-09,0001607149,officer,162.0,42.26,6846.12
FAST,2015-02-05,2015-02-06,0001454708,director,235.0,42.12,9898.2
FAST,2015-02-27,2015-03-02,0001454708,director,500.0,41.95,20975.0
FAST,2015-02-27,2015-03-02,0001454708,director,30.0,42.0,1260.0
FAST,2015-03-04,2015-03-06,0001454708,director,500.0,39.71,19855.0
FAST,2015-03-11,2015-03-13,0001554387,director,600.0,40.83,24498.0
FAST,2015-03-11,2015-03-13,0001554387,director,2400.0,40.83,97992.0
FAST,2015-07-24,2015-07-28,0001555049,officer,2500.0,40.03,100075.0
FAST,2015-08-07,2015-08-11,0001454708,director,500.0,40.18,20090.0
FAST,2015-08-12,2015-08-12,0001454708,director,500.0,39.55,19775.0
FAST,2015-08-12,2015-08-12,0001246130,officer,1000.0,39.73,39730.0
FAST,2015-08-25,2015-09-04,0001036295,officer_director,1279.0,40.11,51300.69
FAST,2015-08-31,2015-09-01,0001540958,director,650.0,38.13,24784.5
FAST,2015-12-11,2015-12-17,0001554387,director,5000.0,39.75,198750.0
FAST,2016-02-08,2016-02-12,0001256632,director,1800.0,44.04,79272.0
FAST,2016-02-08,2016-02-12,0001256632,director,700.0,44.04,30828.0
FAST,2016-09-09,2016-09-13,0001454708,director,600.0,41.0,24600.0
FAST,2016-10-13,2016-10-17,0001454708,director,700.0,38.82,27174.0
FAST,2017-04-17,2017-04-18,0001675882,director,350.0,45.67,15984.5
FAST,2017-04-24,2017-04-25,0001540958,director,350.0,45.28,15848.0
FAST,2017-04-28,2017-05-01,0001191188,director,5000.0,44.75,223750.0
FAST,2017-05-25,2017-05-26,0001681628,officer,1000.0,43.76,43760.0
FAST,2017-07-17,2017-07-21,0001540958,director,1000.0,42.48,42480.0
FAST,2017-07-17,2017-07-18,0001681628,officer,1000.0,42.51,42510.0
FAST,2017-07-21,2017-07-25,0001607149,officer,118.0,42.36,4998.48
FAST,2017-07-21,2017-07-25,0001607149,officer,118.0,42.39,5002.02
FAST,2017-07-21,2017-07-25,0001607149,officer,118.0,42.31,4992.58
FAST,2017-07-21,2017-07-21,0001691831,officer,1000.0,42.36,42360.0
FAST,2017-07-24,2017-07-25,0001675882,director,600.0,42.71,25626.0
FAST,2017-08-22,2017-08-23,0001540958,director,800.0,40.58,32464.0
FAST,2018-04-25,2018-04-27,0001454708,director,455.0,48.75,22181.25
FAST,2018-04-27,2018-04-30,0001540958,director,700.0,50.31,35217.0
FAST,2018-04-30,2018-05-01,0001681628,officer,1000.0,50.28,50280.0
FAST,2018-06-06,2018-06-07,0001607155,officer,2000.0,51.85,103700.0
FAST,2018-10-12,2018-10-15,0001607155,officer,1500.0,52.07,78105.0
FAST,2018-10-12,2018-10-15,0001017427,officer_director,2000.0,51.95,103900.0
FAST,2018-10-16,2018-10-17,0001681628,officer,500.0,52.28,26140.0
FAST,2018-10-22,2018-10-24,0001675882,director,965.0,51.56,49755.4
FAST,2018-10-23,2018-10-24,0001691831,officer,830.0,50.54,41948.2
FAST,2019-07-18,2019-07-19,0001454708,director,1004.0,30.13,30250.52
FAST,2019-07-18,2019-07-19,0001454708,director,100.0,30.13,3013.0
FAST,2019-08-01,2019-08-02,0001675882,director,2500.0,30.49,76225.0
FAST,2019-08-05,2019-08-06,0001454708,director,1000.0,28.99,28990.0
FAST,2020-01-23,2020-01-24,0001191188,director,18000.0,35.57,640260.0
FAST,2020-01-27,2020-01-28,0001454708,director,740.0,34.94,25855.6
FAST,2020-03-09,2020-03-10,0001454708,director,205.0,31.21,6398.05
FAST,2020-03-12,2020-03-16,0001681628,officer,1500.0,31.5,47250.0
FAST,2020-09-10,2020-09-11,0001454708,director,550.0,44.83,24656.5
FAST,2020-10-16,2020-10-19,0001821543,director,1000.0,45.0,45000.0
FAST,2020-10-19,2020-10-19,0001821543,director,1000.0,44.5,44500.0
FAST,2020-10-21,2020-10-22,0001454708,director,550.0,44.3,24365.0
FAST,2021-01-21,2021-01-25,0001454708,director,300.0,48.8,14640.0
FAST,2021-01-21,2021-01-25,0001454708,director,300.0,48.03,14409.0
FAST,2021-01-25,2021-01-27,0001454708,director,770.0,47.5,36575.0
FAST,2021-01-28,2021-01-29,0001540958,director,998.0,48.29,48193.42
FAST,2021-01-28,2021-01-29,0001540958,director,2.0,48.28,96.56
FAST,2021-02-01,2021-02-03,0001675882,director,1080.0,46.5,50220.0
FAST,2021-02-04,2021-02-08,0001454708,director,500.0,46.66,23330.0
FAST,2021-02-04,2021-02-08,0001454708,director,1000.0,46.01,46010.0
FAST,2021-02-05,2021-02-08,0001246285,director,2500.0,47.31,118275.0
FAST,2021-03-04,2021-03-08,0001454708,director,2286.0,43.74,99989.64
FAST,2021-03-04,2021-03-08,0001454708,director,640.0,46.0,29440.0
FAST,2021-03-05,2021-03-08,0001540958,director,700.0,44.63,31241.0
FAST,2021-03-05,2021-03-08,0001540958,director,300.0,44.63,13389.0
FAST,2021-03-05,2021-03-08,0001454708,director,560.0,44.15,24724.0
FAST,2021-08-04,2021-08-06,0001675882,director,1000.0,55.48,55480.0
FAST,2021-09-08,2021-09-10,0001454708,director,265.0,54.09,14333.85
FAST,2021-09-13,2021-09-14,0001821543,director,1000.0,53.2,53200.0
FAST,2021-10-15,2021-10-18,0001344393,director,1000.0,55.76,55760.0
FAST,2022-01-20,2022-01-21,0001454708,director,360.0,58.0,20880.0
FAST,2022-01-20,2022-01-21,0001454708,director,370.0,56.38,20860.6
FAST,2022-04-14,2022-04-18,0001454708,director,150.0,56.8,8520.0
FAST,2022-04-14,2022-04-18,0001454708,director,500.0,56.29,28145.0
FAST,2022-05-05,2022-05-09,0001454708,director,135.0,54.65,7377.75
FAST,2022-05-05,2022-05-09,0001454708,director,100.0,54.66,5466.0
FAST,2022-05-06,2022-05-09,0001454708,director,400.0,53.0,21200.0
FAST,2022-05-11,2022-05-12,0001454708,director,1000.0,51.0,51000.0
FAST,2022-05-19,2022-05-20,0001675882,director,1000.0,51.01,51010.0
FAST,2022-06-15,2022-06-17,0001418483,officer,1000.0,48.92,48920.0
FAST,2022-06-15,2022-06-17,0001681628,officer,1000.0,49.44,49440.0
FAST,2022-06-15,2022-06-17,0001454708,director,678.0,49.18,33344.04
FAST,2022-07-14,2022-07-18,0001589160,officer,1058.0,46.63,49334.54
FAST,2022-09-13,2022-09-14,0001454708,director,500.0,48.62,24310.0
FAST,2022-09-14,2022-09-16,0001017427,officer_director,4000.0,48.0,192000.0
FAST,2022-09-15,2022-09-16,0001017427,officer_director,1000.0,47.25,47250.0
FAST,2022-09-15,2022-09-16,0001344393,director,500.0,47.58,23790.0
FAST,2022-10-14,2022-10-18,0001540958,director,1000.0,43.89,43890.0
FAST,2022-10-17,2022-10-18,0001344393,director,500.0,44.89,22445.0
FAST,2022-11-29,2022-12-01,0001691805,officer,5940.0,50.58,300445.2
FAST,2023-07-17,2023-07-19,0001454708,director,500.0,57.53,28765.0
FAST,2024-04-17,2024-04-18,0001675882,director,3350.0,68.38,229073.0
FAST,2024-06-10,2024-06-11,0001821543,director,500.0,63.28,31640.0
FAST,2024-06-11,2024-06-11,0001821543,director,500.0,62.95,31475.0
FAST,2025-04-07,2026-01-27,0001660150,officer,20.0,39.15,783.0
FAST,2025-04-14,2026-01-27,0001660150,officer,20.0,39.15,783.0
FAST,2025-10-16,2025-10-16,0001821543,director,1000.0,42.45,42450.0
FAST,2025-11-12,2025-11-13,0001540958,director,1000.0,40.82,40820.0
FAST,2025-11-13,2025-11-14,0001821543,director,1000.0,49.58,49580.0
FAST,2025-11-17,2025-11-21,0001675882,director,1000.0,40.44,40440.0
FAST,2025-11-19,2025-11-20,0001344393,director,1000.0,39.6,39600.0
FCX,2015-06-03,2015-06-05,0000939485,officer_director,20000.0,20.56,411200.0
FCX,2015-06-03,2015-06-05,0000939485,officer_director,20000.0,20.42,408400.0
FCX,2015-06-03,2015-06-05,0000939485,officer_director,20000.0,20.57,411400.0
FCX,2015-08-18,2015-08-19,0001021572,director,1000000.0,9.94,9940000.0
FCX,2015-08-28,2015-08-31,0001168167,officer_director,100000.0,10.57,1057000.0
FCX,2015-09-04,2015-09-08,0000939485,officer_director,1500000.0,9.7,14550000.0
FCX,2015-09-04,2015-09-08,0000939485,officer_director,700000.0,9.7,6790000.0
FCX,2016-10-27,2016-10-28,0001608717,director,25000.0,10.75,268750.0
FCX,2016-10-27,2016-10-28,0001608717,director,25000.0,10.78,269500.0
FCX,2016-10-27,2016-10-28,0001608717,director,50000.0,10.7,535000.0
FCX,2016-10-27,2016-10-28,0001608717,director,25000.0,10.72,268000.0
FCX,2016-10-27,2016-10-28,0001608717,director,25000.0,10.68,267000.0
FCX,2017-09-07,2017-09-08,0001665428,officer,36180.0,15.23,551021.4
FCX,2019-06-06,2019-06-06,0001200685,officer_director,172000.0,10.14,1744080.0
FCX,2019-06-07,2019-06-10,0001200809,officer,50000.0,10.49,524500.0
FCX,2020-01-28,2020-01-29,0001258391,director,45000.0,11.19,503550.0
FCX,2020-03-05,2020-03-09,0001200809,officer,85000.0,10.03,852550.0
FCX,2020-03-05,2020-03-09,0001200685,officer_director,250000.0,10.02,2505000.0
FCX,2021-11-23,2021-12-03,0001464560,director,65.0,38.72,2516.8
FCX,2021-11-23,2021-12-03,0001464560,director,65.0,38.72,2516.8
FCX,2022-04-25,2022-04-26,0001083211,director,12300.0,40.75,501225.0
FCX,2022-08-03,2022-08-04,0001165970,director,3000.0,28.79,86370.0
FCX,2022-08-29,2022-08-30,0001464560,director,31000.0,31.88,988280.0
FCX,2023-05-12,2023-05-15,0001165970,director,4000.0,34.9,139600.0
FDX,2018-02-06,2018-02-07,0001202958,director,80.0,247.96,19836.8
FDX,2018-10-17,2018-10-18,0001198113,director,1000.0,225.16,225160.0
FDX,2019-01-02,2019-01-04,0001197040,director,7000.0,162.92,1140440.0
FDX,2019-07-12,2019-07-15,0001657175,director,600.0,167.69,100614.0
FDX,2019-09-27,2019-10-01,0001186888,director,1000.0,145.0,145000.0
FDX,2019-09-27,2019-10-01,0001186888,director,250.0,145.0,36250.0
FDX,2019-09-27,2019-10-01,0001186888,director,250.0,145.0,36250.0
FDX,2019-09-27,2019-10-01,0001186888,director,250.0,145.0,36250.0
FDX,2019-10-31,2019-11-01,0001017973,director,5000.0,151.75,758750.0
FDX,2019-11-01,2019-11-01,0001017973,director,5000.0,156.5,782500.0
FDX,2019-12-20,2019-12-20,0001017973,director,10000.0,148.22,1482200.0
FDX,2020-03-20,2020-03-20,0001017973,director,5000.0,112.04,560200.0
FDX,2020-07-22,2020-07-22,0001350382,director,2200.0,164.53,361966.0
FDX,2020-07-23,2020-07-27,0001593830,director,302.0,165.76,50059.52
FDX,2020-07-24,2020-07-27,0001593830,director,61.0,165.52,10096.72
FDX,2022-06-30,2022-06-30,0001208529,director,22.0,228.42,5025.24
FDX,2022-06-30,2022-06-30,0001208529,director,585.0,228.11,133444.35
FDX,2022-07-06,2022-07-07,0001764389,director,900.0,230.05,207045.0
FDX,2022-09-26,2022-09-27,0001186888,director,500.0,143.45,71725.0
FDX,2022-09-26,2022-09-27,0001186888,director,500.0,143.34,71670.0
FDX,2022-09-26,2022-09-27,0001186888,director,500.0,143.45,71725.0
FDX,2023-01-03,2023-01-03,0001208529,director,280.0,175.83,49232.4
FDX,2023-04-06,2023-04-06,0001208529,director,415.0,233.15,96757.25
FDX,2023-04-06,2023-04-06,0001208529,director,415.0,232.61,96533.15
FDX,2023-04-12,2023-04-13,0001160512,director,1080.0,230.75,249210.0
FDX,2023-12-26,2023-12-26,0001208529,director,200.0,253.22,50644.0
FDX,2023-12-28,2023-12-28,0001226022,officer,1000.0,252.02,252020.0
FDX,2024-12-26,2024-12-26,0001208529,director,333.0,276.06,91927.98
FDX,2025-01-07,2025-01-08,0001226022,officer,1000.0,273.98,273980.0
FOX,2016-02-11,2016-02-12,0001194696,director,43000.0,24.5,1053500.0
FOX,2016-08-16,2016-08-18,0001644650,director,1000000.0,26.13,26130000.0
FOX,2016-08-16,2016-08-18,0001641859,director,1000000.0,26.13,26130000.0
FOX,2016-08-16,2016-08-18,0001418813,director,1000000.0,26.13,26130000.0
FOX,2016-08-16,2016-08-18,0001418814,director,1000000.0,26.13,26130000.0
FOX,2016-08-16,2016-08-18,0001159187,director,1000000.0,26.13,26130000.0
FOX,2016-08-16,2016-08-18,0001418812,director,1000000.0,26.13,26130000.0
FOX,2016-08-16,2016-08-18,0001351069,director,1000000.0,26.13,26130000.0
FOX,2016-08-16,2016-08-18,0001464912,director,1000000.0,26.13,26130000.0
FOX,2016-08-16,2016-08-18,0001351073,director,1000000.0,26.13,26130000.0
FOX,2016-08-17,2016-08-18,0001644650,director,500000.0,26.05,13025000.0
FOX,2016-08-17,2016-08-18,0001641859,director,500000.0,26.05,13025000.0
FOX,2016-08-17,2016-08-18,0001418813,director,500000.0,26.05,13025000.0
FOX,2016-08-17,2016-08-18,0001418814,director,500000.0,26.05,13025000.0
FOX,2016-08-17,2016-08-18,0001159187,director,500000.0,26.05,13025000.0
FOX,2016-08-17,2016-08-18,0001418812,director,500000.0,26.05,13025000.0
FOX,2016-08-17,2016-08-18,0001351069,director,500000.0,26.05,13025000.0
FOX,2016-08-17,2016-08-18,0001464912,director,500000.0,26.05,13025000.0
FOX,2016-08-17,2016-08-18,0001351073,director,500000.0,26.05,13025000.0
FOX,2016-08-17,2016-08-18,0001644650,director,50000.0,26.05,1302500.0
FOX,2016-08-17,2016-08-18,0001641859,director,50000.0,26.05,1302500.0
FOX,2016-08-17,2016-08-18,0001418813,director,50000.0,26.05,1302500.0
FOX,2016-08-17,2016-08-18,0001418814,director,50000.0,26.05,1302500.0
FOX,2016-08-17,2016-08-18,0001159187,director,50000.0,26.05,1302500.0
FOX,2016-08-17,2016-08-18,0001418812,director,50000.0,26.05,1302500.0
FOX,2016-08-17,2016-08-18,0001351069,director,50000.0,26.05,1302500.0
FOX,2016-08-17,2016-08-18,0001464912,director,50000.0,26.05,1302500.0
FOX,2016-08-17,2016-08-18,0001351073,director,50000.0,26.05,1302500.0
FOX,2016-08-17,2016-08-18,0001644650,director,550000.0,26.1,14355000.0
FOX,2016-08-17,2016-08-18,0001641859,director,550000.0,26.1,14355000.0
FOX,2016-08-17,2016-08-18,0001418813,director,550000.0,26.1,14355000.0
FOX,2016-08-17,2016-08-18,0001418814,director,550000.0,26.1,14355000.0
FOX,2016-08-17,2016-08-18,0001159187,director,550000.0,26.1,14355000.0
FOX,2016-08-17,2016-08-18,0001418812,director,550000.0,26.1,14355000.0
FOX,2016-08-17,2016-08-18,0001351069,director,550000.0,26.1,14355000.0
FOX,2016-08-17,2016-08-18,0001464912,director,550000.0,26.1,14355000.0
FOX,2016-08-17,2016-08-18,0001351073,director,550000.0,26.1,14355000.0
FOX,2016-08-18,2016-08-18,0001644650,director,300000.0,25.86,7758000.0
FOX,2016-08-18,2016-08-18,0001641859,director,300000.0,25.86,7758000.0
FOX,2016-08-18,2016-08-18,0001418813,director,300000.0,25.86,7758000.0
FOX,2016-08-18,2016-08-18,0001418814,director,300000.0,25.86,7758000.0
FOX,2016-08-18,2016-08-18,0001159187,director,300000.0,25.86,7758000.0
FOX,2016-08-18,2016-08-18,0001418812,director,300000.0,25.86,7758000.0
FOX,2016-08-18,2016-08-18,0001351069,director,300000.0,25.86,7758000.0
FOX,2016-08-18,2016-08-18,0001464912,director,300000.0,25.86,7758000.0
FOX,2016-08-18,2016-08-18,0001351073,director,300000.0,25.86,7758000.0
FOX,2016-08-18,2016-08-18,0001644650,director,300000.0,25.99,7797000.0
FOX,2016-08-18,2016-08-18,0001641859,director,300000.0,25.99,7797000.0
FOX,2016-08-18,2016-08-18,0001418813,director,300000.0,25.99,7797000.0
FOX,2016-08-18,2016-08-18,0001418814,director,300000.0,25.99,7797000.0
FOX,2016-08-18,2016-08-18,0001159187,director,300000.0,25.99,7797000.0
FOX,2016-08-18,2016-08-18,0001418812,director,300000.0,25.99,7797000.0
FOX,2016-08-18,2016-08-18,0001351069,director,300000.0,25.99,7797000.0
FOX,2016-08-18,2016-08-18,0001464912,director,300000.0,25.99,7797000.0
FOX,2016-08-18,2016-08-18,0001351073,director,300000.0,25.99,7797000.0
FOX,2016-08-18,2016-08-18,0001644650,director,300000.0,26.05,7815000.0
FOX,2016-08-18,2016-08-18,0001641859,director,300000.0,26.05,7815000.0
FOX,2016-08-18,2016-08-18,0001418813,director,300000.0,26.05,7815000.0
FOX,2016-08-18,2016-08-18,0001418814,director,300000.0,26.05,7815000.0
FOX,2016-08-18,2016-08-18,0001159187,director,300000.0,26.05,7815000.0
FOX,2016-08-18,2016-08-18,0001418812,director,300000.0,26.05,7815000.0
FOX,2016-08-18,2016-08-18,0001351069,director,300000.0,26.05,7815000.0
FOX,2016-08-18,2016-08-18,0001464912,director,300000.0,26.05,7815000.0
FOX,2016-08-18,2016-08-18,0001351073,director,300000.0,26.05,7815000.0
FOX,2016-12-16,2016-12-19,0001159187,director,500000.0,27.79,13895000.0
FOX,2016-12-16,2016-12-19,0001418814,director,500000.0,27.79,13895000.0
FOX,2016-12-16,2016-12-19,0001351073,director,500000.0,27.79,13895000.0
FOX,2016-12-16,2016-12-19,0001641859,director,500000.0,27.79,13895000.0
FOX,2016-12-16,2016-12-19,0001644650,director,500000.0,27.79,13895000.0
FOX,2016-12-16,2016-12-19,0001418812,director,500000.0,27.79,13895000.0
FOX,2016-12-16,2016-12-19,0001351069,director,500000.0,27.79,13895000.0
FOX,2016-12-16,2016-12-19,0001464912,director,500000.0,27.79,13895000.0
FOX,2016-12-16,2016-12-19,0001418813,director,500000.0,27.79,13895000.0
FOX,2016-12-16,2016-12-19,0001159187,director,500000.0,27.8,13900000.0
FOX,2016-12-16,2016-12-19,0001418814,director,500000.0,27.8,13900000.0
FOX,2016-12-16,2016-12-19,0001351073,director,500000.0,27.8,13900000.0
FOX,2016-12-16,2016-12-19,0001641859,director,500000.0,27.8,13900000.0
FOX,2016-12-16,2016-12-19,0001644650,director,500000.0,27.8,13900000.0
FOX,2016-12-16,2016-12-19,0001418812,director,500000.0,27.8,13900000.0
FOX,2016-12-16,2016-12-19,0001351069,director,500000.0,27.8,13900000.0
FOX,2016-12-16,2016-12-19,0001464912,director,500000.0,27.8,13900000.0
FOX,2016-12-16,2016-12-19,0001418813,director,500000.0,27.8,13900000.0
FOX,2016-12-16,2016-12-19,0001159187,director,500000.0,27.79,13895000.0
FOX,2016-12-16,2016-12-19,0001418814,director,500000.0,27.79,13895000.0
FOX,2016-12-16,2016-12-19,0001351073,director,500000.0,27.79,13895000.0
FOX,2016-12-16,2016-12-19,0001641859,director,500000.0,27.79,13895000.0
FOX,2016-12-16,2016-12-19,0001644650,director,500000.0,27.79,13895000.0
FOX,2016-12-16,2016-12-19,0001418812,director,500000.0,27.79,13895000.0
FOX,2016-12-16,2016-12-19,0001351069,director,500000.0,27.79,13895000.0
FOX,2016-12-16,2016-12-19,0001464912,director,500000.0,27.79,13895000.0
FOX,2016-12-16,2016-12-19,0001418813,director,500000.0,27.79,13895000.0
FOX,2016-12-16,2016-12-19,0001159187,director,500000.0,27.78,13890000.0
FOX,2016-12-16,2016-12-19,0001418814,director,500000.0,27.78,13890000.0
FOX,2016-12-16,2016-12-19,0001351073,director,500000.0,27.78,13890000.0
FOX,2016-12-16,2016-12-19,0001641859,director,500000.0,27.78,13890000.0
FOX,2016-12-16,2016-12-19,0001644650,director,500000.0,27.78,13890000.0
FOX,2016-12-16,2016-12-19,0001418812,director,500000.0,27.78,13890000.0
FOX,2016-12-16,2016-12-19,0001351069,director,500000.0,27.78,13890000.0
FOX,2016-12-16,2016-12-19,0001464912,director,500000.0,27.78,13890000.0
FOX,2016-12-16,2016-12-19,0001418813,director,500000.0,27.78,13890000.0
FOX,2016-12-16,2016-12-19,0001159187,director,500000.0,27.74,13870000.0
FOX,2016-12-16,2016-12-19,0001418814,director,500000.0,27.74,13870000.0
FOX,2016-12-16,2016-12-19,0001351073,director,500000.0,27.74,13870000.0
FOX,2016-12-16,2016-12-19,0001641859,director,500000.0,27.74,13870000.0
FOX,2016-12-16,2016-12-19,0001644650,director,500000.0,27.74,13870000.0
FOX,2016-12-16,2016-12-19,0001418812,director,500000.0,27.74,13870000.0
FOX,2016-12-16,2016-12-19,0001351069,director,500000.0,27.74,13870000.0
FOX,2016-12-16,2016-12-19,0001464912,director,500000.0,27.74,13870000.0
FOX,2016-12-16,2016-12-19,0001418813,director,500000.0,27.74,13870000.0
FOX,2016-12-16,2016-12-19,0001159187,director,500000.0,27.8,13900000.0
FOX,2016-12-16,2016-12-19,0001418814,director,500000.0,27.8,13900000.0
FOX,2016-12-16,2016-12-19,0001351073,director,500000.0,27.8,13900000.0
FOX,2016-12-16,2016-12-19,0001641859,director,500000.0,27.8,13900000.0
FOX,2016-12-16,2016-12-19,0001644650,director,500000.0,27.8,13900000.0
FOX,2016-12-16,2016-12-19,0001418812,director,500000.0,27.8,13900000.0
FOX,2016-12-16,2016-12-19,0001351069,director,500000.0,27.8,13900000.0
FOX,2016-12-16,2016-12-19,0001464912,director,500000.0,27.8,13900000.0
FOX,2016-12-16,2016-12-19,0001418813,director,500000.0,27.8,13900000.0
FOX,2018-08-16,2018-08-17,0001242818,officer_director,137801.0,45.48,6267189.48
FOX,2019-03-14,2019-03-14,0001242818,officer_director,316317.0,51.2,16195430.4
FOX,2019-06-05,2019-06-10,0001024835,officer_director,200000.0,34.42,6884000.0
FOX,2019-06-06,2019-06-10,0001024835,officer_director,200000.0,34.15,6830000.0
FOX,2019-06-07,2019-06-10,0001024835,officer_director,200000.0,34.23,6846000.0
FOX,2019-06-14,2019-06-14,0001024835,officer_director,600000.0,35.29,21174000.0
FOX,2019-08-12,2019-08-13,0001194703,director,3000.0,34.91,104730.0
FOX,2019-08-27,2019-08-29,0001024835,officer_director,100000.0,32.24,3224000.0
FOX,2019-08-28,2019-08-29,0001024835,officer_director,400000.0,32.01,12804000.0
FOX,2020-06-15,2020-06-17,0001242818,officer_director,101556.0,28.29,2873019.24
FOX,2020-06-20,2020-06-23,0001242818,officer_director,49498.0,28.32,1401783.36
FOX,2020-08-15,2020-08-18,0001242818,officer_director,229024.0,25.74,5895077.76
FOX,2021-03-12,2021-03-15,0001024835,officer_director,457177.0,42.75,19544316.75
FOX,2021-03-12,2021-03-15,0001024835,officer_director,42823.0,42.96,1839676.08
FOX,2021-08-15,2021-08-17,0001242818,officer_director,157112.0,37.0,5813144.0
FOX,2022-08-15,2022-08-17,0001242818,officer_director,126773.0,36.5,4627214.5
FOX,2023-08-15,2023-08-17,0001242818,officer_director,141367.0,33.84,4783859.28
FOX,2024-08-15,2024-08-16,0001242818,officer_director,119705.0,39.06,4675677.3
FOX,2026-03-13,2026-03-13,0001242818,officer_director,175372.0,60.63,10632804.36
GD,2015-08-07,2015-08-11,0001646746,officer,27.3,149.11,4070.7
GD,2018-10-26,2018-10-30,0001491662,director,3000.0,169.87,509610.0
GD,2018-12-07,2018-12-11,0001292209,director,600.0,167.64,100584.0
GD,2019-08-09,2019-08-13,0001646746,officer,158.86,179.56,28524.9
GD,2020-03-03,2020-03-05,0001385262,director,3048.0,164.81,502340.88
GD,2023-05-02,2023-05-04,0001491662,director,4700.0,214.47,1008009.0
GE,2015-02-18,2015-02-19,0001466308,director,400000.0,25.24,10096000.0
GE,2015-02-19,2015-02-20,0001466308,director,400000.0,25.0,10000000.0
GE,2015-04-20,2015-04-22,0001194846,director,20000.0,27.15,543000.0
GE,2015-04-22,2015-04-23,0001216068,director,20000.0,26.93,538600.0
GE,2015-04-30,2015-05-01,0001231715,director,36500.0,27.26,994990.0
GE,2015-04-30,2015-05-01,0001192486,director,7000.0,27.22,190540.0
GE,2016-01-25,2016-01-26,0001614732,officer,65272.0,28.04,1830226.88
GE,2016-02-01,2016-02-02,0001614732,officer,30612.0,29.0,887748.0
GE,2016-04-25,2016-04-27,0001614732,officer,105.0,30.51,3203.55
GE,2016-05-20,2016-05-24,0001233164,officer_director,67600.0,29.59,2000284.0
GE,2016-07-26,2016-07-28,0001233164,officer_director,50000.0,31.45,1572500.0
GE,2016-11-09,2016-11-09,0001233164,officer_director,50000.0,29.24,1462000.0
GE,2017-01-23,2017-01-23,0001614732,officer,231.0,30.5,7045.5
GE,2017-01-31,2017-02-02,0001579989,officer,5000.0,29.63,148150.0
GE,2017-04-24,2017-04-25,0001216068,director,20000.0,29.9,598000.0
GE,2017-05-15,2017-05-16,0001466308,director,16000.0,28.05,448800.0
GE,2017-05-15,2017-05-15,0001233164,officer,88000.0,28.08,2471040.0
GE,2017-05-15,2017-05-15,0001233164,officer,12000.0,28.03,336360.0
GE,2017-05-17,2017-05-18,0001466308,director,4000.0,27.7,110800.0
GE,2017-07-24,2017-07-26,0001614732,officer,573.0,25.8,14783.4
GE,2017-07-24,2017-07-26,0001614732,officer,1272.0,25.43,32346.96
GE,2017-07-24,2017-07-25,0001485472,director,10000.0,25.8,258000.0
GE,2017-07-24,2017-07-25,0001194846,director,27425.0,25.5,699337.5
GE,2017-08-08,2017-08-09,0001712517,officer,103983.0,25.56,2657805.48
GE,2017-08-22,2017-08-23,0001010178,director,100000.0,24.56,2456000.0
GE,2017-11-15,2017-11-17,0001712517,officer,60000.0,18.27,1096200.0
GE,2017-11-16,2017-11-16,0001434806,director,5500.0,18.24,100320.0
GE,2017-11-20,2017-11-20,0001231715,director,55000.0,17.94,986700.0
GE,2017-11-21,2017-11-22,0001010178,director,250000.0,17.99,4497500.0
GE,2017-11-21,2017-11-22,0001010178,director,250000.0,17.98,4495000.0
GE,2017-11-21,2017-11-22,0001010178,director,125000.0,17.98,2247500.0
GE,2017-11-21,2017-11-22,0001010178,director,300000.0,17.95,5385000.0
GE,2017-11-21,2017-11-22,0001010178,director,200000.0,17.94,3588000.0
GE,2017-11-21,2017-11-22,0001010178,director,500000.0,17.91,8955000.0
GE,2017-11-21,2017-11-22,0001010178,director,150000.0,17.85,2677500.0
GE,2017-11-21,2017-11-22,0001010178,director,300000.0,17.85,5355000.0
GE,2017-11-21,2017-11-22,0001010178,director,150000.0,17.84,2676000.0
GE,2017-11-21,2017-11-22,0001010178,director,150000.0,17.83,2674500.0
GE,2017-11-21,2017-11-22,0001010178,director,250000.0,17.83,4457500.0
GE,2017-11-21,2017-11-22,0001010178,director,125000.0,17.99,2248750.0
GE,2017-11-21,2017-11-22,0001010178,director,250000.0,17.82,4455000.0
GE,2018-01-26,2018-01-30,0001614732,officer,1181.0,16.0,18896.0
GE,2018-01-29,2018-01-30,0001614732,officer,1508.0,16.28,24550.24
GE,2018-07-24,2018-07-25,0001205247,director,191000.0,13.04,2490640.0
GE,2018-11-01,2018-11-05,0001205247,officer_director,225000.0,9.73,2189250.0
GE,2018-11-06,2018-11-07,0001614732,officer,10000.0,9.48,94800.0
GE,2018-11-14,2018-11-15,0001231715,director,60000.0,8.32,499200.0
GE,2019-05-23,2019-05-28,0001034465,director,10000.0,9.75,97500.0
GE,2019-08-12,2019-08-13,0001205247,officer_director,331684.0,9.04,2998423.36
GE,2019-08-12,2019-08-13,0001175928,director,55248.0,9.02,498336.96
GE,2019-08-13,2019-08-14,0001302528,officer,105600.0,9.42,994752.0
GE,2019-08-14,2019-08-15,0001179998,director,5000.0,9.05,45250.0
GE,2019-08-15,2019-08-16,0001763642,officer,5134.0,8.01,41123.34
GE,2019-08-15,2019-08-16,0001763642,officer,29702.0,8.01,237913.02
GE,2019-08-15,2019-08-15,0001179998,director,5000.0,8.01,40050.0
GE,2019-08-15,2019-08-15,0001205247,officer_director,252200.0,7.93,1999946.0
GE,2019-08-19,2019-08-19,0001368469,officer,10000.0,8.83,88300.0
GE,2019-08-23,2019-08-26,0001595268,director,6500.0,7.8,50700.0
GE,2020-10-29,2021-11-16,0001179998,director,51.0,59.27,3022.77
GE,2021-03-12,2021-03-16,0001179998,director,5000.0,12.5,62500.0
GE,2021-11-12,2021-11-16,0001179998,director,1000.0,107.06,107060.0
GE,2021-11-22,2021-11-23,0001595268,director,1000.0,100.59,100590.0
GE,2022-05-02,2022-05-03,0001819831,officer,3601.0,75.0,270075.0
GE,2022-05-02,2022-05-03,0001763642,officer,2500.0,73.57,183925.0
GE,2022-05-02,2022-05-03,0001763642,officer,1237.0,75.55,93455.35
GE,2022-05-02,2022-05-02,0001205247,officer_director,1938.0,72.8,141086.4
GE,2022-05-02,2022-05-02,0001205247,officer_director,21978.0,75.26,1654064.28
GE,2022-05-02,2022-05-02,0001205247,officer_director,16455.0,73.6,1211088.0
GE,2022-05-02,2022-05-02,0001205247,officer_director,24629.0,74.63,1838062.27
GE,2022-05-06,2022-05-09,0001179998,director,1200.0,77.65,93180.0
GILD,2015-02-06,2015-02-10,0001181185,director,10000.0,99.92,999200.0
GIS,2017-04-12,2017-04-14,0001685072,officer,1800.0,57.45,103410.0
GIS,2018-05-23,2018-05-24,0001605892,officer_director,6000.0,42.18,253080.0
GIS,2018-08-20,2018-08-22,0001071252,director,1000.0,47.37,47370.0
GM,2015-04-29,2015-05-01,0001023219,director,1500.0,35.59,53385.0
GM,2015-04-30,2015-05-01,0001382867,director,1000.0,35.37,35370.0
GM,2015-05-05,2015-05-19,0001234272,director,28343.0,35.28,999941.04
GM,2015-06-03,2015-06-05,0001615224,director,500.0,35.84,17920.0
GM,2015-06-05,2015-06-08,0001567949,director,750.0,35.12,26340.0
GM,2015-07-31,2015-08-03,0001199095,director,32000.0,31.84,1018880.0
GM,2016-08-02,2016-08-04,0001672424,director,1600.0,31.01,49616.0
GM,2017-05-26,2017-05-26,0001672424,director,1520.0,32.92,50038.4
GM,2017-08-01,2017-08-03,0001161375,director,7605.0,34.75,264273.75
GM,2017-08-01,2017-08-03,0001161375,director,6755.0,34.77,234871.35
GM,2017-08-01,2017-08-03,0001023219,director,10000.0,34.73,347300.0
GM,2017-08-18,2017-08-22,0001672424,director,1440.0,34.86,50198.4
GM,2019-05-07,2019-05-09,0001216503,director,10000.0,38.58,385800.0
GM,2020-02-26,2020-02-28,0001097587,director,1561.0,32.02,49983.22
GM,2020-03-25,2020-03-27,0001594133,officer,22400.0,22.97,514528.0
GM,2020-05-12,2020-05-14,0001023219,director,12700.0,23.18,294386.0
GM,2020-05-29,2020-06-02,0001810440,officer,9300.0,26.0,241800.0
GM,2022-02-10,2022-02-14,0001023219,director,6000.0,50.61,303660.0
GM,2022-04-28,2022-05-02,0001543655,officer,35000.0,38.79,1357650.0
GM,2022-05-12,2022-05-16,0001216503,director,10000.0,35.23,352300.0
GM,2023-05-19,2023-05-22,0001543655,officer,31000.0,32.6,1010600.0
GM,2024-07-26,2024-07-29,0001543655,officer,25000.0,44.11,1102750.0
GM,2025-01-30,2025-01-30,0001209454,director,12000.0,50.66,607920.0
GNW,2015-08-07,2015-08-10,0001518052,officer,15000.0,4.99,74850.0
GNW,2015-08-07,2015-08-10,0001321272,officer_director,30000.0,5.0,150000.0
GNW,2015-08-18,2015-08-19,0001290227,officer,20000.0,5.2,104000.0
GNW,2015-08-21,2015-08-21,0001109101,director,5000.0,4.71,23550.0
GNW,2015-08-24,2015-08-24,0001321272,officer_director,30000.0,4.5,135000.0
GNW,2015-08-26,2015-08-26,0001233169,director,50000.0,4.51,225500.0
GNW,2015-08-26,2015-08-26,0001290227,officer,25000.0,4.5,112500.0
GNW,2015-08-31,2015-09-02,0001321272,officer_director,30000.0,5.21,156300.0
GNW,2022-02-04,2022-02-07,0001227758,director,50000.0,3.93,196500.0
GS,2022-03-30,2024-10-09,0001520700,director,5.99,339.01,2030.67
GS,2022-06-29,2024-10-09,0001520700,director,6.75,302.34,2040.79
GS,2022-09-29,2024-10-09,0001520700,director,8.65,297.07,2569.66
GS,2022-12-29,2024-10-09,0001520700,director,7.57,342.35,2591.59
GS,2023-03-30,2024-10-09,0001520700,director,8.04,324.54,2609.3
GS,2023-06-29,2024-10-09,0001520700,director,8.29,317.26,2630.09
GS,2023-09-28,2024-10-09,0001520700,director,9.1,320.36,2915.28
GS,2023-12-28,2024-10-09,0001520700,director,7.65,384.64,2942.5
GS,2024-03-28,2024-10-09,0001520700,director,7.11,416.43,2960.82
GS,2024-06-27,2024-10-09,0001520700,director,6.64,448.74,2979.63
GS,2024-09-27,2024-10-09,0001520700,director,6.56,498.87,3272.59
GS,2025-01-17,2025-01-21,0001193107,director,2400.0,619.02,1485648.0
GS,2025-04-15,2025-04-17,0001087997,director,173.0,517.45,89518.85
GS,2025-04-15,2025-04-17,0001087997,director,836.0,507.96,424654.56
GS,2025-04-15,2025-04-17,0001087997,director,344.0,509.08,175123.52
GS,2025-04-15,2025-04-17,0001087997,director,353.0,510.23,180111.19
GS,2025-04-15,2025-04-17,0001087997,director,176.0,515.31,90694.56
GS,2025-04-15,2025-04-17,0001087997,director,393.0,513.22,201695.46
GS,2025-04-15,2025-04-17,0001087997,director,384.0,512.24,196700.16
GS,2025-04-15,2025-04-17,0001087997,director,444.0,511.34,227034.96
GS,2025-04-15,2025-04-17,0001087997,director,801.0,514.42,412050.42
GWW,2016-02-17,2016-02-17,0001400395,director,300.0,216.61,64983.0
GWW,2016-02-17,2016-02-17,0001400395,director,100.0,216.52,21652.0
GWW,2018-02-05,2018-02-07,0001725078,director,195.0,256.51,50019.45
HAL,2015-08-20,2015-08-24,0001210402,director,3400.0,39.3,133620.0
HAL,2017-02-10,2017-02-13,0001210402,director,5350.0,57.11,305538.5
HAL,2017-02-10,2017-02-13,0001210402,director,40.0,56.96,2278.4
HAL,2017-05-15,2017-05-16,0001433667,director,8000.0,46.33,370640.0
HAL,2018-07-26,2018-07-26,0001210402,director,5800.0,40.66,235828.0
HAL,2019-09-12,2019-09-12,0001433667,director,8000.0,19.35,154800.0
HAL,2020-03-13,2020-03-16,0001210402,director,155763.0,6.78,1056073.14
HAL,2020-04-23,2020-04-23,0001210402,director,350000.0,8.68,3038000.0
HAL,2025-05-29,2025-05-30,0001967277,director,8550.0,19.79,169204.5
HAS,2015-04-22,2015-04-24,0001180659,director,1000.0,72.35,72350.0
HAS,2015-04-22,2015-10-02,0001426517,officer,152.0,77.19,11732.88
HAS,2018-10-29,2018-10-31,0001214985,officer_director,11000.0,91.8,1009800.0
HAS,2022-04-21,2022-04-22,0001850672,officer_director,8800.0,89.71,789448.0
HAS,2022-04-21,2022-04-22,0001850672,officer_director,1302.0,88.76,115565.52
HAS,2022-04-25,2022-04-25,0001254639,director,2500.0,87.7,219250.0
HD,2015-03-27,2015-03-31,0001500124,director,350.0,113.68,39788.0
HD,2015-12-09,2015-12-11,0001382867,director,380.0,132.13,50209.4
HD,2015-12-09,2015-12-11,0001196906,director,1000.0,134.13,134130.0
HD,2016-02-24,2016-02-26,0001164027,director,40000.0,124.73,4989200.0
HD,2016-05-31,2016-06-01,0001500124,director,350.0,132.53,46385.5
HD,2016-11-18,2016-11-22,0001214606,director,10000.0,128.27,1282700.0
HD,2016-11-29,2016-11-30,0001287613,director,15000.0,129.87,1948050.0
HD,2017-05-17,2017-05-19,0001500124,director,350.0,157.11,54988.5
HD,2018-03-02,2018-03-06,0001026934,director,6650.0,178.66,1188089.0
HD,2018-03-21,2018-03-22,0001164027,director,5609.0,178.29,1000028.61
HD,2018-03-21,2018-03-22,0001164027,director,5609.0,178.29,1000028.61
HD,2018-03-21,2018-03-22,0001164027,director,5609.0,178.29,1000028.61
HD,2018-06-01,2018-06-05,0001600555,director,1000.0,187.57,187570.0
HD,2018-11-14,2018-11-16,0001396538,director,2000.0,177.48,354960.0
HD,2018-11-19,2018-11-21,0001287613,director,11500.0,174.27,2004105.0
HD,2018-11-20,2018-11-21,0001396538,director,1000.0,169.33,169330.0
HD,2018-11-21,2018-11-21,0001500124,director,250.0,169.62,42405.0
HD,2020-02-28,2020-03-02,0001382867,director,1120.0,214.53,240273.6
HD,2020-03-09,2020-03-11,0001499743,officer,4745.0,210.78,1000151.1
HD,2020-12-29,2021-04-16,0001267117,officer,83.0,266.07,22083.81
HD,2022-05-23,2022-05-23,0001466453,director,1500.0,287.73,431595.0
HD,2022-11-16,2022-11-18,0001773306,director,1583.0,315.8,499911.4
HD,2025-03-14,2025-03-18,0001164027,director,1442.0,346.66,499883.72
HD,2025-03-14,2025-03-18,0001164027,director,1442.0,346.66,499883.72
HON,2019-07-02,2021-03-02,0001742938,officer,13.0,177.15,2302.95
HON,2019-08-07,2021-03-02,0001742938,officer,5.0,162.22,811.1
HPE,2015-11-30,2015-12-02,0001393014,director,34000.0,14.76,501840.0
HPQ,2015-12-02,2015-12-04,0001068731,director,80000.0,12.0,960000.0
HPQ,2020-05-29,2020-06-02,0001119603,director,50000.0,14.95,747500.0
HPQ,2020-06-02,2020-06-04,0001656242,officer_director,13500.0,15.36,207360.0
HPQ,2020-06-02,2020-06-04,0001119603,director,17000.0,15.11,256870.0
HPQ,2022-03-31,2022-04-01,0001185643,director,6810.0,36.67,249722.7
HRL,2020-11-09,2020-11-12,0001815500,officer,193.33,49.49,9567.9
HRL,2020-12-02,2020-12-03,0001723769,officer,1964.28,46.97,92262.23
HRL,2020-12-02,2020-12-03,0001723769,officer,4908.52,46.97,230553.18
HRL,2021-03-02,2021-03-04,0001507863,officer,239.02,46.84,11195.7
HRL,2023-08-15,2024-10-29,0001910454,officer,108.0,40.66,4391.28
HRL,2023-09-06,2023-09-08,0001829591,officer,1453.77,37.25,54152.93
HRL,2024-06-27,2024-06-28,0001952319,officer,830.0,30.12,24999.6
HRL,2024-12-06,2024-12-10,0001723769,officer,4904.4,32.47,159245.87
HSY,2018-11-06,2018-11-07,0001702770,officer,2000.0,107.32,214640.0
HSY,2019-05-30,2019-05-31,0001750208,officer,100.0,130.1,13010.0
HSY,2019-05-30,2019-05-30,0001702770,officer,2000.0,129.92,259840.0
HSY,2019-05-31,2019-05-31,0001622634,officer,1000.0,129.14,129140.0
HSY,2025-11-21,2025-11-25,0002065367,officer,200.0,186.19,37238.0
HSY,2025-11-21,2025-11-25,0001671693,officer_director,2000.0,185.46,370920.0
HSY,2025-11-24,2025-11-26,0001675001,officer,200.0,186.29,37258.0
HUM,2019-12-24,2019-12-26,0001734706,officer,380.0,368.63,140079.4
HUM,2019-12-24,2019-12-26,0001734706,officer,370.0,368.16,136219.2
HUM,2020-02-28,2020-03-03,0001782445,officer,1785.0,319.68,570628.8
HUM,2020-03-13,2020-03-17,0001628102,officer,1500.0,289.4,434100.0
HUM,2021-03-08,2021-03-10,0001547344,director,375.0,403.37,151263.75
HUM,2024-02-20,2024-02-21,0001547344,director,545.0,367.09,200064.05
HUM,2025-05-14,2025-05-16,0002006065,officer,6530.0,229.25,1497002.5
HUM,2026-02-23,2026-02-25,0001969331,officer,810.0,185.21,150020.1
IBM,2016-10-25,2016-10-26,0001183474,director,150.0,149.92,22488.0
IBM,2016-10-25,2016-10-26,0001183474,director,100.0,149.93,14993.0
IBM,2016-10-25,2016-10-26,0001183474,director,350.0,149.93,52475.5
IBM,2016-10-25,2016-10-26,0001183474,director,300.0,149.93,44979.0
IBM,2016-10-25,2016-10-26,0001183474,director,400.0,149.93,59972.0
IBM,2017-05-16,2017-05-17,0001171767,director,1718.0,153.19,263180.42
IBM,2018-01-31,2018-02-01,0001223690,director,610.0,163.38,99661.8
IBM,2018-06-22,2018-08-06,0001183474,director,1100.0,141.46,155606.0
IBM,2018-10-31,2018-11-02,0001171767,director,100.0,114.69,11469.0
IBM,2018-10-31,2018-11-02,0001171767,director,100.0,114.66,11466.0
IBM,2018-10-31,2018-11-02,0001171767,director,100.0,114.68,11468.0
IBM,2018-10-31,2018-11-02,0001171767,director,500.0,114.67,57335.0
IBM,2018-10-31,2018-11-02,0001171767,director,200.0,114.69,22938.0
IBM,2018-10-31,2018-11-02,0001016844,director,600.0,115.02,69012.0
IBM,2018-10-31,2018-11-02,0001016844,director,3211.0,115.02,369329.22
IBM,2018-10-31,2018-11-02,0001016844,director,500.0,115.02,57510.0
IBM,2018-11-01,2018-11-05,0001223690,director,454.0,115.98,52654.92
IBM,2018-11-01,2018-11-05,0001223690,director,1699.0,115.99,197067.01
IBM,2018-11-01,2018-11-05,0001179745,director,2000.0,116.42,232840.0
IBM,2018-11-02,2018-11-05,0001333712,officer_director,8500.0,117.51,998835.0
IBM,2020-10-27,2020-10-28,0001016844,director,5000.0,110.75,553750.0
IBM,2020-10-28,2020-10-29,0001731814,director,9250.0,108.01,999092.5
IBM,2020-10-28,2020-10-29,0001223690,director,1000.0,107.5,107500.0
IBM,2020-10-29,2020-10-30,0001183474,director,100.0,107.71,10771.0
IBM,2020-10-29,2020-10-30,0001183474,director,75.0,107.75,8081.25
IBM,2020-10-29,2020-10-30,0001183474,director,100.0,107.71,10771.0
IBM,2020-10-29,2020-10-30,0001183474,director,175.0,108.13,18922.75
IBM,2020-10-29,2020-10-30,0001183474,director,750.0,107.66,80745.0
IBM,2020-10-29,2020-10-30,0001183474,director,300.0,107.74,32322.0
IBM,2020-10-30,2020-11-02,0001179745,director,2000.0,111.01,222020.0
IBM,2020-11-02,2020-11-02,0001269971,director,2655.0,112.92,299802.6
IBM,2020-11-09,2020-11-09,0001453149,director,4232.0,117.86,498783.52
IBM,2021-02-08,2021-02-09,0001769389,director,64.0,123.3,7891.2
IBM,2021-12-13,2021-12-13,0001769389,director,80.0,123.76,9900.8
IBM,2022-09-15,2022-09-16,0001183474,director,1000.0,125.0,125000.0
IBM,2024-11-13,2024-11-13,0001196985,director,936.0,210.62,197140.32
IBM,2025-02-28,2025-02-28,0001183474,director,1200.0,249.0,298800.0
IBM,2026-01-30,2026-01-30,0001183474,director,1000.0,304.0,304000.0
IBM,2026-02-25,2026-02-25,0001769389,director,50.0,237.83,11891.5
IBM,2026-02-25,2026-02-25,0001771933,director,434.0,233.33,101265.22
INFO,2017-01-19,2017-01-20,0001232071,director,10000.0,38.62,386200.0
INFO,2018-01-25,2018-01-29,0001232071,director,10000.0,48.69,486900.0
INFO,2018-12-28,2019-01-29,0001509446,director,1000.0,47.3,47300.0
INFO,2020-03-26,2020-03-30,0001193345,director,20000.0,58.46,1169200.0
INFO,2020-03-31,2020-04-01,0001193345,director,2500.0,59.48,148700.0
INFO,2020-04-01,2020-04-01,0001193345,director,483.0,57.5,27772.5
INFO,2020-06-26,2020-06-29,0001232071,director,5000.0,72.29,361450.0
INFO,2020-07-01,2020-07-01,0001232071,director,2000.0,75.88,151760.0
INTC,2017-06-05,2017-06-07,0001218363,officer,6944.0,36.31,252136.64
INTC,2017-06-05,2017-06-07,0001218363,officer,6944.0,36.3,252067.2
INTC,2018-07-30,2018-07-31,0001218363,officer,5243.0,47.69,250038.67
INTC,2018-11-29,2018-12-03,0001218363,officer,5117.0,48.3,247151.1
INTC,2018-12-06,2018-12-10,0001218363,officer,5263.0,46.74,245992.62
INTC,2019-08-28,2019-08-29,0001218363,officer_director,10918.0,45.7,498952.6
INTC,2019-08-28,2019-08-29,0001379532,officer,5458.0,45.7,249430.6
INTC,2019-11-15,2019-11-18,0001219231,director,34220.0,58.52,2002554.4
INTC,2019-11-15,2019-11-18,0001219231,director,52000.0,57.88,3009760.0
INTC,2019-11-20,2019-11-22,0001219231,director,51500.0,58.25,2999875.0
INTC,2019-11-20,2019-11-22,0001219231,director,35000.0,58.23,2038050.0
INTC,2020-02-03,2020-02-05,0001658470,director,15400.0,64.88,999152.0
INTC,2020-07-24,2020-07-28,0001218363,officer_director,8021.0,50.0,401050.0
INTC,2020-10-28,2020-10-29,0001218363,officer_director,8021.0,44.96,360624.16
INTC,2021-01-25,2021-01-27,0001218363,officer_director,14544.0,55.12,801665.28
INTC,2021-01-25,2021-01-27,0001218363,officer_director,12700.0,56.09,712343.0
INTC,2021-01-26,2021-01-28,0001379532,officer,5600.0,55.36,310016.0
INTC,2021-01-26,2021-01-28,0001379532,officer,3495.0,55.32,193343.4
INTC,2021-05-04,2021-05-06,0001580693,director,4464.0,56.0,249984.0
INTC,2021-10-25,2021-10-26,0001458902,director,10000.0,49.66,496600.0
INTC,2021-10-25,2021-10-26,0001580693,director,5015.0,49.85,249997.75
INTC,2021-10-25,2021-10-26,0001034465,director,5000.0,49.5,247500.0
INTC,2021-10-25,2021-10-26,0001219231,director,20000.0,49.76,995200.0
INTC,2021-10-25,2021-10-26,0001316331,officer_director,10000.0,49.94,499400.0
INTC,2021-10-26,2021-10-28,0001580693,director,1040.0,48.05,49972.0
INTC,2021-10-26,2021-10-28,0001580693,director,2043.0,48.95,100004.85
INTC,2021-10-26,2021-10-28,0001580693,director,2064.0,48.45,100000.8
INTC,2021-10-28,2021-11-01,0001580693,director,5149.0,48.18,248078.82
INTC,2021-10-28,2021-11-01,0001580693,director,5202.0,48.05,249956.1
INTC,2021-10-28,2021-11-01,0001484277,director,10440.0,47.96,500702.4
INTC,2021-10-28,2021-11-01,0001679204,director,1000.0,48.0,48000.0
INTC,2021-10-28,2021-11-01,0001523102,director,20000.0,48.02,960400.0
INTC,2022-02-22,2022-02-24,0001523102,director,11025.0,45.11,497337.75
INTC,2022-02-22,2022-02-24,0001316331,officer_director,5600.0,44.27,247912.0
INTC,2022-05-02,2022-05-03,0001316331,officer_director,5500.0,44.58,245190.0
INTC,2022-05-03,2022-05-03,0001330891,officer,5500.0,44.73,246015.0
INTC,2022-08-24,2022-08-25,0001316331,officer_director,14800.0,33.86,501128.0
INTC,2022-10-31,2022-11-02,0001316331,officer_director,8830.0,28.16,248652.8
INTC,2022-11-04,2022-11-08,0001008463,director,1854.0,27.49,50966.46
INTC,2022-11-08,2022-11-09,0001008463,director,48146.0,27.98,1347125.08
INTC,2022-11-16,2022-11-18,0001008463,director,50000.0,29.49,1474500.0
INTC,2023-01-30,2023-02-02,0001330891,officer,1800.0,27.89,50202.0
INTC,2023-01-30,2023-08-10,0001523102,director,86.0,28.05,2412.3
INTC,2023-01-31,2023-02-02,0001330891,officer,7250.0,27.75,201187.5
INTC,2023-01-31,2023-02-02,0001316331,officer_director,9000.0,27.83,250470.0
INTC,2023-02-23,2023-02-24,0001316331,officer_director,9700.0,25.68,249096.0
INTC,2023-05-01,2023-05-03,0001316331,officer_director,5000.0,30.42,152100.0
INTC,2023-05-01,2023-05-03,0001316331,officer_director,3200.0,30.39,97248.0
INTC,2023-07-31,2023-08-02,0001316331,officer_director,3250.0,35.87,116577.5
INTC,2023-08-02,2023-08-04,0001316331,officer_director,1500.0,34.6,51900.0
INTC,2023-08-02,2023-08-04,0001316331,officer_director,2350.0,34.66,81451.0
INTC,2023-11-01,2023-11-02,0001316331,officer_director,3375.0,36.82,124267.5
INTC,2023-11-01,2023-11-02,0001316331,officer_director,3400.0,36.79,125086.0
INTC,2023-11-09,2023-11-14,0001008463,director,26000.0,37.92,985920.0
INTC,2023-11-09,2023-11-14,0001008463,director,40000.0,37.79,1511600.0
INTC,2024-01-29,2024-01-30,0001316331,officer_director,3000.0,43.36,130080.0
INTC,2024-02-01,2024-02-02,0001316331,officer_director,2800.0,42.74,119672.0
INTC,2024-04-29,2024-05-01,0001316331,officer_director,4000.0,31.42,125680.0
INTC,2024-05-01,2024-05-02,0001316331,officer_director,4100.0,30.29,124189.0
INTC,2024-08-05,2024-08-07,0001316331,officer_director,5000.0,19.92,99600.0
INTC,2024-08-05,2024-08-07,0001316331,officer_director,7500.0,20.31,152325.0
INTC,2024-11-04,2024-11-06,0001316331,officer_director,11150.0,22.53,251209.5
INTC,2026-01-26,2026-01-27,0001330891,officer,5882.0,42.5,249985.0
IP,2015-05-07,2015-05-08,0001416453,director,2000.0,51.98,103960.0
IP,2018-06-18,2018-06-18,0001675902,officer,200.0,55.63,11126.0
IP,2020-02-25,2020-02-25,0001675902,officer,656.0,40.42,26515.52
IP,2020-03-11,2020-03-11,0001416453,director,5000.0,32.09,160450.0
IP,2020-07-30,2021-08-23,0001567831,director,8.0,35.49,283.92
IP,2021-07-15,2021-08-02,0001567831,director,111.0,60.03,6663.33
IP,2021-07-27,2021-08-23,0001567831,director,9.0,58.42,525.78
IP,2026-01-30,2026-02-02,0001181680,director,25000.0,40.37,1009250.0
IP,2026-01-30,2026-01-30,0001485532,officer,50000.0,39.98,1999000.0
IP,2026-03-11,2026-03-12,0001129136,director,12875.0,38.84,500065.0
IP,2026-03-12,2026-03-12,0001129136,director,13217.0,37.83,499999.11
ITW,2015-02-11,2015-11-12,0001307581,officer_director,11.0,96.86,1065.46
ITW,2015-07-28,2015-07-30,0001495787,director,3440.0,87.9,302376.0
ITW,2015-09-01,2015-09-03,0001435059,officer,1807.0,82.57,149203.99
ITW,2016-10-25,2016-10-27,0001673525,director,4000.0,111.94,447760.0
ITW,2017-10-25,2017-10-26,0001577064,officer,4371.0,156.33,683318.43
ITW,2017-10-25,2017-10-26,0001577064,officer,615.0,156.4,96186.0
ITW,2018-07-27,2018-07-31,0001139497,director,1778.0,140.85,250431.3
ITW,2020-05-06,2020-05-08,0001139497,director,1575.0,159.19,250724.25
ITW,2020-05-06,2020-05-08,0001307581,officer_director,6300.0,158.42,998046.0
ITW,2021-11-10,2021-11-15,0001673525,director,1440.0,235.76,339494.4
ITW,2021-11-10,2021-11-15,0001673525,director,8560.0,235.21,2013397.6
ITW,2022-09-16,2024-02-01,0001945869,director,12.0,194.06,2328.72
ITW,2022-12-09,2022-12-12,0001478669,director,1390.0,221.81,308315.9
ITW,2023-11-30,2023-12-01,0001478669,director,1000.0,241.79,241790.0
ITW,2024-06-13,2024-06-17,0001478669,director,775.0,238.82,185085.5
ITW,2024-12-09,2024-12-11,0001478669,director,635.0,275.2,174752.0
ITW,2025-06-02,2025-06-04,0001478669,director,872.0,241.16,210291.52
ITW,2025-12-10,2025-12-12,0001478669,director,6709.0,250.13,1678122.17
JBLU,2017-10-31,2017-11-03,0001443147,officer_director,173.0,16.28,2816.44
JBLU,2020-04-23,2020-04-27,0001346705,director,500.0,8.37,4185.0
JBLU,2021-04-30,2021-11-03,0001443147,officer_director,393.0,16.92,6649.56
JBLU,2021-04-30,2021-11-03,0001814399,officer,228.0,16.92,3857.76
JBLU,2021-10-29,2021-11-03,0001443147,officer_director,779.0,12.03,9371.37
JBLU,2021-10-29,2021-11-03,0001814399,officer,171.0,12.03,2057.13
JBLU,2025-02-04,2025-02-06,0001942734,director,13756.0,6.17,84874.52
JBLU,2025-02-04,2025-02-06,0001942734,director,86244.0,6.14,529538.16
JBLU,2025-11-04,2025-11-06,0001078543,director,50000.0,4.12,206000.0
JCI,2017-11-17,2018-01-11,0001600714,director,12000.0,36.41,436920.0
JCI,2017-11-21,2017-11-24,0001522750,officer,20000.0,36.0,720000.0
JCI,2017-11-24,2017-11-27,0001403297,officer,27300.0,36.8,1004640.0
JCI,2019-08-26,2019-08-26,0001236161,director,6220.0,41.4,257508.0
JCI,2026-02-05,2026-02-05,0001474107,director,7665.0,131.94,1011320.1
JNJ,2015-06-02,2015-06-03,0001225179,director,2500.0,99.22,248050.0
JNJ,2015-08-06,2015-08-10,0001225179,director,2500.0,99.25,248125.0
JNJ,2016-10-21,2016-10-25,0001225179,director,875.0,114.11,99846.25
JNJ,2018-12-14,2018-12-17,0001201725,director,748.0,133.76,100052.48
JNJ,2018-12-14,2018-12-17,0001184649,director,1000.0,133.91,133910.0
JNJ,2018-12-14,2018-12-17,0001225179,director,2000.0,134.37,268740.0
JNJ,2019-06-11,2019-06-11,0001217496,director,3000.0,139.68,419040.0
JNJ,2019-12-13,2019-12-16,0001467638,director,5000.0,141.28,706400.0
JNJ,2020-03-13,2020-03-17,0001184649,director,500.0,127.69,63845.0
JNJ,2024-12-12,2024-12-12,0001785997,director,1000.0,147.22,147220.0
JNJ,2025-11-26,2025-12-01,0001203523,director,1250.0,206.15,257687.5
JPM,2015-01-15,2015-01-16,0001233167,director,9050.0,55.07,498383.5
JPM,2015-10-21,2015-10-30,0001195345,officer_director,400.0,62.51,25004.0
JPM,2015-10-26,2015-10-30,0001195345,officer_director,400.0,63.62,25448.0
JPM,2016-01-15,2016-01-15,0001185064,director,2219.0,56.46,125284.74
JPM,2016-01-15,2016-01-15,0001185064,director,6949.0,56.46,392340.54
JPM,2016-01-15,2016-01-15,0001185064,director,389.0,56.46,21962.94
JPM,2016-01-15,2016-01-15,0001185064,director,5361.0,56.46,302682.06
JPM,2016-02-04,2016-02-04,0001185064,director,12.0,57.36,688.32
JPM,2016-02-04,2016-02-04,0001185064,director,1.0,57.36,57.36
JPM,2016-02-04,2016-02-04,0001185064,director,67.0,58.39,3912.13
JPM,2016-02-04,2016-02-04,0001185064,director,1.0,58.4,58.4
JPM,2016-02-11,2016-02-11,0001195345,officer_director,45000.0,53.3,2398500.0
JPM,2016-02-11,2016-02-11,0001195345,officer_director,330000.0,53.14,17536200.0
JPM,2016-02-11,2016-02-11,0001195345,officer_director,40000.0,53.13,2125200.0
JPM,2016-02-11,2016-02-11,0001195345,officer_director,85000.0,53.3,4530500.0
JPM,2016-10-31,2016-11-02,0001202252,director,40.0,69.52,2780.8
JPM,2017-04-19,2017-04-20,0001185064,director,2500.0,85.49,213725.0
JPM,2017-04-19,2017-04-20,0001185064,director,7000.0,85.48,598360.0
JPM,2017-04-19,2017-04-20,0001185064,director,2000.0,85.47,170940.0
JPM,2018-01-18,2018-01-18,0001185064,director,5.0,113.32,566.6
JPM,2018-01-18,2018-01-18,0001185064,director,7275.0,113.37,824766.75
JPM,2018-04-16,2018-04-17,0001169896,director,18000.0,111.05,1998900.0
JPM,2018-05-14,2018-05-16,0001685281,director,13000.0,114.61,1489930.0
JPM,2018-10-19,2018-10-19,0001169896,director,1150.0,108.94,125281.0
JPM,2019-02-05,2019-02-06,0001185064,director,5000.0,103.79,518950.0
JPM,2019-04-16,2019-04-17,0001169896,director,18000.0,111.02,1998360.0
JPM,2019-04-18,2019-04-18,0001169896,director,1700.0,114.26,194242.0
JPM,2019-08-08,2019-08-08,0001169896,director,18200.0,109.91,2000362.0
JPM,2019-10-23,2019-10-24,0001169896,director,16000.0,124.65,1994400.0
JPM,2020-01-15,2020-01-17,0001473446,officer,51000.0,100.0,5100000.0
JPM,2020-01-15,2020-01-16,0001169896,director,14600.0,136.39,1991294.0
JPM,2020-04-16,2020-04-16,0001203694,director,75000.0,87.99,6599250.0
JPM,2021-04-19,2021-04-19,0001169896,director,660.0,153.12,101059.2
JPM,2022-01-19,2022-01-20,0001169896,director,670.0,149.68,100285.6
JPM,2023-01-19,2023-01-20,0001169896,director,375.0,134.53,50448.75
KHC,2015-10-28,2015-11-19,0001179801,director,50.0,79.18,3959.0
KHC,2015-11-17,2015-11-19,0001179801,director,4280.0,71.62,306533.6
KHC,2018-02-20,2018-04-25,0001049371,director,464.0,69.27,32141.28
KHC,2018-03-08,2018-04-25,0001049371,director,390.0,66.97,26118.3
KHC,2018-04-02,2018-04-25,0001049371,director,669.0,60.27,40320.63
KHC,2019-09-16,2019-09-16,0001197292,director,3496503.0,28.6,99999985.8
KHC,2019-09-18,2019-09-20,0001552291,director,250000.0,28.45,7112500.0
KHC,2020-11-09,2020-11-09,0001552291,director,13849315.0,30.38,420742189.7
KHC,2020-12-02,2020-12-04,0001811082,director,50000.0,33.2,1660000.0
KHC,2020-12-02,2020-12-04,0001811082,director,40000.0,33.24,1329600.0
KLAC,2015-03-03,2015-05-01,0001498385,officer,67.0,64.44,4317.48
KLAC,2018-02-14,2018-07-03,0001464250,director,204.0,107.09,21846.36
KLAC,2018-04-27,2018-07-03,0001464250,director,107.0,101.57,10867.99
KLAC,2021-05-11,2021-05-12,0001493191,director,377.0,301.03,113488.31
KMB,2016-10-27,2016-10-27,0000903649,director,2000.0,113.59,227180.0
KMB,2017-08-03,2017-08-07,0000903649,director,1500.0,122.21,183315.0
KMB,2018-04-24,2018-05-15,0000903649,director,2000.0,100.05,200100.0
KMB,2020-10-29,2020-10-30,0000903649,director,3000.0,132.67,398010.0
KMB,2021-11-02,2021-11-04,0001850356,director,25.0,129.67,3241.75
KMB,2022-01-27,2022-01-28,0001775725,director,2000.0,136.01,272020.0
KMB,2024-01-29,2024-01-30,0001251544,director,388.0,120.98,46940.24
KMB,2024-01-29,2024-01-30,0001251544,director,239.0,120.99,28916.61
KMB,2024-01-29,2024-01-30,0001251544,director,200.0,120.97,24194.0
KMB,2025-04-09,2026-02-06,0001775725,director,266.0,145.77,38774.82
KMB,2026-02-09,2026-02-09,0001775725,director,10000.0,104.15,1041500.0
KMI,2015-03-13,2015-03-13,0001031190,officer_director,100000.0,39.5,3950000.0
KMI,2015-06-05,2015-06-08,0001031190,officer_director,100000.0,39.99,3999000.0
KMI,2015-06-12,2015-06-12,0001031190,officer_director,100000.0,39.0,3900000.0
KMI,2015-06-15,2015-06-15,0001326207,officer_director,6000.0,39.37,236220.0
KMI,2015-06-15,2015-06-15,0001326207,officer_director,6000.0,39.38,236280.0
KMI,2015-07-22,2015-07-24,0000315027,director,100000.0,35.52,3552000.0
KMI,2015-07-22,2015-07-24,0000315027,director,200000.0,35.52,7104000.0
KMI,2015-07-23,2015-07-24,0000315027,director,200000.0,35.05,7010000.0
KMI,2015-07-24,2015-07-24,0001031190,officer_director,100000.0,34.97,3497000.0
KMI,2015-08-21,2015-08-24,0001326207,officer_director,7500.0,32.17,241275.0
KMI,2015-10-30,2015-11-02,0001572979,officer,1000.0,27.4,27400.0
KMI,2015-10-30,2015-11-02,0001573141,officer,11000.0,27.4,301400.0
KMI,2015-10-30,2015-11-02,0001477237,officer,10000.0,27.24,272400.0
KMI,2015-10-30,2015-11-02,0001326207,officer_director,18150.0,27.43,497854.5
KMI,2015-11-02,2015-11-03,0001326019,officer,2000.0,26.5,53000.0
KMI,2015-11-09,2015-11-12,0001250209,director,20000.0,25.56,511200.0
KMI,2015-11-09,2015-11-12,0001250209,director,6300.0,25.56,161028.0
KMI,2015-11-11,2015-11-12,0001477237,officer,10000.0,24.48,244800.0
KMI,2015-11-11,2015-11-12,0001250209,director,100000.0,24.4,2440000.0
KMI,2015-11-11,2015-11-12,0001031190,officer_director,100000.0,24.69,2469000.0
KMI,2015-11-13,2015-11-23,0001572540,officer,2500.0,22.82,57050.0
KMI,2015-12-10,2015-12-14,0001572979,officer,2000.0,16.93,33860.0
KMI,2016-01-25,2016-01-27,0001250209,director,180000.0,14.2,2556000.0
KMI,2016-02-01,2016-02-02,0001572979,officer,1500.0,15.32,22980.0
KMI,2016-02-01,2016-02-02,0001572979,officer,1500.0,15.32,22980.0
KMI,2016-10-24,2016-10-26,0000315027,director,700000.0,21.41,14987000.0
KMI,2017-05-30,2017-06-01,0001572979,officer,800.0,18.54,14832.0
KMI,2017-05-30,2017-06-01,0001572979,officer,800.0,18.54,14832.0
KMI,2017-05-30,2017-05-30,0001031190,officer_director,500000.0,18.58,9290000.0
KMI,2017-05-31,2017-06-01,0001572979,officer,500.0,18.71,9355.0
KMI,2017-05-31,2017-06-01,0001572979,officer,500.0,18.71,9355.0
KMI,2017-07-31,2017-07-31,0001033442,director,4903.0,20.24,99236.72
KMI,2017-12-05,2017-12-06,0001477237,officer,3000.0,17.1,51300.0
KMI,2018-01-22,2018-01-22,0001033442,director,5500.0,19.52,107360.0
KMI,2018-07-26,2018-07-30,0001033442,director,5556.0,18.09,100508.04
KMI,2018-09-27,2018-09-27,0001031190,officer_director,500000.0,17.55,8775000.0
KMI,2019-01-29,2019-01-29,0001031190,officer_director,50000.0,17.92,896000.0
KMI,2019-01-30,2019-01-31,0001031190,officer_director,65260.0,17.95,1171417.0
KMI,2019-01-31,2019-02-01,0001031190,officer_director,100000.0,18.05,1805000.0
KMI,2019-02-04,2019-02-05,0001031190,officer_director,150000.0,18.31,2746500.0
KMI,2019-02-05,2019-02-06,0001031190,officer_director,200000.0,18.33,3666000.0
KMI,2019-02-07,2019-02-08,0001031190,officer_director,400000.0,17.99,7196000.0
KMI,2019-02-08,2019-02-11,0001031190,officer_director,114932.0,17.83,2049237.56
KMI,2019-02-12,2019-02-12,0001031190,officer_director,200000.0,18.39,3678000.0
KMI,2019-02-15,2019-02-19,0001031190,officer_director,200000.0,18.93,3786000.0
KMI,2019-02-19,2019-02-20,0001031190,officer_director,19112.0,18.79,359114.48
KMI,2019-02-21,2019-02-22,0001031190,officer_director,300000.0,19.15,5745000.0
KMI,2019-02-25,2019-02-25,0001031190,officer_director,300000.0,19.29,5787000.0
KMI,2019-02-26,2019-02-27,0001031190,officer_director,300000.0,19.33,5799000.0
KMI,2019-02-28,2019-03-01,0001031190,officer_director,300000.0,19.23,5769000.0
KMI,2019-03-01,2019-03-04,0001031190,officer_director,76836.0,19.3,1482934.8
KMI,2019-03-04,2019-03-05,0001031190,officer_director,200000.0,19.61,3922000.0
KMI,2019-03-05,2019-03-06,0001031190,officer_director,11900.0,19.7,234430.0
KMI,2019-03-08,2019-03-11,0001031190,officer_director,300000.0,19.66,5898000.0
KMI,2019-03-12,2019-03-13,0001231208,director,2500.0,19.89,49725.0
KMI,2019-03-25,2019-03-26,0001031190,officer_director,44100.0,19.75,870975.0
KMI,2019-03-28,2019-03-28,0001031190,officer_director,175000.0,19.74,3454500.0
KMI,2019-04-09,2019-04-10,0001031190,officer_director,175000.0,19.74,3454500.0
KMI,2019-04-11,2019-04-12,0001031190,officer_director,200.0,19.75,3950.0
KMI,2019-04-15,2019-04-15,0001031190,officer_director,175000.0,19.75,3456250.0
KMI,2019-04-16,2019-04-17,0001031190,officer_director,152639.0,19.75,3014620.25
KMI,2019-04-17,2019-04-17,0001031190,officer_director,175000.0,19.75,3456250.0
KMI,2019-04-18,2019-04-22,0001031190,officer_director,175000.0,19.64,3437000.0
KMI,2019-04-23,2019-04-24,0001031190,officer_director,29622.0,19.9,589477.8
KMI,2019-04-29,2019-04-30,0001031190,officer_director,200000.0,19.89,3978000.0
KMI,2019-05-02,2019-05-03,0001031190,officer_director,400000.0,19.53,7812000.0
KMI,2019-05-06,2019-05-08,0001031190,officer_director,200000.0,19.47,3894000.0
KMI,2019-05-10,2019-05-13,0001031190,officer_director,177542.0,19.43,3449641.06
KMI,2019-05-13,2019-05-14,0001031190,officer_director,300000.0,19.53,5859000.0
KMI,2019-05-29,2019-05-30,0001031190,officer_director,300000.0,19.68,5904000.0
KMI,2019-08-23,2019-08-26,0001231208,director,5000.0,19.91,99550.0
KMI,2019-08-23,2019-08-26,0001031190,officer_director,400000.0,19.95,7980000.0
KMI,2019-08-26,2019-08-27,0001031190,officer_director,300000.0,19.76,5928000.0
KMI,2019-10-29,2019-10-30,0001031190,officer_director,300000.0,20.17,6051000.0
KMI,2019-10-31,2019-11-01,0001031190,officer_director,300000.0,20.01,6003000.0
KMI,2019-11-11,2019-11-12,0001031190,officer_director,300000.0,19.97,5991000.0
KMI,2019-11-20,2019-11-22,0000315027,director,200000.0,20.1,4020000.0
KMI,2019-11-26,2019-11-26,0001031190,officer_director,300000.0,19.74,5922000.0
KMI,2019-12-13,2019-12-16,0001031190,officer_director,59624.0,20.14,1200827.36
KMI,2020-02-26,2020-02-26,0001031190,officer_director,300000.0,20.72,6216000.0
KMI,2020-02-28,2020-02-28,0001031190,officer_director,300000.0,18.88,5664000.0
KMI,2020-02-28,2020-02-28,0001326207,officer_director,5000.0,18.61,93050.0
KMI,2020-03-05,2020-03-06,0001031190,officer_director,300000.0,19.51,5853000.0
KMI,2020-03-11,2020-03-12,0001031190,officer_director,500000.0,15.51,7755000.0
KMI,2020-04-30,2020-04-30,0001033442,director,6500.0,15.35,99775.0
KMI,2020-07-28,2020-07-29,0001031190,officer_director,300000.0,14.14,4242000.0
KMI,2020-08-20,2020-08-21,0001031190,officer_director,373233.0,14.09,5258852.97
KMI,2020-08-31,2020-08-31,0001033442,director,7000.0,13.96,97720.0
KMI,2021-12-08,2021-12-10,0001228687,director,13000.0,16.27,211510.0
KMI,2021-12-08,2021-12-10,0001018196,director,6000.0,16.34,98040.0
KMI,2021-12-08,2021-12-10,0001231208,director,10000.0,16.24,162400.0
KMI,2024-08-01,2024-08-06,0002020302,director,47.0,21.09,991.23
KMI,2024-08-02,2024-08-06,0002020302,director,9685.0,20.65,199995.25
KMI,2024-11-05,2024-11-06,0002020302,director,2241.0,24.9,55800.9
KMI,2025-07-28,2025-07-29,0002020302,director,2759.0,27.21,75072.39
KMI,2025-10-27,2025-10-28,0001031190,officer_director,1000000.0,25.96,25960000.0
KMI,2025-10-30,2025-11-03,0002020302,director,487.0,26.26,12788.62
KMI,2025-10-31,2025-11-03,0002020302,director,3800.0,26.23,99674.0
KMI,2026-02-02,2026-02-03,0001033442,director,3000.0,29.75,89250.0
KO,2015-02-24,2015-02-26,0001299262,director,10000.0,42.09,420900.0
KO,2015-02-26,2015-02-27,0001537390,director,500.0,42.43,21215.0
KO,2015-04-29,2015-10-05,0001487047,director,2000.0,40.54,81080.0
KO,2015-05-21,2015-05-26,0001537390,director,500.0,41.2,20600.0
KO,2019-08-13,2019-08-15,0001768920,officer,500.0,53.24,26620.0
KO,2019-10-24,2019-10-25,0001768920,officer,500.0,54.55,27275.0
KO,2020-02-06,2020-02-07,0001768920,officer,425.0,59.27,25189.75
KO,2020-04-27,2020-04-28,0001768920,officer,1650.0,46.61,76906.5
KO,2022-07-27,2022-07-28,0001577369,director,983.0,62.29,61231.07
KO,2022-10-28,2022-11-01,0001295077,director,33200.0,60.18,1997976.0
KO,2025-10-23,2025-10-27,0001539853,director,2864.0,69.87,200107.68
KO,2025-10-23,2025-10-27,0001539853,director,4197.0,70.31,295091.07
KO,2025-10-24,2025-10-27,0001539853,director,7206.0,69.87,503483.22
KSS,2015-11-17,2015-11-18,0001527237,director,2275.0,43.98,100054.5
KSS,2016-08-11,2016-09-22,0001217667,director,615.0,43.87,26980.05
KSS,2017-11-15,2017-11-16,0001348792,director,800.0,42.36,33888.0
KSS,2017-11-15,2017-11-16,0001348792,director,3925.0,42.35,166223.75
KSS,2020-03-05,2020-03-05,0001078543,director,10000.0,35.4,354000.0
KSS,2020-04-03,2020-04-06,0001348792,director,17938.0,11.15,200008.7
KSS,2022-08-19,2022-08-22,0001078543,director,25000.0,30.01,750250.0
KSS,2022-08-23,2022-08-23,0001348792,director,10000.0,29.67,296700.0
KSS,2022-08-24,2022-08-24,0001527237,director,3413.0,29.29,99966.77
KSS,2023-03-29,2023-03-29,0001371136,officer_director,92500.0,21.82,2018350.0
LB,2015-06-24,2015-06-25,0000918909,director,775.0,87.81,68052.75
LB,2015-06-24,2015-06-25,0000918909,director,228.0,87.62,19977.36
LB,2015-06-24,2015-06-25,0000918909,director,282.0,87.77,24751.14
LB,2016-06-24,2016-06-24,0000905084,director,3500.0,67.92,237720.0
LB,2017-08-18,2017-10-05,0001015790,director,26500.0,37.56,995340.0
LB,2017-09-21,2017-09-25,0000905084,director,10000.0,37.0,370000.0
LB,2017-09-21,2017-09-25,0000905084,director,10000.0,37.0,370000.0
LB,2017-11-20,2017-11-21,0001015790,director,9910.0,50.34,498869.4
LB,2018-07-06,2018-11-26,0001740139,officer,5000.0,36.28,181400.0
LB,2020-06-23,2020-07-01,0001776285,director,685.0,14.64,10028.4
LB,2021-02-26,2021-03-02,0001587561,director,3666.0,54.53,199906.98
LB,2024-07-01,2024-07-03,0001748399,director,2925.0,17.0,49725.0
LB,2024-07-01,2024-07-03,0001645449,director,8800.0,17.0,149600.0
LB,2024-07-01,2024-07-03,0001914249,director,117600.0,17.0,1999200.0
LB,2026-01-05,2026-01-07,0002028379,officer,850.0,46.84,39814.0
LB,2026-01-05,2026-01-07,0002028425,officer_director,2143.0,46.59,99842.37
LB,2026-01-06,2026-01-07,0002028434,officer,549.0,45.49,24974.01
LEG,2015-08-19,2015-08-20,0001032869,director,1000.0,49.3,49300.0
LEG,2015-08-20,2015-08-20,0001032869,director,1000.0,48.76,48760.0
LEG,2024-05-02,2024-05-03,0001980775,officer,10000.0,13.39,133900.0
LEG,2024-05-23,2024-05-24,0001129149,director,6000.0,10.74,64440.0
LEG,2024-05-30,2024-05-31,0001980775,officer,10000.0,10.95,109500.0
LEG,2024-05-31,2024-06-03,0001166334,officer_director,23800.0,11.48,273224.0
LEG,2024-06-04,2024-06-04,0002003773,officer,1985.0,12.5,24812.5
LEG,2024-06-05,2024-06-06,0001671209,director,10000.0,12.06,120600.0
LEG,2024-06-06,2024-06-07,0001913519,officer,3850.0,12.2,46970.0
LH,2020-02-28,2020-05-04,0001791228,officer,250.0,174.94,43735.0
LH,2020-03-10,2020-05-04,0001791228,officer,330.0,168.56,55624.8
LH,2022-02-16,2022-02-18,0001237566,director,1300.0,262.85,341705.0
LH,2022-02-16,2022-02-18,0001237566,director,1600.0,263.98,422368.0
LH,2022-02-16,2022-02-18,0001237566,director,600.0,264.57,158742.0
LH,2022-06-07,2022-06-14,0001717915,officer,42.01,242.19,10174.4
LH,2022-09-07,2022-09-13,0001717915,officer,44.34,231.2,10251.41
LIN,2018-11-23,2018-11-26,0001757275,officer,693.0,156.49,108447.57
LIN,2019-03-22,2019-03-27,0001757262,director,6600.0,172.16,1136256.0
LIN,2019-05-15,2019-05-17,0001757274,officer,1900.0,179.21,340499.0
LIN,2019-05-15,2019-05-17,0001757324,officer,1496.0,179.21,268098.16
LIN,2019-05-15,2019-05-17,0001757275,officer,1474.0,179.21,264155.54
LIN,2020-03-09,2020-03-09,0001190775,officer_director,3000.0,175.93,527790.0
LIN,2020-03-12,2020-03-12,0001190775,officer_director,2000.0,162.4,324800.0
LIN,2020-03-13,2020-03-19,0001757262,director,3400.0,160.31,545054.0
LIN,2020-03-16,2020-03-17,0001190775,officer_director,2000.0,152.47,304940.0
LIN,2020-03-17,2020-03-17,0001757325,director,1400.0,158.72,222208.0
LIN,2021-02-26,2021-03-01,0001757325,director,493.0,245.94,121248.42
LIN,2022-02-18,2022-02-22,0001757325,director,95.0,302.96,28781.2
LIN,2022-02-18,2022-02-22,0001757325,director,280.0,303.02,84845.6
LIN,2022-03-08,2022-03-08,0001757274,officer,3750.0,268.62,1007325.0
LIN,2024-12-12,2024-12-12,0001179998,director,100.0,441.34,44134.0
LIN,2025-12-08,2025-12-08,0001757274,officer_director,2520.0,396.68,999633.6
LLY,2016-02-01,2016-02-03,0001173275,director,3170.0,78.62,249225.4
LLY,2016-05-12,2016-05-16,0001173275,director,1080.0,75.75,81810.0
LLY,2016-08-12,2016-08-16,0001173275,director,2560.0,80.42,205875.2
LLY,2016-12-16,2016-12-19,0001173275,director,1375.0,72.64,99880.0
LLY,2016-12-16,2016-12-19,0001186033,director,500.0,71.85,35925.0
LLY,2018-06-14,2018-06-14,0001741474,officer,10000.0,86.22,862200.0
LLY,2018-07-26,2018-07-27,0001173275,director,2168.0,95.22,206436.96
LLY,2019-06-05,2019-06-05,0001725189,officer,426.0,118.03,50280.78
LLY,2019-07-15,2019-07-15,0001725189,officer,185.0,108.47,20066.95
LLY,2019-10-24,2019-10-25,0001173275,director,1861.0,107.49,200038.89
LLY,2019-10-25,2019-10-28,0001752313,officer,1000.0,108.84,108840.0
LLY,2019-10-25,2019-10-28,0001725189,officer,929.0,107.59,99951.11
LLY,2019-10-25,2019-10-28,0001741474,officer,5000.0,108.61,543050.0
LLY,2019-10-25,2019-10-25,0001538604,officer_director,4615.0,108.38,500173.7
LLY,2021-04-30,2021-05-03,0001173275,director,820.0,182.74,149846.8
LLY,2021-04-30,2021-05-03,0001173275,director,546.0,182.99,99912.54
LLY,2022-03-01,2022-03-07,0001586197,director,202.0,246.78,49849.56
LLY,2022-08-12,2022-08-16,0001173275,director,656.0,304.19,199548.64
LLY,2025-08-08,2025-08-08,0001601813,director,200.0,639.56,127912.0
LLY,2025-08-12,2025-08-12,0001538604,officer_director,1632.0,644.77,1052264.64
LLY,2025-08-12,2025-08-12,0001741474,officer,1000.0,634.41,634410.0
LLY,2025-08-12,2025-08-12,0001262388,director,117.0,641.18,75018.06
LLY,2025-08-12,2025-08-12,0001343564,director,879.0,642.59,564836.61
LLY,2025-08-12,2025-08-12,0001343564,director,686.0,642.0,440412.0
LLY,2025-08-13,2025-08-14,0001310215,director,758.0,660.25,500469.5
LLY,2025-08-13,2025-08-13,0001661254,officer,1000.0,647.36,647360.0
LLY,2025-08-15,2025-08-15,0001752447,officer,715.0,691.79,494629.85
LMT,2015-05-04,2015-05-06,0001209431,director,2000.0,190.16,380320.0
LMT,2017-10-25,2017-10-27,0001209431,director,2432.0,311.97,758711.04
LMT,2017-10-25,2017-10-27,0001209431,director,68.0,313.93,21347.24
LMT,2019-02-25,2019-02-27,0001049959,director,750.0,306.04,229530.0
LMT,2019-08-09,2019-08-12,0001218672,director,1354.0,376.32,509537.28
LMT,2022-04-21,2022-04-25,0001353825,director,568.0,440.55,250232.4
LMT,2022-07-20,2022-07-21,0001353825,director,632.0,396.16,250373.12
LMT,2022-10-20,2022-10-24,0001353825,director,400.0,441.04,176416.0
LMT,2022-10-20,2022-10-24,0001353825,director,168.0,442.36,74316.48
LMT,2023-01-25,2023-01-26,0001353825,director,214.0,451.56,96633.84
LMT,2023-01-25,2023-01-26,0001353825,director,100.0,447.6,44760.0
LMT,2023-01-25,2023-01-26,0001353825,director,63.0,454.0,28602.0
LMT,2023-01-25,2023-01-26,0001353825,director,79.0,454.66,35918.14
LMT,2023-01-25,2023-01-26,0001353825,director,100.0,449.53,44953.0
LMT,2023-04-19,2023-04-20,0001353825,director,506.0,495.17,250556.02
LMT,2023-07-19,2023-07-19,0001353825,director,500.0,456.98,228490.0
LMT,2023-07-19,2023-07-19,0001353825,director,48.0,458.09,21988.32
LOW,2016-03-01,2016-03-02,0001056610,director,1500.0,67.31,100965.0
LOW,2018-08-24,2018-08-28,0001450092,director,273.0,107.72,29407.56
LOW,2018-11-23,2018-11-27,0001203074,director,10000.0,88.02,880200.0
LOW,2019-05-24,2019-05-29,0001350382,officer_director,10000.0,95.05,950500.0
LOW,2019-05-24,2019-05-28,0001450092,director,250.0,94.9,23725.0
LOW,2019-06-19,2019-06-21,0001733872,officer,2030.0,98.69,200340.7
LOW,2020-03-06,2020-03-10,0001350382,officer_director,10000.0,103.86,1038600.0
LOW,2021-02-26,2021-03-02,0000947324,director,4688.0,159.49,747689.12
LOW,2021-02-26,2021-03-02,0000947324,director,1562.0,159.46,249076.52
LOW,2024-12-20,2024-12-23,0001708987,director,1000.0,245.53,245530.0
LOW,2025-11-24,2025-11-25,0001708987,director,1000.0,231.06,231060.0
LRCX,2022-04-26,2022-04-27,0001291570,director,1736.0,460.35,799167.6
LRCX,2025-04-08,2025-08-06,0001642415,officer,9.46,63.66,602.22
LUV,2015-08-25,2015-08-26,0001189132,director,2500.0,37.86,94650.0
LUV,2016-08-02,2016-08-03,0001027716,officer_director,104.0,35.57,3699.28
LUV,2016-08-02,2016-08-03,0001027716,officer_director,4202.0,35.58,149507.16
LUV,2016-08-02,2016-08-03,0001027716,officer_director,200.0,35.58,7116.0
LUV,2016-08-02,2016-08-03,0001027716,officer_director,300.0,35.58,10674.0
LUV,2016-08-02,2016-08-03,0001027716,officer_director,2700.0,35.58,96066.0
LUV,2016-08-02,2016-08-03,0001027716,officer_director,1500.0,35.57,53355.0
LUV,2016-08-02,2016-08-03,0001027716,officer_director,6400.0,35.57,227648.0
LUV,2016-08-02,2016-08-03,0001027716,officer_director,500.0,35.56,17780.0
LUV,2016-08-02,2016-08-03,0001027716,officer_director,544.0,35.56,19344.64
LUV,2016-08-02,2016-08-03,0001027716,officer_director,12.0,35.6,427.2
LUV,2016-08-02,2016-08-03,0001027716,officer_director,100.0,35.59,3559.0
LUV,2016-08-02,2016-08-03,0001027716,officer_director,101.0,35.59,3594.59
LUV,2016-08-02,2016-08-03,0001027716,officer_director,7931.0,35.6,282343.6
LUV,2016-08-02,2016-08-03,0001027716,officer_director,1812.0,35.59,64489.08
LUV,2016-08-02,2016-08-03,0001027716,officer_director,1700.0,35.59,60503.0
LUV,2016-08-03,2016-08-04,0001338581,officer,1800.0,35.77,64386.0
LUV,2016-08-03,2016-08-04,0001338581,officer,100.0,35.78,3578.0
LUV,2016-08-03,2016-08-04,0001338581,officer,700.0,35.77,25039.0
LUV,2016-08-03,2016-08-04,0001338581,officer,400.0,35.79,14316.0
LUV,2016-08-03,2016-08-04,0001338581,officer,100.0,35.76,3576.0
LUV,2016-08-03,2016-08-04,0001338581,officer,1100.0,35.78,39358.0
LUV,2016-08-03,2016-08-04,0001189132,director,3356.0,35.8,120144.8
LUV,2016-08-03,2016-08-04,0001189132,director,200.0,35.8,7160.0
LUV,2016-08-03,2016-08-04,0001189132,director,2144.0,35.79,76733.76
LUV,2017-08-11,2017-08-14,0001189132,director,4500.0,54.0,243000.0
LUV,2018-02-12,2018-02-13,0001189132,director,3500.0,56.25,196875.0
LUV,2024-09-30,2024-10-02,0001198875,director,4875.0,29.75,145031.25
LUV,2024-09-30,2024-10-02,0001198875,director,104323.0,29.75,3103609.25
LUV,2024-09-30,2024-10-02,0001198875,director,43328.0,29.59,1282075.52
LUV,2024-09-30,2024-10-02,0001198875,director,2288.0,29.61,67747.68
LUV,2024-09-30,2024-10-02,0001198875,director,15355.0,29.61,454661.55
LUV,2024-09-30,2024-10-02,0001198875,director,100.0,29.62,2962.0
LUV,2024-09-30,2024-10-02,0001198875,director,5430.0,29.62,160836.6
LUV,2024-09-30,2024-10-02,0001198875,director,4108.0,29.64,121761.12
LUV,2024-09-30,2024-10-02,0001198875,director,14611.0,29.64,433070.04
LUV,2024-09-30,2024-10-02,0001198875,director,2700.0,29.65,80055.0
LUV,2024-09-30,2024-10-02,0001198875,director,17888.0,29.66,530558.08
LUV,2024-09-30,2024-10-02,0001198875,director,37114.0,29.66,1100801.24
LUV,2024-09-30,2024-10-02,0001198875,director,25906.0,29.67,768631.02
LUV,2024-09-30,2024-10-02,0001198875,director,8037.0,29.68,238538.16
LUV,2024-09-30,2024-10-02,0001198875,director,42007.0,29.68,1246767.76
LUV,2024-09-30,2024-10-02,0001198875,director,21472.0,29.69,637503.68
LUV,2024-09-30,2024-10-02,0001198875,director,56272.0,29.69,1670715.68
LUV,2024-09-30,2024-10-02,0001198875,director,28085.0,29.7,834124.5
LUV,2024-09-30,2024-10-02,0001198875,director,45860.0,29.7,1362042.0
LUV,2024-09-30,2024-10-02,0001198875,director,800.0,29.71,23768.0
LUV,2024-09-30,2024-10-02,0001198875,director,4475.0,29.71,132952.25
LUV,2024-09-30,2024-10-02,0001198875,director,6526.0,29.72,193952.72
LUV,2024-09-30,2024-10-02,0001198875,director,12300.0,29.72,365556.0
LUV,2024-09-30,2024-10-02,0001198875,director,2888.0,29.73,85860.24
LUV,2024-09-30,2024-10-02,0001198875,director,6482.0,29.73,192709.86
LUV,2024-09-30,2024-10-02,0001198875,director,4371.0,29.6,129381.6
LUV,2024-09-30,2024-10-02,0001198875,director,211129.0,29.6,6249418.4
LUV,2024-09-30,2024-10-02,0001198875,director,13430.0,29.55,396856.5
LUV,2024-09-30,2024-10-02,0001198875,director,4400.0,29.58,130152.0
LUV,2024-09-30,2024-10-02,0001198875,director,17242.0,29.59,510190.78
LUV,2024-09-30,2024-10-02,0001198875,director,47512.0,29.74,1413006.88
LUV,2024-09-30,2024-10-02,0001198875,director,3788.0,29.74,112655.12
LUV,2024-09-30,2024-10-02,0001198875,director,200.0,29.48,5896.0
LUV,2024-09-30,2024-10-02,0001198875,director,114254.0,29.49,3369350.46
LUV,2024-09-30,2024-10-02,0001198875,director,59847.0,29.49,1764888.03
LUV,2024-09-30,2024-10-02,0001198875,director,100357.0,29.5,2960531.5
LUV,2024-09-30,2024-10-02,0001198875,director,106056.0,29.5,3128652.0
LUV,2024-09-30,2024-10-02,0001198875,director,23032.0,29.51,679674.32
LUV,2024-09-30,2024-10-02,0001198875,director,12450.0,29.51,367399.5
LUV,2024-09-30,2024-10-02,0001198875,director,9525.0,29.52,281178.0
LUV,2024-09-30,2024-10-02,0001198875,director,34505.0,29.52,1018587.6
LUV,2024-09-30,2024-10-02,0001198875,director,2248.0,29.53,66383.44
LUV,2024-09-30,2024-10-02,0001198875,director,400.0,29.54,11816.0
LUV,2024-09-30,2024-10-02,0001198875,director,2820.0,29.55,83331.0
LUV,2024-09-30,2024-10-02,0001198875,director,200.0,29.4,5880.0
LUV,2024-09-30,2024-10-02,0001198875,director,7622.0,29.4,224086.8
LUV,2024-09-30,2024-10-02,0001198875,director,3352.0,29.41,98582.32
LUV,2024-09-30,2024-10-02,0001198875,director,22756.0,29.41,669253.96
LUV,2024-09-30,2024-10-02,0001198875,director,9123.0,29.42,268398.66
LUV,2024-09-30,2024-10-02,0001198875,director,29630.0,29.42,871714.6
LUV,2024-09-30,2024-10-02,0001198875,director,11959.0,29.43,351953.37
LUV,2024-09-30,2024-10-02,0001198875,director,38495.0,29.43,1132907.85
LUV,2024-09-30,2024-10-02,0001198875,director,76578.0,29.44,2254456.32
LUV,2024-09-30,2024-10-02,0001198875,director,40306.0,29.44,1186608.64
LUV,2024-09-30,2024-10-02,0001198875,director,74809.0,29.45,2203125.05
LUV,2024-09-30,2024-10-02,0001198875,director,17128.0,29.45,504419.6
LUV,2024-09-30,2024-10-02,0001198875,director,9566.0,29.46,281814.36
LUV,2024-09-30,2024-10-02,0001198875,director,68921.0,29.46,2030412.66
LUV,2024-09-30,2024-10-02,0001198875,director,18886.0,29.47,556570.42
LUV,2024-09-30,2024-10-02,0001198875,director,155797.0,29.48,4592895.56
LUV,2024-09-30,2024-10-02,0001198875,director,85978.0,29.47,2533771.66
LUV,2024-09-30,2024-10-02,0001198875,director,48098.0,29.48,1417929.04
LUV,2024-09-30,2024-10-02,0001027716,officer_director,33921.0,29.52,1001347.92
LUV,2024-10-01,2024-10-02,0001198875,director,36597.0,29.95,1096080.15
LUV,2024-10-01,2024-10-02,0001198875,director,4394.0,29.95,131600.3
LUV,2024-10-01,2024-10-02,0001198875,director,31415.0,29.96,941193.4
LUV,2024-10-01,2024-10-02,0001198875,director,72612.0,29.96,2175455.52
LUV,2024-10-01,2024-10-02,0001198875,director,11141.0,29.97,333895.77
LUV,2024-10-01,2024-10-02,0001198875,director,26539.0,29.97,795373.83
LUV,2024-10-01,2024-10-02,0001198875,director,17953.0,29.98,538230.94
LUV,2024-10-01,2024-10-02,0001198875,director,112461.0,29.98,3371580.78
LUV,2024-10-01,2024-10-02,0001198875,director,61863.0,29.99,1855271.37
LUV,2024-10-01,2024-10-02,0001198875,director,183006.0,29.99,5488349.94
LUV,2024-10-01,2024-10-02,0001198875,director,39649.0,30.0,1189470.0
LUV,2024-10-01,2024-10-02,0001198875,director,200.0,29.95,5990.0
LUV,2024-10-01,2024-10-02,0001198875,director,45958.0,30.0,1378740.0
LUV,2024-10-01,2024-10-02,0001198875,director,19100.0,29.84,569944.0
LUV,2024-10-01,2024-10-02,0001198875,director,20280.0,29.84,605155.2
LUV,2024-10-01,2024-10-02,0001198875,director,5700.0,29.85,170145.0
LUV,2024-10-01,2024-10-02,0001198875,director,25459.0,29.85,759951.15
LUV,2024-10-01,2024-10-02,0001198875,director,400.0,29.88,11952.0
LUV,2024-10-01,2024-10-02,0001198875,director,3700.0,29.88,110556.0
LUV,2024-10-01,2024-10-02,0001198875,director,2034.0,29.89,60796.26
LUV,2024-10-01,2024-10-02,0001198875,director,15690.0,29.89,468974.1
LUV,2024-10-01,2024-10-02,0001198875,director,2958.0,29.9,88444.2
LUV,2024-10-01,2024-10-02,0001198875,director,35641.0,29.9,1065665.9
LUV,2024-10-01,2024-10-02,0001198875,director,1898.0,29.91,56769.18
LUV,2024-10-01,2024-10-02,0001198875,director,14402.0,29.91,430763.82
LUV,2024-10-01,2024-10-02,0001198875,director,4500.0,29.91,134595.0
LUV,2024-10-01,2024-10-02,0001198875,director,100.0,29.91,2991.0
LUV,2024-10-01,2024-10-02,0001198875,director,3815.0,29.92,114144.8
LUV,2024-10-01,2024-10-02,0001198875,director,500.0,29.92,14960.0
LUV,2024-10-01,2024-10-02,0001198875,director,90127.0,29.92,2696599.84
LUV,2024-10-01,2024-10-02,0001198875,director,200.0,29.92,5984.0
LUV,2024-10-01,2024-10-02,0001198875,director,55527.0,29.93,1661923.11
LUV,2024-10-01,2024-10-02,0001198875,director,102965.0,29.93,3081742.45
LUV,2024-10-01,2024-10-02,0001198875,director,100.0,29.93,2993.0
LUV,2024-10-01,2024-10-02,0001198875,director,3745.0,29.94,112125.3
LUV,2024-10-01,2024-10-02,0001198875,director,100.0,29.94,2994.0
LUV,2024-10-01,2024-10-02,0001198875,director,10000.0,29.94,299400.0
LUV,2024-10-01,2024-10-02,0001198875,director,12900.0,29.83,384807.0
LUV,2024-10-01,2024-10-02,0001198875,director,1100.0,29.83,32813.0
LUV,2024-10-01,2024-10-02,0001198875,director,10208.0,29.82,304402.56
LUV,2024-10-01,2024-10-02,0001198875,director,900.0,29.82,26838.0
LUV,2024-10-01,2024-10-02,0001198875,director,24958.0,29.81,743997.98
LUV,2024-10-01,2024-10-02,0001198875,director,61911.0,29.8,1844947.8
LUV,2024-10-01,2024-10-02,0001198875,director,200.0,29.2,5840.0
LUV,2024-10-01,2024-10-02,0001198875,director,12390.0,29.3,363027.0
LUV,2024-10-01,2024-10-02,0001198875,director,100.0,29.2,2920.0
LUV,2024-10-01,2024-10-02,0001198875,director,100.0,29.2,2920.0
LUV,2024-10-01,2024-10-02,0001198875,director,400.0,29.21,11684.0
LUV,2024-10-01,2024-10-02,0001198875,director,4653.0,29.22,135960.66
LUV,2024-10-01,2024-10-02,0001198875,director,1931.0,29.76,57466.56
LUV,2024-10-01,2024-10-02,0001198875,director,2138.0,29.77,63648.26
LUV,2024-10-01,2024-10-02,0001198875,director,900.0,29.77,26793.0
LUV,2024-10-01,2024-10-02,0001198875,director,100.0,29.77,2977.0
LUV,2024-10-01,2024-10-02,0001198875,director,100.0,29.77,2977.0
LUV,2024-10-01,2024-10-02,0001198875,director,8376.0,29.77,249353.52
LUV,2024-10-01,2024-10-02,0001198875,director,400.0,29.77,11908.0
LUV,2024-10-01,2024-10-02,0001198875,director,100.0,29.77,2977.0
LUV,2024-10-01,2024-10-02,0001198875,director,2074.0,29.78,61763.72
LUV,2024-10-01,2024-10-02,0001198875,director,17026.0,29.78,507034.28
LUV,2024-10-01,2024-10-02,0001198875,director,100.0,29.78,2978.0
LUV,2024-10-01,2024-10-02,0001198875,director,3100.0,29.79,92349.0
LUV,2024-10-01,2024-10-02,0001198875,director,13550.0,29.79,403654.5
LUV,2024-10-01,2024-10-02,0001198875,director,7900.0,29.8,235420.0
LUV,2024-10-01,2024-10-02,0001198875,director,100.0,29.18,2918.0
LUV,2024-10-01,2024-10-02,0001198875,director,12010.0,29.19,350571.9
LUV,2024-10-01,2024-10-02,0001198875,director,800.0,29.23,23384.0
LUV,2024-10-01,2024-10-02,0001198875,director,1069.0,29.23,31246.87
LUV,2024-10-01,2024-10-02,0001198875,director,100.0,29.24,2924.0
LUV,2024-10-01,2024-10-02,0001198875,director,17505.0,29.25,512021.25
LUV,2024-10-01,2024-10-02,0001198875,director,200.0,29.26,5852.0
LUV,2024-10-01,2024-10-02,0001198875,director,3100.0,29.27,90737.0
LUV,2024-10-01,2024-10-02,0001198875,director,9205.0,29.29,269614.45
LUV,2024-10-01,2024-10-02,0001198875,director,7468.0,29.2,218065.6
LUV,2024-10-01,2024-10-02,0001198875,director,400.0,29.18,11672.0
LUV,2024-10-01,2024-10-02,0001198875,director,400.0,29.18,11672.0
LUV,2024-10-01,2024-10-02,0001198875,director,500.0,29.12,14560.0
LUV,2024-10-01,2024-10-02,0001198875,director,300.0,29.12,8736.0
LUV,2024-10-01,2024-10-02,0001198875,director,900.0,29.12,26208.0
LUV,2024-10-01,2024-10-02,0001198875,director,3816.0,29.13,111160.08
LUV,2024-10-01,2024-10-02,0001198875,director,200.0,29.13,5826.0
LUV,2024-10-01,2024-10-02,0001198875,director,100.0,29.13,2913.0
LUV,2024-10-01,2024-10-02,0001198875,director,946.0,29.18,27604.28
LUV,2024-10-01,2024-10-02,0001198875,director,22518.0,29.13,655949.34
LUV,2024-10-01,2024-10-02,0001198875,director,2200.0,29.14,64108.0
LUV,2024-10-01,2024-10-02,0001198875,director,100.0,29.14,2914.0
LUV,2024-10-01,2024-10-02,0001198875,director,100.0,29.14,2914.0
LUV,2024-10-01,2024-10-02,0001198875,director,400.0,29.14,11656.0
LUV,2024-10-01,2024-10-02,0001198875,director,42859.0,29.14,1248911.26
LUV,2024-10-01,2024-10-02,0001198875,director,2200.0,29.15,64130.0
LUV,2024-10-01,2024-10-02,0001198875,director,400.0,29.15,11660.0
LUV,2024-10-01,2024-10-02,0001198875,director,19295.0,29.15,562449.25
LUV,2024-10-01,2024-10-02,0001198875,director,1340.0,29.16,39074.4
LUV,2024-10-01,2024-10-02,0001198875,director,400.0,29.16,11664.0
LUV,2024-10-01,2024-10-02,0001198875,director,34335.0,29.16,1001208.6
LUV,2024-10-01,2024-10-02,0001198875,director,900.0,29.16,26244.0
LUV,2024-10-01,2024-10-02,0001198875,director,1200.0,29.17,35004.0
LUV,2024-10-01,2024-10-02,0001198875,director,500.0,29.17,14585.0
LUV,2024-10-01,2024-10-02,0001198875,director,500.0,29.17,14585.0
LUV,2024-10-01,2024-10-02,0001198875,director,100.0,29.17,2917.0
LUV,2024-10-01,2024-10-02,0001198875,director,9439.0,29.17,275335.63
LUV,2024-10-01,2024-10-02,0001198875,director,100.0,29.17,2917.0
LUV,2024-10-01,2024-10-02,0001198875,director,400.0,29.18,11672.0
LUV,2024-10-01,2024-10-02,0001198875,director,18705.0,29.18,545811.9
LUV,2024-10-01,2024-10-02,0001198875,director,200.0,29.12,5824.0
LUV,2024-10-01,2024-10-02,0001198875,director,100.0,29.09,2909.0
LUV,2024-10-01,2024-10-02,0001198875,director,700.0,29.1,20370.0
LUV,2024-10-01,2024-10-02,0001198875,director,34880.0,29.1,1015008.0
LUV,2024-10-01,2024-10-02,0001198875,director,1400.0,29.11,40754.0
LUV,2024-10-01,2024-10-02,0001198875,director,100.0,29.11,2911.0
LUV,2024-10-01,2024-10-02,0001198875,director,800.0,29.11,23288.0
LUV,2024-10-01,2024-10-02,0001198875,director,1000.0,29.11,29110.0
LUV,2024-10-01,2024-10-02,0001198875,director,7814.0,29.11,227465.54
LUV,2024-10-01,2024-10-02,0001198875,director,1700.0,29.11,49487.0
LUV,2024-10-01,2024-10-02,0001198875,director,1835.0,29.12,53435.2
LUV,2024-10-01,2024-10-02,0001198875,director,100.0,29.12,2912.0
LUV,2024-10-01,2024-10-02,0001198875,director,600.0,29.12,17472.0
LUV,2024-10-01,2024-10-02,0001198875,director,100.0,29.09,2909.0
LUV,2024-10-01,2024-10-02,0001198875,director,36920.0,29.12,1075110.4
LUV,2024-10-01,2024-10-02,0001198875,director,200.0,29.12,5824.0
LUV,2024-10-01,2024-10-02,0001198875,director,800.0,29.12,23296.0
LUV,2024-10-01,2024-10-02,0001198875,director,1400.0,29.05,40670.0
LUV,2024-10-01,2024-10-02,0001198875,director,900.0,29.06,26154.0
LUV,2024-10-01,2024-10-02,0001198875,director,2498.0,29.07,72616.86
LUV,2024-10-01,2024-10-02,0001198875,director,430.0,29.08,12504.4
LUV,2024-10-01,2024-10-02,0001198875,director,13767.0,29.08,400344.36
LUV,2024-10-01,2024-10-02,0001198875,director,700.0,29.08,20356.0
LUV,2024-10-01,2024-10-02,0001198875,director,200.0,29.08,5816.0
LUV,2024-10-01,2024-10-02,0001198875,director,7524.0,29.09,218873.16
LUV,2024-10-01,2024-10-02,0001198875,director,13878.0,29.09,403711.02
LUV,2024-10-01,2024-10-02,0001198875,director,600.0,29.09,17454.0
LUV,2024-10-01,2024-10-02,0001198875,director,1400.0,29.09,40726.0
LUV,2025-01-30,2025-03-10,0002020959,director,118.0,31.28,3691.04
LUV,2025-03-12,2025-03-14,0001620833,director,5000.0,30.03,150150.0
LUV,2025-03-13,2025-03-14,0001570660,director,3268.0,30.58,99935.44
LUV,2025-03-13,2025-03-14,0001929533,director,3258.0,30.68,99955.44
LUV,2025-03-14,2025-03-14,0002034705,director,500.0,31.48,15740.0
LUV,2025-04-28,2025-04-29,0001304945,director,7500.0,26.52,198900.0
LUV,2025-04-29,2025-04-30,0001594960,director,1500.0,26.92,40380.0
LUV,2025-04-29,2025-04-30,0001594960,director,800.0,26.93,21544.0
LUV,2025-04-29,2025-04-30,0001594960,director,1154.0,26.94,31088.76
LUV,2025-04-29,2025-04-30,0001594960,director,400.0,26.95,10780.0
LUV,2025-04-29,2025-04-30,0001594960,director,100.0,26.96,2696.0
LUV,2025-04-29,2025-04-30,0001594960,director,927.0,27.0,25029.0
LUV,2025-04-29,2025-04-30,0001594960,director,100.0,26.74,2674.0
LUV,2025-04-29,2025-04-30,0001594960,director,400.0,26.77,10708.0
LUV,2025-04-29,2025-04-30,0001594960,director,100.0,26.78,2678.0
LUV,2025-04-29,2025-04-30,0001594960,director,900.0,26.79,24111.0
LUV,2025-04-29,2025-04-30,0001594960,director,100.0,26.8,2680.0
LUV,2025-04-29,2025-04-30,0001594960,director,400.0,26.81,10724.0
LUV,2025-04-29,2025-04-30,0001594960,director,400.0,26.83,10732.0
LUV,2025-04-29,2025-04-30,0001594960,director,900.0,26.85,24165.0
LUV,2025-04-29,2025-04-30,0001594960,director,500.0,26.86,13430.0
LUV,2025-04-29,2025-04-30,0001594960,director,651.0,26.87,17492.37
LUV,2025-04-29,2025-04-30,0001594960,director,68.0,26.88,1827.84
LUV,2025-04-29,2025-04-30,0001594960,director,200.0,26.89,5378.0
LUV,2025-04-29,2025-04-30,0001594960,director,400.0,26.9,10760.0
LUV,2025-04-30,2025-05-01,0001188833,director,3670.0,27.29,100154.3
LUV,2025-08-05,2025-08-07,0002034705,director,200.0,30.01,6002.0
LUV,2025-08-05,2025-08-07,0002034705,director,1300.0,30.01,39013.0
LUV,2025-08-06,2025-08-07,0001188833,director,2745.0,30.03,82432.35
LUV,2025-08-06,2025-08-07,0001188833,director,600.0,30.03,18018.0
M,2015-01-20,2015-01-20,0001114820,officer,570.0,63.62,36263.4
M,2015-02-17,2015-02-17,0001114820,officer,585.0,63.26,37007.1
M,2015-03-17,2015-03-17,0001114820,officer,560.0,63.85,35756.0
M,2015-04-21,2015-04-21,0001114820,officer,539.0,66.83,36021.37
M,2015-05-19,2015-05-19,0001114820,officer,537.0,67.92,36473.04
M,2015-06-16,2015-06-16,0001114820,officer,521.0,68.77,35829.17
M,2015-07-21,2015-07-21,0001114820,officer,500.0,72.16,36080.0
M,2015-08-18,2015-08-18,0001114820,officer,570.0,63.13,35984.1
M,2016-03-02,2016-03-02,0001457264,officer,200.0,43.8,8760.0
M,2016-03-02,2016-03-02,0001457264,officer,24800.0,43.81,1086488.0
M,2017-02-24,2017-02-28,0001184471,officer_director,30.0,33.47,1004.1
M,2017-06-12,2017-06-14,0001457264,officer_director,13085.0,22.95,300300.75
M,2017-06-15,2017-06-16,0001548409,director,4390.0,22.72,99740.8
M,2017-08-23,2017-08-24,0001227918,director,10000.0,20.55,205500.0
M,2017-08-23,2017-08-24,0001185941,director,9825.0,20.32,199644.0
M,2018-04-12,2018-04-13,0001457264,officer_director,250.0,29.09,7272.5
M,2018-04-12,2018-04-13,0001457264,officer_director,9750.0,29.1,283725.0
M,2018-08-17,2018-08-20,0001548409,director,2092.0,35.78,74851.76
M,2018-11-16,2018-11-19,0001548409,director,3154.0,31.74,100107.96
M,2019-05-17,2019-05-21,0001457264,officer_director,3472.0,21.96,76245.12
M,2019-05-17,2019-05-21,0001457264,officer_director,1528.0,21.95,33539.6
M,2019-05-22,2019-05-22,0001194702,director,2200.0,21.63,47586.0
M,2019-05-22,2019-05-22,0001194702,director,7800.0,21.63,168714.0
M,2019-05-23,2019-05-28,0001647222,officer,5000.0,21.37,106850.0
M,2019-08-16,2019-08-19,0001057777,director,1000.0,16.25,16250.0
M,2021-02-25,2021-02-26,0001257384,director,20000.0,15.53,310600.0
M,2021-02-26,2021-02-26,0001257384,director,13115.0,15.25,200003.75
M,2021-03-01,2021-03-02,0001257384,director,6514.0,15.35,99989.9
MA,2013-02-11,2015-02-17,0001223622,officer,0.11,524.02,57.64
MA,2013-05-10,2015-02-17,0001223622,officer,0.22,555.94,122.31
MA,2014-02-11,2015-02-17,0001223622,officer,2.89,76.46,220.97
MA,2014-05-12,2015-02-17,0001223622,officer,2.95,74.91,220.98
MA,2018-11-02,2018-11-05,0001185480,director,2475.0,196.37,486015.75
MA,2019-07-31,2019-08-01,0001678996,director,500.0,272.98,136490.0
MA,2019-08-01,2019-08-01,0001678996,director,500.0,277.29,138645.0
MA,2019-08-01,2019-08-01,0001678996,director,500.0,276.85,138425.0
MA,2019-08-12,2019-08-13,0001185480,director,1735.0,270.09,468606.15
MA,2020-03-11,2020-03-11,0001678996,director,1000.0,265.0,265000.0
MA,2023-11-09,2023-11-09,0001185480,director,1000.0,390.96,390960.0
MAT,2015-05-20,2015-05-21,0001197584,director,18400.0,25.67,472328.0
MAT,2017-02-07,2017-02-08,0001652411,officer,9610.0,26.02,250052.2
MAT,2017-02-13,2017-02-14,0001198856,officer_director,9610.0,25.97,249571.7
MAT,2017-04-24,2017-04-26,0001197584,director,47000.0,21.95,1031650.0
MAT,2017-08-01,2017-08-03,0001401333,officer_director,12660.0,19.61,248262.6
MAT,2019-02-19,2019-02-20,0001476295,director,8000.0,13.5,108000.0
MAT,2019-02-21,2019-02-25,0001708842,officer_director,71425.0,14.02,1001378.5
MAT,2019-02-22,2019-02-25,0001062126,director,30000.0,13.96,418800.0
MAT,2019-02-22,2019-02-25,0001268615,officer,20000.0,13.95,279000.0
MAT,2026-02-12,2026-02-12,0001708842,officer_director,65000.0,15.53,1009450.0
MBI,2015-06-19,2015-06-22,0001205159,officer_director,19700.0,8.97,176709.0
MBI,2015-06-19,2015-06-22,0001205159,officer_director,55300.0,8.98,496594.0
MBI,2015-08-07,2015-08-10,0001237582,officer,20000.0,6.33,126600.0
MBI,2015-08-07,2015-08-10,0001551962,director,4400.0,6.15,27060.0
MBI,2015-08-07,2015-08-10,0001551962,director,3700.0,6.16,22792.0
MBI,2015-08-07,2015-08-10,0001191034,director,4642.0,6.33,29383.86
MBI,2015-08-07,2015-08-10,0001191034,director,4100.0,6.32,25912.0
MBI,2015-08-07,2015-08-10,0001191034,director,9265.0,6.32,58554.8
MBI,2015-08-07,2015-08-10,0001191034,director,31993.0,6.34,202835.62
MBI,2015-08-07,2015-08-10,0001334233,officer,150000.0,6.3,945000.0
MBI,2015-08-07,2015-08-10,0001525942,officer,50000.0,6.36,318000.0
MBI,2015-08-07,2015-08-10,0001237570,officer,100000.0,6.32,632000.0
MBI,2015-08-24,2015-08-24,0001649523,director,5000.0,6.29,31450.0
MBI,2015-12-29,2015-12-30,0001649523,director,5000.0,6.57,32850.0
MBI,2017-03-22,2017-03-23,0001649523,director,2000.0,8.12,16240.0
MBI,2017-06-19,2017-06-21,0001105209,director,50000.0,8.96,448000.0
MBI,2017-06-21,2017-06-21,0001105209,director,37033.0,8.72,322927.76
MBI,2017-06-28,2017-06-30,0001191034,director,40000.0,9.25,370000.0
MBI,2017-08-15,2017-08-29,0001468776,director,20000.0,10.41,208200.0
MBI,2017-12-19,2017-12-20,0001205159,director,50000.0,7.25,362500.0
MBI,2020-11-18,2020-11-19,0001334233,officer,100000.0,6.17,617000.0
MCD,2016-02-10,2016-02-12,0001401333,director,2130.0,117.7,250701.0
MCD,2017-03-22,2017-03-24,0001545819,director,1600.0,128.94,206304.0
MCD,2019-11-06,2019-11-07,0001545819,director,1300.0,193.46,251498.0
MCD,2019-11-06,2019-11-06,0001598115,officer_director,2580.0,193.81,500029.8
MCD,2019-11-07,2019-11-12,0001042343,director,2500.0,193.83,484575.0
MCD,2019-11-14,2019-11-18,0000938885,director,1000.0,194.12,194120.0
MCD,2020-02-28,2020-03-03,0001796439,director,1000.0,192.13,192130.0
MCD,2022-02-28,2022-03-02,0001796439,director,1000.0,244.18,244180.0
MCD,2022-11-03,2025-02-14,0001949718,director,2.0,271.83,543.66
MCD,2022-11-04,2025-02-14,0001949718,director,49.0,273.45,13399.05
MCD,2022-11-07,2025-02-14,0001949718,director,23.0,276.27,6354.21
MCD,2022-11-08,2025-02-14,0001949718,director,35.0,278.36,9742.6
MCD,2022-11-09,2025-02-14,0001949718,director,36.0,278.73,10034.28
MCD,2023-04-03,2023-08-04,0001796439,director,38.0,281.03,10679.14
MCK,2016-02-02,2016-02-03,0001158584,director,1000.0,156.21,156210.0
MCK,2016-11-02,2016-11-03,0001158584,director,100.0,136.36,13636.0
MCK,2016-11-02,2016-11-03,0001158584,director,900.0,136.35,122715.0
MCK,2016-11-30,2016-12-01,0001612098,officer,692.0,144.52,100007.84
MDLZ,2015-02-13,2015-02-13,0000905129,director,25000.0,37.09,927250.0
MDLZ,2015-02-19,2015-02-23,0001345471,director,915000.0,36.98,33836700.0
MDLZ,2015-02-19,2015-02-23,0000928265,director,915000.0,36.98,33836700.0
MDLZ,2015-02-25,2015-02-27,0000928265,director,270871.0,36.94,10005974.74
MDLZ,2015-02-25,2015-02-27,0001345471,director,270871.0,36.94,10005974.74
MDLZ,2015-08-07,2015-08-10,0001347950,director,22000.0,45.95,1010900.0
MDLZ,2016-02-17,2016-02-17,0001191527,director,5430.0,39.37,213779.1
MDLZ,2016-11-11,2016-11-14,0001191527,director,2500.0,41.61,104025.0
MDLZ,2017-02-09,2017-02-10,0001242243,director,2000.0,44.95,89900.0
MDLZ,2017-11-09,2017-11-13,0001191527,director,1500.0,41.29,61935.0
MDLZ,2018-02-16,2018-02-20,0001242243,director,2000.0,43.9,87800.0
MDLZ,2018-03-09,2018-03-09,0000928264,director,1028600.0,44.27,45536122.0
MDLZ,2018-03-09,2018-03-09,0001345471,director,1028600.0,44.27,45536122.0
MDLZ,2020-05-01,2020-05-05,0001242243,director,2000.0,50.52,101040.0
MDLZ,2020-08-11,2020-08-13,0001242243,director,3500.0,55.2,193200.0
MDLZ,2020-12-08,2020-12-09,0001324047,director,2000.0,58.42,116840.0
MDLZ,2021-11-05,2021-11-09,0001242243,director,1000.0,62.46,62460.0
MDT,2016-11-23,2016-11-23,0001189009,director,2000.0,73.27,146540.0
MDT,2016-12-13,2016-12-14,0001278408,director,13660.0,73.21,1000048.6
MDT,2017-06-21,2017-06-21,0001200334,director,5600.0,88.9,497840.0
MDT,2018-08-23,2018-08-23,0001200334,director,2600.0,95.88,249288.0
MDT,2019-01-09,2019-01-09,0001527660,officer,3000.0,83.87,251610.0
MDT,2019-01-09,2019-01-09,0001523102,officer_director,12000.0,84.05,1008600.0
MDT,2019-05-24,2019-05-28,0001200334,director,10900.0,92.4,1007160.0
MDT,2019-12-06,2019-12-09,0001200334,director,5000.0,113.29,566450.0
MDT,2020-02-20,2020-02-24,0001523102,officer_director,8771.0,113.68,997087.28
MDT,2020-10-08,2020-10-09,0001200334,director,4607.0,108.52,499951.64
MDT,2021-12-16,2021-12-17,0001200334,director,5010.0,103.26,517332.6
MDT,2025-08-22,2025-08-25,0001189883,director,2500.0,92.73,231825.0
MDT,2025-08-25,2025-08-25,0001189883,director,2500.0,92.37,230925.0
MET,2015-06-12,2015-06-15,0001224105,director,17.55,54.65,959.11
MET,2017-03-01,2017-03-01,0001025094,director,2795.0,54.17,151405.15
MET,2017-03-22,2017-03-23,0001025094,director,17205.0,51.13,879691.65
MET,2018-05-09,2018-05-10,0001209482,director,10000.0,46.18,461800.0
MET,2018-12-17,2018-12-19,0001185943,director,6400.0,39.04,249856.0
MET,2022-05-06,2023-04-19,0001283051,director,132.0,67.44,8902.08
MET,2023-05-19,2023-12-18,0001707516,director,17.0,51.69,878.73
MKC,2017-05-03,2017-05-04,0001640081,director,2500.0,99.62,249050.0
MLM,2015-05-26,2015-05-28,0001084501,director,5650.0,150.35,849477.5
MLM,2015-05-27,2015-05-28,0001084501,director,5000.0,151.4,757000.0
MLM,2015-05-27,2015-05-28,0001084501,director,5500.0,151.5,833250.0
MLM,2015-05-29,2015-06-02,0001084501,director,15000.0,150.16,2252400.0
MLM,2015-06-30,2020-07-10,0001084501,director,15.37,143.14,2200.06
MLM,2015-09-30,2020-07-10,0001084501,director,14.71,149.95,2205.76
MLM,2015-12-31,2020-07-10,0001084501,director,16.15,136.94,2211.58
MLM,2016-03-31,2020-07-10,0001084501,director,13.45,154.78,2081.79
MLM,2016-03-31,2020-07-10,0001084501,director,0.88,154.77,136.2
MLM,2016-06-30,2020-07-10,0001084501,director,11.95,186.08,2223.66
MLM,2016-09-30,2020-07-10,0001084501,director,5.92,182.66,1081.35
MLM,2016-12-30,2020-07-10,0001084501,director,4.78,226.41,1082.24
MLM,2017-03-31,2020-07-10,0001084501,director,5.07,214.04,1085.18
MLM,2017-06-30,2020-07-10,0001084501,director,4.89,222.13,1086.22
MLM,2017-08-18,2017-08-18,0001200010,director,500.0,198.37,99185.0
MLM,2017-09-29,2020-07-10,0001084501,director,5.54,205.96,1141.02
MLM,2017-10-02,2020-02-12,0001714996,officer,0.35,205.98,72.09
MLM,2017-12-29,2020-07-10,0001084501,director,5.24,218.05,1142.58
MLM,2018-01-02,2020-02-12,0001714996,officer,0.32,223.02,71.37
MLM,2018-03-29,2020-07-10,0001084501,director,5.65,202.93,1146.55
MLM,2018-03-29,2020-07-02,0001595816,officer,4.99,203.17,1013.82
MLM,2018-04-02,2020-02-12,0001714996,officer,0.72,203.29,146.37
MLM,2018-06-29,2020-07-10,0001084501,director,5.16,222.48,1148.0
MLM,2018-06-29,2020-07-02,0001595816,officer,4.57,222.5,1016.83
MLM,2018-07-02,2020-02-12,0001714996,officer,0.96,221.16,212.31
MLM,2018-07-27,2018-07-30,0001200010,director,2400.0,208.06,499344.0
MLM,2018-07-30,2018-08-01,0001084501,director,3500.0,202.87,710045.0
MLM,2018-09-28,2020-07-10,0001084501,director,6.75,185.91,1254.89
MLM,2018-09-28,2020-07-02,0001595816,officer,10.49,185.79,1948.94
MLM,2018-10-01,2020-02-12,0001714996,officer,1.25,185.6,232.0
MLM,2018-12-14,2018-12-18,0001200010,director,1000.0,174.07,174070.0
MLM,2018-12-31,2020-07-10,0001084501,director,7.45,168.81,1257.63
MLM,2018-12-31,2020-07-02,0001595816,officer,11.57,168.9,1954.17
MLM,2019-03-29,2020-07-10,0001084501,director,6.3,200.34,1262.14
MLM,2019-03-29,2020-07-02,0001595816,officer,9.78,200.33,1959.23
MLM,2019-06-28,2020-07-10,0001084501,director,5.58,226.65,1264.71
MLM,2019-06-28,2020-07-02,0001595816,officer,9.69,226.67,2196.43
MLM,2019-09-30,2020-07-10,0001084501,director,5.35,271.29,1451.4
MLM,2019-09-30,2020-07-02,0001595816,officer,13.79,271.35,3741.92
MLM,2019-11-25,2019-11-25,0001200010,director,1000.0,260.23,260230.0
MLM,2019-12-31,2020-07-10,0001084501,director,5.25,277.43,1456.51
MLM,2019-12-31,2020-07-02,0001595816,officer,21.98,277.35,6096.15
MLM,2020-03-31,2020-07-10,0001084501,director,8.23,177.24,1458.69
MLM,2020-05-06,2020-05-06,0001200010,director,1000.0,183.54,183540.0
MLM,2020-05-13,2020-05-15,0001200010,director,1000.0,164.08,164080.0
MLM,2025-03-04,2025-03-05,0001878191,officer,550.0,454.37,249903.5
MMM,2016-02-19,2016-02-19,0001250570,director,1000.0,156.63,156630.0
MMM,2018-10-26,2018-10-29,0001250570,director,500.0,184.0,92000.0
MMM,2018-10-26,2018-10-29,0001250570,director,500.0,185.0,92500.0
MMM,2019-05-07,2019-05-09,0001250570,director,1000.0,179.6,179600.0
MMM,2019-05-09,2019-05-10,0001250570,director,1000.0,176.26,176260.0
MMM,2019-05-17,2019-05-20,0001186725,director,1200.0,169.5,203400.0
MO,2012-10-05,2015-02-13,0001185659,director,200.0,33.95,6790.0
MO,2015-11-13,2015-11-17,0001449353,director,4532.0,56.44,255786.08
MO,2016-05-20,2016-05-24,0001449353,director,4000.0,63.2,252800.0
MO,2018-04-30,2018-05-02,0001524597,director,5345.0,56.19,300335.55
MO,2019-02-21,2019-02-25,0001449353,director,1032.0,50.42,52033.44
MO,2019-02-25,2019-02-26,0001449353,director,1352.0,52.11,70452.72
MO,2021-05-26,2021-05-27,0001575385,director,2000.0,49.59,99180.0
MO,2023-11-06,2023-11-08,0001890269,director,1200.0,40.5,48600.0
MO,2023-11-06,2023-11-08,0001927293,director,1100.0,40.57,44627.0
MOS,2016-02-16,2016-02-17,0001421920,director,3000.0,23.57,70710.0
MOS,2016-02-16,2016-02-17,0001588386,director,10000.0,23.35,233500.0
MOS,2016-02-16,2016-02-16,0001608229,director,775.0,23.05,17863.75
MOS,2016-02-17,2016-02-19,0001236005,director,2000.0,24.97,49940.0
MOS,2016-02-18,2016-02-19,0001105475,director,4000.0,25.21,100840.0
MOS,2016-02-18,2016-02-18,0001617016,officer,1000.0,25.35,25350.0
MOS,2016-02-19,2016-02-19,0001236005,director,1000.0,24.57,24570.0
MOS,2016-02-22,2016-02-24,0001453221,officer_director,3000.0,24.98,74940.0
MOS,2016-03-14,2016-03-16,0001186942,director,9000.0,29.56,266040.0
MOS,2017-02-10,2017-02-13,0001502684,director,3000.0,32.35,97050.0
MOS,2017-05-04,2017-05-04,0001301451,officer,7500.0,23.35,175125.0
MOS,2017-05-05,2017-05-08,0001186942,director,21000.0,23.49,493290.0
MOS,2017-05-05,2017-05-05,0001608229,director,803.0,23.58,18934.74
MOS,2017-08-18,2017-08-21,0001236005,director,5000.0,19.98,99900.0
MOS,2017-08-21,2017-08-21,0001236005,director,2000.0,19.83,39660.0
MOS,2018-02-27,2018-03-01,0001190588,director,1200.0,27.63,33156.0
MOS,2018-05-02,2018-05-14,0001236005,director,4655.0,27.14,126336.7
MOS,2018-08-16,2018-08-20,0001727455,director,2000.0,29.68,59360.0
MOS,2019-05-08,2019-05-09,0001453221,officer_director,10000.0,24.03,240300.0
MOS,2019-05-10,2019-05-10,0001428577,officer,4250.0,23.6,100300.0
MOS,2019-05-10,2019-05-10,0001617016,officer,1000.0,23.55,23550.0
MOS,2019-05-10,2019-05-10,0001502684,director,2089.0,23.95,50031.55
MOS,2019-08-21,2019-08-22,0001202864,director,12998.0,19.21,249691.58
MOS,2019-09-10,2019-09-16,0001105475,director,2360.0,21.15,49914.0
MOS,2020-03-09,2020-03-10,0001675107,officer,5500.0,13.6,74800.0
MOS,2020-03-09,2020-03-09,0001617016,officer,1000.0,12.81,12810.0
MOS,2020-03-09,2020-03-09,0001453221,officer_director,15000.0,13.43,201450.0
MOS,2020-03-13,2020-03-17,0001727455,director,10000.0,9.43,94300.0
MOS,2020-03-16,2020-03-17,0001189308,director,5000.0,9.96,49800.0
MOS,2020-03-17,2020-03-17,0001617016,officer,1000.0,9.67,9670.0
MOS,2022-05-06,2022-05-09,0001186942,director,15600.0,63.49,990444.0
MOS,2025-11-11,2025-11-13,0002005453,director,685.0,25.53,17488.05
MPC,2015-03-13,2015-03-16,0001362276,director,3500.0,96.73,338555.0
MPC,2015-08-20,2015-08-21,0001194846,director,2400.0,53.4,128160.0
MPC,2015-08-20,2015-08-21,0001526727,officer,1000.0,54.11,54110.0
MPC,2015-09-03,2015-09-08,0001611654,officer,400.0,47.15,18860.0
MPC,2016-05-02,2016-05-03,0001242243,director,2000.0,38.56,77120.0
MPC,2016-05-26,2016-05-31,0001362276,director,1500.0,34.7,52050.0
MPC,2017-02-09,2017-02-13,0001242243,director,2000.0,49.94,99880.0
MPC,2018-03-06,2018-03-08,0001242243,director,1500.0,67.38,101070.0
MPC,2018-10-09,2018-12-20,0001490987,officer_director,4.0,83.42,333.68
MPC,2018-10-12,2018-12-20,0001490987,officer_director,136.0,79.39,10797.04
MPC,2018-11-19,2018-11-21,0001362276,director,50.0,65.03,3251.5
MPC,2018-11-19,2018-11-21,0001362276,director,330.0,65.15,21499.5
MPC,2018-11-19,2018-11-21,0001362276,director,120.0,65.12,7814.4
MPC,2018-11-20,2018-11-21,0001362276,director,2000.0,61.47,122940.0
MPC,2018-12-14,2018-12-18,0001362276,director,3500.0,62.14,217490.0
MPC,2019-05-15,2019-05-17,0001521739,officer,5000.0,50.74,253700.0
MPC,2019-06-11,2019-06-13,0001194846,director,12500.0,48.14,601750.0
MPC,2021-11-24,2021-11-24,0001242243,director,1000.0,64.3,64300.0
MPC,2024-12-04,2024-12-06,0001196907,director,6000.0,149.61,897660.0
MPC,2025-03-05,2025-03-07,0001520135,director,1000.0,133.7,133700.0
MPC,2025-03-11,2025-03-13,0002012878,officer,2000.0,134.72,269440.0
MRK,2022-12-02,2023-06-30,0001938322,officer,59.0,109.67,6470.53
MRK,2022-12-05,2023-06-30,0001938322,officer,107.0,109.54,11720.78
MRK,2022-12-06,2023-06-30,0001938322,officer,30.0,109.39,3281.7
MRK,2022-12-13,2023-06-30,0001938322,officer,56.0,110.96,6213.76
MRK,2022-12-19,2023-06-30,0001938322,officer,7.0,109.04,763.28
MRK,2023-02-21,2023-06-30,0001938322,officer,11.0,109.2,1201.2
MRK,2023-03-20,2023-06-30,0001938322,officer,136.0,105.47,14343.92
MRK,2023-04-26,2023-06-30,0001938322,officer,3.0,113.68,341.04
MRK,2025-02-05,2025-02-07,0001198753,director,15000.0,88.5,1327500.0
MRK,2025-02-06,2025-02-07,0001263739,director,2832.86,88.25,249999.9
MS,2019-04-18,2019-04-22,0001680385,officer,7000.0,47.57,332990.0
MS,2020-02-21,2020-02-24,0001248260,director,50000.0,53.0,2650000.0
MS,2020-02-28,2020-03-02,0001248260,director,50000.0,44.97,2248500.0
MS,2020-04-17,2020-04-20,0001248260,director,19000.0,38.68,734920.0
MS,2020-11-12,2020-11-16,0001357222,director,25000.0,55.4,1385000.0
MS,2022-05-12,2022-05-13,0001248260,director,25000.0,79.3,1982500.0
MSFT,2015-01-28,2015-01-29,0001195358,director,23612.0,42.34,999732.08
MSFT,2015-02-02,2015-02-04,0001464912,director,75000.0,40.93,3069750.0
MSFT,2015-02-02,2015-02-04,0001418812,director,75000.0,40.93,3069750.0
MSFT,2015-02-02,2015-02-04,0001351073,director,75000.0,40.93,3069750.0
MSFT,2015-02-02,2015-02-04,0001418814,director,75000.0,40.93,3069750.0
MSFT,2015-02-02,2015-02-04,0001325920,director,75000.0,40.93,3069750.0
MSFT,2015-02-02,2015-02-04,0001418813,director,75000.0,40.93,3069750.0
MSFT,2015-02-02,2015-02-04,0001351069,director,75000.0,40.93,3069750.0
MSFT,2015-02-02,2015-02-04,0001579734,director,75000.0,40.93,3069750.0
MSFT,2015-02-02,2015-02-04,0001464912,director,200000.0,40.88,8176000.0
MSFT,2015-02-02,2015-02-04,0001418812,director,200000.0,40.88,8176000.0
MSFT,2015-02-02,2015-02-04,0001351073,director,200000.0,40.88,8176000.0
MSFT,2015-02-02,2015-02-04,0001418814,director,200000.0,40.88,8176000.0
MSFT,2015-02-02,2015-02-04,0001325920,director,200000.0,40.88,8176000.0
MSFT,2015-02-02,2015-02-04,0001418813,director,200000.0,40.88,8176000.0
MSFT,2015-02-02,2015-02-04,0001351069,director,200000.0,40.88,8176000.0
MSFT,2015-02-02,2015-02-04,0001579734,director,200000.0,40.88,8176000.0
MSFT,2015-02-02,2015-02-04,0001464912,director,100000.0,40.79,4079000.0
MSFT,2015-02-02,2015-02-04,0001418812,director,100000.0,40.79,4079000.0
MSFT,2015-02-02,2015-02-04,0001351073,director,100000.0,40.79,4079000.0
MSFT,2015-02-02,2015-02-04,0001418814,director,100000.0,40.79,4079000.0
MSFT,2015-02-02,2015-02-04,0001325920,director,100000.0,40.79,4079000.0
MSFT,2015-02-02,2015-02-04,0001418813,director,100000.0,40.79,4079000.0
MSFT,2015-02-02,2015-02-04,0001351069,director,100000.0,40.79,4079000.0
MSFT,2015-02-02,2015-02-04,0001579734,director,100000.0,40.79,4079000.0
MSFT,2015-02-02,2015-02-04,0001464912,director,151000.0,40.79,6159290.0
MSFT,2015-02-02,2015-02-04,0001418812,director,151000.0,40.79,6159290.0
MSFT,2015-02-02,2015-02-04,0001351073,director,151000.0,40.79,6159290.0
MSFT,2015-02-02,2015-02-04,0001418814,director,151000.0,40.79,6159290.0
MSFT,2015-02-02,2015-02-04,0001325920,director,151000.0,40.79,6159290.0
MSFT,2015-02-02,2015-02-04,0001418813,director,151000.0,40.79,6159290.0
MSFT,2015-02-02,2015-02-04,0001351069,director,151000.0,40.79,6159290.0
MSFT,2015-02-02,2015-02-04,0001579734,director,151000.0,40.79,6159290.0
MSFT,2015-02-04,2015-02-04,0001464912,director,200000.0,41.49,8298000.0
MSFT,2015-02-04,2015-02-04,0001418812,director,200000.0,41.49,8298000.0
MSFT,2015-02-04,2015-02-04,0001351073,director,200000.0,41.49,8298000.0
MSFT,2015-02-04,2015-02-04,0001418814,director,200000.0,41.49,8298000.0
MSFT,2015-02-04,2015-02-04,0001325920,director,200000.0,41.49,8298000.0
MSFT,2015-02-04,2015-02-04,0001418813,director,200000.0,41.49,8298000.0
MSFT,2015-02-04,2015-02-04,0001351069,director,200000.0,41.49,8298000.0
MSFT,2015-02-04,2015-02-04,0001579734,director,200000.0,41.49,8298000.0
MSFT,2015-02-04,2015-02-04,0001464912,director,200000.0,41.47,8294000.0
MSFT,2015-02-04,2015-02-04,0001418812,director,200000.0,41.47,8294000.0
MSFT,2015-02-04,2015-02-04,0001351073,director,200000.0,41.47,8294000.0
MSFT,2015-02-04,2015-02-04,0001418814,director,200000.0,41.47,8294000.0
MSFT,2015-02-04,2015-02-04,0001325920,director,200000.0,41.47,8294000.0
MSFT,2015-02-04,2015-02-04,0001418813,director,200000.0,41.47,8294000.0
MSFT,2015-02-04,2015-02-04,0001351069,director,200000.0,41.47,8294000.0
MSFT,2015-02-04,2015-02-04,0001579734,director,200000.0,41.47,8294000.0
MSFT,2015-02-04,2015-02-04,0001464912,director,106258.0,41.42,4401206.36
MSFT,2015-02-04,2015-02-04,0001418812,director,106258.0,41.42,4401206.36
MSFT,2015-02-04,2015-02-04,0001351073,director,106258.0,41.42,4401206.36
MSFT,2015-02-04,2015-02-04,0001418814,director,106258.0,41.42,4401206.36
MSFT,2015-02-04,2015-02-04,0001325920,director,106258.0,41.42,4401206.36
MSFT,2015-02-04,2015-02-04,0001418813,director,106258.0,41.42,4401206.36
MSFT,2015-02-04,2015-02-04,0001351069,director,106258.0,41.42,4401206.36
MSFT,2015-02-04,2015-02-04,0001579734,director,106258.0,41.42,4401206.36
MSFT,2018-06-05,2018-06-06,0001192752,director,5400.0,101.96,550584.0
MSFT,2021-03-10,2021-03-11,0001795429,director,4300.0,236.8,1018240.0
MSFT,2022-01-28,2022-02-01,0001795429,director,1700.0,295.48,502316.0
MSFT,2022-01-31,2022-02-01,0001795429,director,1600.0,311.53,498448.0
MSFT,2025-04-23,2025-12-12,0001193119,officer,3842.0,377.47,1450239.74
MSFT,2026-02-18,2026-02-18,0000904858,director,5000.0,397.35,1986750.0
MSM,2015-07-27,2015-07-28,0001648161,officer,1000.0,68.4,68400.0
MSM,2016-02-01,2016-02-03,0001242901,director,1000.0,64.74,64740.0
MSM,2016-02-02,2016-02-03,0001242901,director,1000.0,65.18,65180.0
MSM,2016-02-09,2016-02-10,0001242901,director,2000.0,66.53,133060.0
MSM,2017-07-19,2017-07-20,0001244886,director,1000.0,72.0,72000.0
MSM,2019-11-22,2021-05-20,0001190840,director,152.21,73.67,11213.31
MSM,2020-02-03,2021-05-20,0001190840,director,1269.08,68.43,86843.14
MSM,2020-04-24,2021-05-20,0001190840,director,211.56,58.04,12278.94
MSM,2020-07-24,2021-05-20,0001190840,director,182.53,68.14,12437.59
MSM,2020-11-20,2021-05-20,0001190840,director,148.83,84.49,12574.65
MSM,2020-12-11,2021-05-20,0001190840,director,702.63,84.26,59203.6
MSM,2021-01-22,2021-05-20,0001190840,director,162.95,81.09,13213.62
MSM,2021-01-29,2021-02-02,0001008015,director,67796.0,78.04,5290799.84
MSM,2021-04-23,2021-05-20,0001190840,director,150.11,88.84,13335.77
MSM,2022-05-12,2022-05-16,0001008015,director,4654.0,79.19,368550.26
MSM,2022-07-13,2022-07-14,0001008015,director,200000.0,72.25,14450000.0
MSM,2025-04-07,2025-04-09,0001008015,director,67416.0,70.12,4727209.92
MSM,2025-04-07,2025-04-09,0001008015,director,22540.0,68.85,1551879.0
MSM,2025-04-07,2025-04-09,0001008015,director,41595.0,69.57,2893764.15
MSM,2025-04-08,2025-04-09,0001008015,director,27642.0,69.77,1928582.34
MSM,2025-10-30,2025-11-03,0001008015,director,95779.0,84.92,8133552.68
MSM,2025-10-31,2025-11-03,0001008015,director,34073.0,84.76,2888027.48
MSM,2025-11-03,2025-11-03,0001008015,director,30000.0,84.79,2543700.0
MSM,2025-11-03,2025-11-03,0001008015,director,21954.0,83.93,1842599.22
MSM,2025-11-13,2025-11-17,0001244886,director,6666.0,90.14,600873.24
MSM,2025-11-18,2025-11-20,0001008015,director,22870.0,84.96,1943035.2
MU,2015-07-09,2015-07-10,0001227050,officer,5000.0,17.5,87500.0
MU,2015-12-24,2015-12-28,0001227050,officer,10000.0,14.32,143200.0
MU,2016-01-21,2016-01-25,0001227050,officer,10000.0,10.69,106900.0
MU,2017-08-11,2017-08-15,0001227050,officer,3400.0,27.89,94826.0
MU,2026-01-13,2026-01-15,0002058769,director,11600.0,337.07,3910012.0
MU,2026-01-14,2026-01-15,0002058769,director,7820.0,337.5,2639250.0
MU,2026-01-14,2026-01-15,0002058769,director,3780.0,336.63,1272461.4
NDAQ,2015-04-24,2015-04-28,0001635673,director,2000.0,48.46,96920.0
NDAQ,2023-06-13,2023-06-15,0001197618,director,4000.0,51.46,205840.0
NDAQ,2023-07-31,2023-08-02,0001240169,officer_director,10000.0,51.0,510000.0
NDAQ,2023-08-03,2023-08-07,0001207371,director,500.0,49.4,24700.0
NDAQ,2023-10-23,2023-10-25,0001940145,director,14000.0,50.42,705880.0
NDAQ,2024-11-13,2024-11-14,0001196985,director,2542.0,80.24,203970.08
NDAQ,2026-02-17,2026-02-19,0001940145,director,12000.0,79.86,958320.0
NEE,2015-02-24,2015-02-25,0001208529,director,940.0,106.36,99978.4
NEE,2015-09-01,2015-09-02,0001334789,director,2000.0,95.3,190600.0
NEE,2015-09-02,2015-09-03,0001334789,director,1000.0,94.55,94550.0
NEE,2015-09-04,2015-09-08,0001334789,director,1000.0,94.05,94050.0
NEE,2015-12-03,2015-12-04,0001349872,director,1000.0,96.57,96570.0
NEE,2016-11-02,2016-11-02,0001208529,director,1000.0,122.9,122900.0
NEE,2016-12-05,2016-12-06,0001185165,director,800.0,114.96,91968.0
NEE,2017-02-24,2017-02-27,0001194790,director,3860.0,128.86,497399.6
NEE,2020-02-19,2020-02-19,0001240752,director,3000.0,275.5,826500.0
NEE,2020-03-11,2020-03-11,0001212969,director,1000.0,243.6,243600.0
NEE,2020-03-12,2020-03-12,0001212969,director,1000.0,212.4,212400.0
NEE,2020-03-13,2020-03-13,0001240752,director,4000.0,220.0,880000.0
NEE,2022-01-27,2022-01-27,0001349872,director,2000.0,73.62,147240.0
NEE,2022-01-28,2022-01-31,0001769281,officer,7000.0,71.83,502810.0
NEE,2022-01-28,2022-01-31,0001182700,director,2000.0,71.58,143160.0
NEE,2022-01-28,2022-01-31,0001208529,director,700.0,71.64,50148.0
NEE,2022-01-31,2022-02-01,0001183254,officer_director,64691.0,77.26,4998026.66
NEE,2022-04-22,2023-02-21,0001867736,officer,50.0,73.91,3695.5
NEE,2022-05-03,2022-05-04,0001210484,director,5000.0,70.22,351100.0
NEE,2022-05-03,2022-05-04,0001210484,director,5000.0,70.17,350850.0
NEE,2022-07-01,2022-07-05,0001667990,officer_director,12909.0,78.33,1011161.97
NEE,2023-02-06,2023-02-06,0001208529,director,1000.0,74.86,74860.0
NEE,2023-02-06,2023-02-06,0001201280,director,4000.0,74.89,299560.0
NEE,2023-02-06,2023-02-06,0001684719,officer,2672.0,74.87,200052.64
NEE,2023-02-09,2023-02-10,0001212969,director,2000.0,73.5,147000.0
NEE,2023-02-09,2023-02-10,0001240752,director,7000.0,73.27,512890.0
NEE,2023-03-01,2023-03-02,0001210484,director,5000.0,70.0,350000.0
NEE,2023-03-01,2023-03-02,0001210484,director,5000.0,70.0,350000.0
NEE,2023-06-14,2023-06-15,0001667990,officer_director,542.0,73.39,39777.38
NEE,2023-06-14,2023-06-15,0001667990,officer_director,13058.0,74.3,970209.4
NEE,2023-08-15,2023-08-15,0001212969,director,2000.0,68.15,136300.0
NEE,2023-08-15,2023-08-15,0001212969,director,2000.0,67.55,135100.0
NEE,2023-08-17,2023-08-17,0001210484,director,5000.0,67.96,339800.0
NEE,2023-08-17,2023-08-17,0001210484,director,5000.0,67.94,339700.0
NEE,2023-12-08,2023-12-11,0001950032,director,8500.0,59.59,506515.0
NEE,2024-02-07,2024-02-07,0001210484,director,10000.0,55.84,558400.0
NEE,2024-02-07,2024-02-07,0001210484,director,10000.0,55.83,558300.0
NEM,2024-11-27,2024-12-02,0001665428,director,9498.0,42.15,400340.7
NFLX,2016-07-21,2016-07-25,0001082906,director,142319.0,85.76,12205277.44
NFLX,2016-07-21,2016-07-25,0001082906,director,38379.0,85.76,3291383.04
NFLX,2016-07-21,2016-07-25,0001082906,director,8839.0,85.76,758032.64
NFLX,2016-07-21,2016-07-25,0001082906,director,10463.0,85.76,897306.88
NFLX,2016-07-22,2016-07-25,0001082906,director,10463.0,85.93,899085.59
NFLX,2016-07-22,2016-07-25,0001082906,director,8839.0,85.93,759535.27
NFLX,2016-07-22,2016-07-25,0001082906,director,38379.0,85.93,3297907.47
NFLX,2016-07-22,2016-07-25,0001082906,director,142319.0,85.93,12229471.67
NFLX,2016-07-25,2016-07-25,0001082906,director,10463.0,87.6,916558.8
NFLX,2016-07-25,2016-07-25,0001082906,director,8839.0,87.6,774296.4
NFLX,2016-07-25,2016-07-25,0001082906,director,38379.0,87.6,3362000.4
NFLX,2016-07-25,2016-07-25,0001082906,director,142319.0,87.6,12467144.4
NFLX,2016-08-08,2016-08-10,0001082906,director,5232.0,94.26,493168.32
NFLX,2016-08-08,2016-08-10,0001082906,director,4420.0,94.26,416629.2
NFLX,2016-08-08,2016-08-10,0001082906,director,71159.0,94.26,6707447.34
NFLX,2016-08-08,2016-08-10,0001082906,director,19189.0,94.26,1808755.14
NFLX,2016-08-09,2016-08-10,0001082906,director,142318.0,94.33,13424856.94
NFLX,2016-08-09,2016-08-10,0001082906,director,38378.0,94.33,3620196.74
NFLX,2016-08-09,2016-08-10,0001082906,director,8840.0,94.33,833877.2
NFLX,2016-08-09,2016-08-10,0001082906,director,10464.0,94.33,987069.12
NFLX,2019-08-08,2019-08-09,0001193119,director,799.0,307.21,245460.79
NFLX,2019-08-08,2019-08-09,0001193119,director,300.0,310.97,93291.0
NFLX,2019-08-08,2019-08-09,0001193119,director,3593.0,308.18,1107290.74
NFLX,2019-08-08,2019-08-09,0001193119,director,400.0,310.23,124092.0
NFLX,2019-08-08,2019-08-09,0001193119,director,1407.0,309.02,434791.14
NFLX,2022-01-27,2022-01-28,0001033331,officer_director,7074.0,387.81,2743367.94
NFLX,2022-01-27,2022-01-28,0001033331,officer_director,11926.0,388.85,4637425.1
NFLX,2022-01-27,2022-01-28,0001033331,officer_director,7634.0,389.75,2975351.5
NFLX,2022-01-27,2022-01-28,0001033331,officer_director,8207.0,390.88,3207952.16
NFLX,2022-01-27,2022-01-28,0001033331,officer_director,4424.0,392.85,1737968.4
NFLX,2022-01-27,2022-01-28,0001033331,officer_director,535.0,393.47,210506.45
NFLX,2022-01-27,2022-01-28,0001033331,officer_director,7100.0,391.84,2782064.0
NFLX,2022-01-28,2022-01-28,0001033331,officer_director,40.0,379.96,15198.4
NFLX,2022-01-28,2022-01-28,0001033331,officer_director,2000.0,375.29,750580.0
NFLX,2022-01-28,2022-01-28,0001033331,officer_director,2500.0,376.45,941125.0
NKE,2016-04-21,2016-04-25,0001209281,director,1000.0,60.18,60180.0
NKE,2016-07-01,2016-07-01,0001209281,director,1000.0,55.09,55090.0
NKE,2016-09-30,2016-10-03,0001209281,director,100.0,52.72,5272.0
NKE,2016-09-30,2016-10-03,0001209281,director,900.0,52.72,47448.0
NKE,2017-03-24,2017-03-27,0001209281,director,1000.0,56.3,56300.0
NKE,2020-03-26,2020-03-27,0000938885,director,2500.0,84.22,210550.0
NKE,2020-04-03,2020-04-06,0000938885,director,1000.0,78.61,78610.0
NKE,2022-06-30,2022-07-01,0000938885,director,10000.0,102.96,1029600.0
NKE,2023-02-07,2023-02-08,0001513315,director,557.0,125.45,69875.65
NKE,2023-10-02,2023-10-03,0001218363,director,13072.0,96.13,1256611.36
NKE,2024-06-28,2024-07-01,0001218363,director,2941.0,77.02,226515.82
NKE,2024-12-27,2024-12-30,0000938885,director,2500.0,76.65,191625.0
NKE,2025-04-04,2025-04-07,0001218363,director,8600.0,58.46,502756.0
NKE,2025-11-07,2025-11-10,0001701829,director,16150.0,62.09,1002753.5
NKE,2025-12-22,2025-12-23,0001214156,director,50000.0,58.97,2948500.0
NKE,2025-12-22,2025-12-23,0001218363,director,8691.0,57.54,500080.14
NKE,2025-12-29,2025-12-30,0001371578,officer_director,16388.0,61.1,1001306.8
NOC,2017-10-16,2019-03-08,0001559112,officer_director,67.0,295.07,19769.69
NOC,2017-11-29,2017-12-13,0001198098,director,16.0,306.92,4910.72
NSC,2015-08-13,2015-08-14,0001216503,director,3000.0,81.38,244140.0
NSC,2019-07-29,2019-07-30,0001426641,director,525.0,191.52,100548.0
NSC,2020-04-02,2021-02-12,0001643244,officer,21.0,141.73,2976.33
NSC,2020-04-03,2021-02-12,0001643244,officer,26.0,142.34,3700.84
NSC,2020-04-06,2021-02-12,0001643244,officer,4.0,153.57,614.28
NSC,2020-06-02,2021-02-12,0001643244,officer,7.0,183.4,1283.8
NSC,2020-06-03,2021-02-12,0001643244,officer,6.0,191.46,1148.76
NSC,2020-06-04,2021-02-12,0001643244,officer,6.0,191.89,1151.34
NSC,2021-01-05,2021-02-12,0001643244,officer,10.0,235.66,2356.6
NSC,2021-01-06,2021-02-12,0001643244,officer,8.0,241.15,1929.2
NSC,2021-01-07,2021-02-12,0001643244,officer,8.0,247.66,1981.28
NSC,2021-01-08,2021-02-12,0001643244,officer,17.0,255.16,4337.72
NSC,2021-06-01,2021-06-02,0001368278,director,2350.0,282.69,664321.5
NSC,2024-05-29,2024-05-31,0001368278,director,5650.0,221.0,1248650.0
NSC,2024-05-29,2024-05-31,0001200334,director,1000.0,221.0,221000.0
NSC,2024-05-29,2024-05-31,0001209751,director,680.0,219.77,149443.6
NSC,2024-05-30,2024-06-05,0001413097,director,1198.0,219.64,263128.72
NSC,2024-05-30,2024-06-05,0001413097,director,1084.0,220.32,238826.88
NSC,2024-05-30,2024-05-31,0001747299,director,3398.0,219.92,747288.16
NSC,2024-05-31,2024-06-04,0002024599,director,500.0,222.2,111100.0
NSC,2024-06-03,2024-06-04,0002024599,director,1500.0,222.17,333255.0
NSC,2024-06-14,2024-06-17,0002024599,director,2000.0,219.25,438500.0
NSC,2024-07-29,2024-07-31,0001200334,director,2000.0,247.48,494960.0
NSC,2024-08-01,2024-08-05,0002024599,director,700.0,245.15,171605.0
NSC,2024-08-02,2024-08-05,0002024599,director,300.0,241.65,72495.0
NSC,2024-10-24,2024-10-25,0002024599,director,1000.0,255.0,255000.0
NSC,2024-10-24,2024-10-25,0001200334,director,1000.0,257.85,257850.0
NSC,2024-12-11,2024-12-12,0001793198,officer_director,200.0,249.84,49968.0
NSC,2024-12-12,2024-12-13,0002024599,director,350.0,249.37,87279.5
NSC,2024-12-13,2024-12-16,0001200334,director,200.0,248.69,49738.0
NSC,2024-12-13,2024-12-16,0001200334,director,200.0,248.61,49722.0
NSC,2024-12-13,2024-12-16,0002024313,director,201.0,248.41,49930.41
NSC,2025-01-31,2025-02-03,0001209751,director,607.0,259.86,157735.02
NSC,2025-10-27,2025-10-28,0001200334,director,2600.0,281.86,732836.0
NSC,2025-11-05,2025-11-06,0002024599,director,1650.0,282.97,466900.5
NSC,2025-12-05,2025-12-08,0002024313,director,204.0,294.79,60137.16
NTAP,2020-12-17,2020-12-21,0001269088,officer,15000.0,63.89,958350.0
NTAP,2021-03-05,2021-03-09,0001333193,officer,8100.0,61.79,500499.0
NTAP,2022-06-03,2022-06-06,0001269088,officer,5000.0,72.04,360200.0
NTAP,2025-03-27,2025-03-31,0001129136,director,2800.0,91.0,254800.0
NTAP,2025-03-28,2025-03-31,0001129136,director,1324.0,89.43,118405.32
NTAP,2025-03-28,2025-03-31,0001129136,director,1400.0,90.28,126392.0
NUE,2015-04-28,2015-04-29,0001225946,director,4050.0,49.49,200434.5
NUE,2016-02-16,2016-02-17,0001248040,director,1000.0,39.93,39930.0
NUE,2016-02-16,2016-02-17,0001248040,director,1000.0,39.8,39800.0
NUE,2016-02-16,2016-02-17,0001248040,director,500.0,40.25,20125.0
NUE,2016-02-16,2016-02-17,0001248040,director,500.0,40.15,20075.0
NUE,2016-02-16,2016-02-17,0001248040,director,1000.0,40.33,40330.0
NUE,2016-02-16,2016-02-17,0001248040,director,1000.0,40.42,40420.0
NUE,2023-12-19,2023-12-21,0001515709,director,1000.0,176.61,176610.0
NVDA,2013-03-22,2018-05-17,0001347842,officer,150.22,12.43,1867.23
NVDA,2013-06-17,2018-05-17,0001347842,officer,128.86,14.58,1878.78
NVDA,2013-09-16,2018-05-17,0001347842,officer,119.29,15.83,1888.36
NVDA,2013-12-16,2018-05-17,0001347842,officer,141.84,15.16,2150.29
NVDA,2014-03-21,2018-05-17,0001347842,officer,114.82,18.83,2162.06
NVDA,2014-06-16,2018-05-17,0001347842,officer,111.27,19.52,2171.99
NVDA,2014-09-15,2018-05-17,0001347842,officer,115.44,18.89,2180.66
NVDA,2014-12-16,2018-05-17,0001347842,officer,112.02,19.56,2191.11
NVDA,2015-03-20,2018-05-17,0001347842,officer,94.32,23.33,2200.49
NVDA,2015-06-15,2018-05-17,0001347842,officer,121.33,20.88,2533.37
NVDA,2015-09-14,2018-05-17,0001347842,officer,112.6,22.6,2544.76
NVDA,2015-12-15,2018-05-17,0001347842,officer,90.99,33.14,3015.41
NVDA,2019-04-17,2020-07-13,0001768670,director,4.0,186.93,747.72
NVDA,2020-04-16,2020-07-13,0001768670,director,6.0,294.71,1768.26
NVDA,2020-04-21,2020-07-13,0001768670,director,25.0,269.52,6738.0
NVDA,2020-05-04,2020-07-13,0001768670,director,9.0,291.29,2621.61
NVDA,2020-05-15,2020-07-13,0001768670,director,8.0,339.64,2717.12
NVDA,2020-06-05,2020-07-13,0001768670,director,7.0,356.81,2497.67
NVDA,2020-09-21,2020-09-23,0001768670,director,435.0,498.23,216730.05
NVDA,2020-09-22,2020-09-23,0001768670,director,15.0,494.15,7412.25
NVDA,2020-09-25,2020-09-29,0001768670,director,498.0,500.95,249473.1
NVDA,2020-12-03,2020-12-07,0001588670,officer,100.0,537.28,53728.0
NVDA,2020-12-03,2020-12-07,0001588670,officer,100.0,536.61,53661.0
NWL,2015-03-11,2015-03-12,0001362601,director,100.0,37.96,3796.0
NWL,2015-05-15,2015-05-15,0001174487,director,2500.0,40.01,100025.0
NWL,2015-05-15,2015-05-15,0001174487,director,2500.0,40.1,100250.0
NWL,2016-02-16,2016-02-16,0001188711,director,5670.0,35.28,200037.6
NWL,2016-03-11,2016-03-14,0001565805,officer,1200.0,40.75,48900.0
NWL,2016-03-11,2016-03-14,0001565805,officer,5946.0,40.78,242477.88
NWL,2016-03-11,2016-03-14,0001565805,officer,430.0,40.77,17531.1
NWL,2016-03-11,2016-03-14,0001565805,officer,4804.0,40.76,195811.04
NWL,2016-05-02,2016-05-13,0001174487,director,5500.0,46.33,254815.0
NWL,2016-05-02,2016-05-04,0001174487,director,5450.0,46.3,252335.0
NWL,2016-06-02,2016-06-03,0001188711,director,4180.0,47.79,199762.2
NWL,2016-10-31,2016-11-01,0001565805,officer,12436.0,48.15,598793.4
NWL,2016-10-31,2016-11-01,0001192505,officer,7500.0,49.68,372600.0
NWL,2016-11-01,2016-11-01,0001192505,officer,4000.0,47.82,191280.0
NWL,2017-02-07,2017-02-08,0001565805,officer,13000.0,45.22,587860.0
NWL,2017-02-08,2017-02-09,0001174487,director,1630.0,45.96,74914.8
NWL,2017-02-14,2017-06-08,0001661100,officer,13170.0,47.17,621228.9
NWL,2017-03-21,2017-09-25,0001661100,officer,42.0,49.01,2058.42
NWL,2017-06-22,2017-06-26,0001661100,officer,46.0,52.58,2418.68
NWL,2017-09-11,2017-09-13,0001111142,director,2000.0,43.6,87200.0
NWL,2017-09-13,2017-09-13,0001192505,officer_director,5000.0,43.61,218050.0
NWL,2017-09-22,2017-09-25,0001661100,officer,58.0,41.5,2407.0
NWL,2017-11-20,2017-11-20,0001192505,officer_director,7000.0,28.22,197540.0
NWL,2018-05-18,2018-05-18,0001295990,director,1000.0,26.67,26670.0
NWL,2018-05-21,2018-05-22,0001224298,director,4000.0,26.53,106120.0
NWL,2018-08-08,2018-08-08,0001196472,director,25000.0,20.93,523250.0
NWL,2018-08-08,2018-08-08,0001608717,director,50000.0,20.5,1025000.0
NWL,2018-08-08,2018-08-08,0001295990,director,11500.0,21.33,245295.0
NWL,2018-08-09,2018-08-13,0001387184,director,47450.0,21.0,996450.0
NWL,2018-08-09,2018-08-13,0001387184,director,62550.0,21.0,1313550.0
NWL,2018-08-13,2018-08-14,0001192505,officer_director,10000.0,20.63,206300.0
NWL,2018-11-12,2018-11-14,0001387184,director,50000.0,20.05,1002500.0
NWL,2018-11-12,2018-11-14,0001387184,director,50000.0,20.0,1000000.0
NWL,2019-08-15,2019-08-19,0001224298,director,5000.0,15.76,78800.0
NWL,2019-11-07,2019-11-12,0001295990,director,12500.0,20.0,250000.0
NWL,2020-03-03,2020-03-05,0001387184,director,215240.0,16.39,3527783.6
NWL,2020-03-04,2020-03-06,0001770232,officer,2500.0,15.07,37675.0
NWL,2020-03-04,2020-03-05,0001387184,director,105662.0,15.1,1595496.2
NWL,2020-03-05,2020-03-09,0001387184,director,100000.0,14.47,1447000.0
NWL,2020-03-05,2020-03-09,0001307991,officer_director,35000.0,14.52,508200.0
NWL,2020-03-06,2020-03-09,0001558968,officer,10000.0,14.09,140900.0
NWL,2020-03-09,2020-03-11,0001387184,director,238676.0,13.22,3155296.72
NWL,2020-03-12,2020-03-16,0001768695,officer,4000.0,12.8,51200.0
NWL,2020-03-12,2020-03-16,0001387184,director,111601.0,11.9,1328051.9
NWL,2020-03-13,2020-03-16,0001387184,director,9703.0,11.62,112748.86
NWL,2021-08-02,2021-08-04,0001812089,officer,500.0,24.94,12470.0
NWL,2021-08-04,2021-08-06,0001812089,officer,150.0,24.97,3745.5
NWL,2021-08-18,2021-08-20,0001812089,officer,200.0,24.77,4954.0
NWL,2021-08-18,2021-08-20,0001812089,officer,200.0,24.83,4966.0
NWL,2021-08-19,2021-08-20,0001812089,officer,400.0,24.37,9748.0
NWL,2022-11-02,2022-11-03,0001295990,director,10000.0,13.36,133600.0
NWL,2023-02-17,2023-02-22,0001580700,officer,66700.0,14.99,999833.0
NWL,2023-03-09,2023-03-13,0001580700,officer,28282.0,13.0,367666.0
NWL,2023-03-10,2023-03-13,0001580700,officer,48643.0,12.81,623116.83
NWL,2023-05-03,2023-05-05,0001580700,officer,9515.0,9.99,95054.85
NWL,2023-05-04,2023-05-05,0001580700,officer,90585.0,9.98,904038.3
O,2020-11-30,2021-02-12,0001419882,director,66.0,60.92,4020.72
O,2021-01-08,2021-02-12,0001419882,director,6.0,59.34,356.04
O,2021-01-11,2021-02-12,0001419882,director,6.0,59.45,356.7
O,2021-01-12,2021-02-12,0001419882,director,9.0,57.43,516.87
ORCL,2017-05-26,2017-05-31,0001412439,director,286.0,45.32,12961.52
ORCL,2017-11-28,2021-04-09,0001120621,director,1000.0,48.99,48990.0
ORCL,2020-03-23,2020-03-25,0001186073,director,10000.0,45.23,452300.0
ORCL,2020-03-26,2020-03-26,0001186073,director,20000.0,48.59,971800.0
ORCL,2021-02-24,2025-03-21,0001120621,director,780.0,64.91,50629.8
ORCL,2021-03-03,2025-03-21,0001120621,director,902.0,67.09,60515.18
ORCL,2021-03-16,2021-03-17,0001390276,director,2575.0,67.01,172550.75
ORCL,2021-03-16,2021-03-17,0001390276,director,2567.0,67.07,172168.69
ORCL,2021-03-16,2021-03-17,0001390276,director,2570.0,67.0,172190.0
ORCL,2021-03-16,2021-03-17,0001390276,director,2530.0,68.0,172040.0
ORCL,2021-09-20,2021-10-05,0001390276,director,1286.0,85.12,109464.32
ORCL,2021-10-14,2021-10-18,0001390276,director,1127.0,97.0,109319.0
ORCL,2021-10-14,2021-10-18,0001390276,director,1150.0,95.06,109319.0
ORCL,2022-01-20,2022-01-21,0001186073,director,4265.0,83.01,354037.65
ORCL,2022-01-20,2022-01-21,0001186073,director,9735.0,84.01,817837.35
ORCL,2022-01-20,2022-01-21,0001186073,director,1000.0,84.57,84570.0
ORCL,2025-02-12,2025-02-14,0001186073,director,5500.0,172.35,947925.0
ORCL,2025-07-07,2025-07-09,0001390276,director,480.0,233.87,112257.6
OXY,2015-08-05,2015-08-06,0001019718,director,10000.0,69.48,694800.0
OXY,2016-11-14,2016-11-15,0001019718,director,10000.0,64.89,648900.0
OXY,2016-12-23,2016-12-27,0001019718,director,10000.0,72.15,721500.0
OXY,2017-03-13,2017-03-14,0001588752,officer_director,15000.0,62.72,940800.0
OXY,2017-06-07,2017-06-09,0001295657,officer,1700.0,59.85,101745.0
OXY,2017-08-04,2017-08-15,0001588802,director,10000.0,61.77,617700.0
OXY,2017-08-09,2017-08-10,0001019718,director,10000.0,61.58,615800.0
OXY,2018-08-13,2018-08-14,0001019718,director,5000.0,78.55,392750.0
OXY,2019-06-10,2019-06-12,0001715126,officer,5000.0,47.86,239300.0
OXY,2019-06-10,2019-06-11,0001588802,director,5100.0,48.1,245310.0
OXY,2019-06-10,2019-06-11,0001588802,director,4000.0,48.12,192480.0
OXY,2019-06-10,2019-06-11,0001019718,director,10000.0,48.22,482200.0
OXY,2019-06-10,2019-06-10,0001588752,officer_director,37460.0,48.15,1803699.0
OXY,2019-06-10,2019-06-10,0001587011,officer,10000.0,48.09,480900.0
OXY,2019-06-11,2019-06-12,0001715126,officer,4000.0,48.46,193840.0
OXY,2019-06-11,2019-06-12,0001673669,officer,5000.0,48.53,242650.0
OXY,2019-06-12,2019-06-13,0001305254,director,5000.0,48.77,243850.0
OXY,2019-06-12,2019-06-12,0001715126,officer,6000.0,48.51,291060.0
OXY,2019-06-13,2019-06-13,0001295657,officer,4100.0,49.61,203401.0
OXY,2019-08-05,2019-08-06,0001374803,director,15000.0,50.22,753300.0
OXY,2019-08-12,2019-08-13,0001019718,director,5000.0,44.96,224800.0
OXY,2019-08-14,2019-08-15,0001295657,officer,2500.0,43.27,108175.0
OXY,2019-08-14,2019-08-15,0001222368,director,1000.0,43.15,43150.0
OXY,2019-08-16,2019-08-19,0001777012,officer,5000.0,44.57,222850.0
OXY,2019-08-23,2019-08-26,0001715126,officer,5000.0,42.62,213100.0
OXY,2019-09-27,2019-09-30,0001019718,director,5000.0,45.54,227700.0
OXY,2019-11-08,2019-11-12,0001019718,director,12000.0,39.31,471720.0
OXY,2019-11-19,2019-11-20,0001019718,director,6000.0,38.09,228540.0
OXY,2019-11-26,2019-11-27,0001374803,director,5000.0,38.96,194800.0
OXY,2019-12-06,2019-12-09,0001235129,director,12900.0,38.61,498069.0
OXY,2019-12-06,2019-12-09,0001019718,director,10000.0,38.82,388200.0
OXY,2020-03-04,2020-03-04,0001600187,director,3758.0,33.21,124803.18
OXY,2020-03-06,2020-03-10,0001715126,officer,5000.0,27.44,137200.0
OXY,2020-03-13,2020-03-16,0001019718,director,20000.0,11.81,236200.0
OXY,2020-03-26,2020-03-26,0001777012,officer,10000.0,13.42,134200.0
OXY,2020-08-25,2020-08-26,0001019718,director,10000.0,13.43,134300.0
OXY,2021-08-09,2021-08-10,0001026545,director,20000.0,25.76,515200.0
OXY,2022-03-28,2022-03-30,0001588752,officer_director,14191.0,56.24,798101.84
OXY,2025-12-16,2025-12-17,0001019718,director,5000.0,38.98,194900.0
PAYX,2018-10-23,2018-10-24,0001180658,director,1000.0,66.5,66500.0
PAYX,2018-10-24,2018-10-26,0001180658,director,1000.0,65.5,65500.0
PAYX,2018-10-24,2018-10-26,0001180658,director,1000.0,64.4,64400.0
PAYX,2020-03-27,2020-03-27,0001262878,director,1650.0,60.59,99973.5
PAYX,2022-11-23,2024-03-08,0001229143,director,39.28,116.24,4565.91
PAYX,2022-11-23,2024-03-08,0001229143,director,39.28,116.24,4565.91
PAYX,2023-02-23,2024-03-08,0001229143,director,43.74,111.04,4856.89
PAYX,2023-02-23,2024-03-08,0001229143,director,43.74,111.04,4856.89
PAYX,2023-05-25,2024-03-08,0001229143,director,51.23,107.57,5510.81
PAYX,2023-05-25,2024-03-08,0001229143,director,51.23,107.57,5510.81
PAYX,2023-08-24,2024-03-08,0001229143,director,45.43,122.31,5556.54
PAYX,2023-11-28,2024-03-08,0001229143,director,246.54,119.13,29370.31
PAYX,2023-11-28,2024-03-08,0001229143,director,46.98,119.13,5596.73
PAYX,2023-11-28,2024-03-08,0001229143,director,46.98,119.13,5596.73
PAYX,2024-08-24,2024-03-08,0001229143,director,45.43,122.31,5556.54
PAYX,2026-02-04,2026-02-05,0001180658,director,1000.0,98.76,98760.0
PAYX,2026-02-04,2026-02-05,0001262878,director,1000.0,98.5,98500.0
PCAR,2015-11-03,2015-11-05,0001649477,officer,645.0,53.55,34539.75
PCAR,2016-05-04,2016-05-20,0001446800,officer,507.0,55.93,28356.51
PCAR,2016-05-06,2016-05-20,0001446800,officer,342.0,55.1,18844.2
PCAR,2018-02-07,2018-02-09,0001720911,officer,21.0,70.55,1481.55
PCAR,2018-02-16,2018-02-21,0001649477,officer,570.0,69.05,39358.5
PCAR,2025-05-06,2025-05-07,0001594960,director,5000.0,89.78,448900.0
PEG,2019-03-29,2019-04-02,0001768709,officer,2.82,53.12,149.8
PEG,2020-03-23,2025-02-10,0001472708,director,75.0,36.87,2765.25
PFE,2016-12-20,2017-10-16,0001611777,director,1566.0,32.84,51427.44
PFE,2019-08-23,2019-08-26,0001411359,director,3000.0,34.72,104160.0
PFE,2020-01-30,2020-01-31,0001411359,director,1000.0,37.0,37000.0
PFE,2020-08-06,2020-08-10,0001214686,director,1000.0,38.62,38620.0
PFE,2020-08-06,2020-08-10,0001214686,director,1000.0,38.69,38690.0
PFE,2020-08-06,2020-08-10,0001214686,director,1500.0,38.51,57765.0
PFE,2020-08-06,2020-08-10,0001214686,director,3000.0,38.55,115650.0
PFE,2020-08-06,2020-08-10,0001214686,director,4000.0,38.49,153960.0
PFE,2020-08-06,2020-08-10,0001214686,director,2500.0,38.56,96400.0
PFE,2023-05-05,2023-05-09,0001411359,director,1000.0,38.43,38430.0
PFE,2023-05-08,2023-05-09,0001411359,director,1000.0,38.58,38580.0
PFE,2023-12-15,2023-12-19,0001411359,director,3000.0,26.47,79410.0
PFE,2024-10-30,2024-10-31,0001411359,director,1000.0,28.24,28240.0
PFE,2025-02-13,2025-02-14,0001214686,director,19457.0,25.65,499072.05
PGR,2015-02-10,2016-01-05,0001630173,officer,17.97,26.46,475.49
PGR,2016-02-01,2016-02-03,0001638780,officer,50000.0,30.28,1514000.0
PGR,2019-02-11,2019-02-12,0001496583,director,292.41,67.34,19690.89
PGR,2020-10-16,2021-12-30,0001112072,director,7.69,97.48,749.62
PH,2015-02-04,2015-02-05,0001073185,director,2000.0,120.75,241500.0
PH,2017-03-10,2017-03-13,0001073185,director,1000.0,157.75,157750.0
PH,2018-06-01,2019-01-16,0001190796,director,40.0,173.1,6924.0
PH,2018-09-14,2019-01-16,0001190796,director,37.0,186.29,6892.73
PH,2018-12-07,2019-01-16,0001190796,director,43.0,163.08,7012.44
PH,2019-08-26,2019-08-27,0001388153,director,100.0,158.4,15840.0
PH,2019-08-26,2019-08-27,0001388153,director,2600.0,158.39,411814.0
PH,2019-08-26,2019-08-27,0001388153,director,300.0,158.41,47523.0
PH,2021-03-08,2021-03-09,0001499784,director,3900.0,299.82,1169298.0
PH,2022-05-06,2022-05-10,0001227063,director,2000.0,267.78,535560.0
PH,2022-05-09,2022-05-10,0001227063,director,1000.0,273.44,273440.0
PH,2022-05-10,2022-05-12,0001227063,director,1000.0,265.08,265080.0
PH,2022-05-12,2022-05-16,0001227063,director,1000.0,260.24,260240.0
PKG,2015-08-26,2015-08-28,0001465138,director,1000.0,62.6,62600.0
PKG,2016-03-09,2016-03-09,0001608208,director,2000.0,53.47,106940.0
PKG,2017-01-13,2018-05-16,0001219630,director,1776.77,88.04,156426.83
PKG,2020-02-03,2020-02-04,0001204288,director,1000.0,96.88,96880.0
PKG,2022-05-25,2022-05-26,0001796937,director,500.0,153.21,76605.0
PKG,2024-05-15,2024-05-17,0001326944,director,300.0,182.06,54618.0
PLD,2015-03-09,2015-03-11,0001267958,director,5535.0,41.5,229702.5
PLD,2015-05-06,2015-05-06,0001202424,director,7494.0,39.6,296762.4
PLD,2015-05-06,2015-05-06,0001202424,director,506.0,39.58,20027.48
PLD,2015-09-04,2015-09-09,0001202433,director,1000.0,36.57,36570.0
PLD,2018-09-28,2018-10-03,0001202433,director,70.78,66.89,4734.47
PLD,2022-05-20,2022-05-20,0001331834,director,15000.0,118.65,1779750.0
PLD,2022-11-28,2022-11-30,0001275853,director,9000.0,114.13,1027170.0
PLD,2025-05-14,2026-03-18,0002056951,director,13.0,107.34,1395.42
PM,2016-11-17,2016-11-23,0001532847,officer,1000.0,88.21,88210.0
PM,2016-11-17,2016-11-21,0001522655,director,2000.0,89.22,178440.0
PM,2018-04-25,2018-04-25,0001507621,officer,3000.0,82.76,248280.0
PM,2018-04-27,2018-05-01,0001428717,officer,6000.0,81.56,489360.0
PM,2018-05-11,2018-05-15,0001491837,director,25000.0,81.49,2037250.0
PM,2018-05-11,2018-05-15,0001402226,director,48750.0,81.44,3970200.0
PM,2018-05-14,2018-05-15,0001491837,director,15000.0,80.99,1214850.0
PM,2019-04-29,2019-04-30,0001764399,officer,2500.0,84.67,211675.0
PM,2019-05-29,2019-05-31,0001764399,officer,500.0,80.74,40370.0
PM,2019-05-31,2019-05-31,0001764399,officer,500.0,78.57,39285.0
PNC,2015-03-12,2015-03-16,0001584585,director,11000.0,95.87,1054570.0
PNC,2015-03-12,2015-03-16,0001584585,director,11000.0,95.8,1053800.0
PNC,2016-01-20,2016-01-22,0001584585,director,11800.0,84.68,999224.0
PNC,2016-01-20,2016-01-22,0001584585,director,11800.0,84.68,999224.0
PNC,2016-01-20,2016-01-22,0001621713,director,118.0,84.17,9932.06
PNC,2016-02-08,2016-02-10,0001234998,director,500.0,81.0,40500.0
PNC,2016-05-02,2016-05-04,0001242243,director,1000.0,87.81,87810.0
PNC,2016-07-21,2016-07-25,0001234998,director,500.0,82.44,41220.0
PNC,2017-02-09,2017-02-10,0001242243,director,1000.0,122.79,122790.0
PNC,2018-07-18,2018-07-19,0001727903,director,700.0,142.15,99505.0
PNC,2019-02-21,2019-02-25,0001727903,director,500.0,125.69,62845.0
PNC,2019-08-23,2019-08-27,0001242243,director,1000.0,124.38,124380.0
PNC,2020-01-17,2020-01-22,0001242243,director,1000.0,153.11,153110.0
PNC,2020-02-28,2020-03-03,0001584585,director,8056.0,123.49,994835.44
PNC,2020-02-28,2020-03-03,0001584585,director,8056.0,123.49,994835.44
PNC,2020-02-28,2020-03-03,0001584585,director,8056.0,123.49,994835.44
PNC,2020-03-09,2020-03-11,0001584585,director,9767.0,102.39,1000043.13
PNC,2020-03-09,2020-03-11,0001584585,director,4881.0,102.39,499765.59
PNC,2020-03-09,2020-03-11,0001584585,director,9767.0,102.39,1000043.13
PNC,2020-03-10,2020-03-12,0001727845,director,45.0,101.28,4557.6
PNC,2020-03-10,2020-03-12,0001727845,director,5.0,105.01,525.05
PNC,2020-03-12,2020-03-16,0001584585,director,10535.0,94.92,999982.2
PNC,2020-03-12,2020-03-16,0001584585,director,5255.0,94.92,498804.6
PNC,2020-03-12,2020-03-16,0001584585,director,10535.0,94.92,999982.2
PNC,2020-05-15,2020-05-18,0001200244,director,1000.0,97.55,97550.0
PNC,2021-02-22,2021-12-17,0001727903,director,7.0,172.01,1204.07
PNC,2022-05-06,2022-05-10,0001219923,director,2000.0,167.07,334140.0
PNC,2023-01-20,2023-01-24,0001198053,officer,6550.0,153.38,1004639.0
PNC,2023-03-13,2023-03-14,0001198053,officer,500.0,129.81,64905.0
PNC,2023-03-13,2023-03-14,0001198053,officer,500.0,129.59,64795.0
PNC,2023-03-15,2023-03-16,0001846499,officer,1000.0,125.45,125450.0
PNC,2023-04-21,2023-04-25,0001047461,director,1000.0,123.9,123900.0
PNC,2023-06-07,2023-06-08,0001891680,director,400.0,127.1,50840.0
PNC,2025-02-03,2025-02-05,0001652908,director,100.0,198.13,19813.0
PNC,2025-04-25,2025-04-29,0001727903,director,1000.0,158.22,158220.0
PNC,2025-05-20,2025-05-22,0001469164,officer,20.0,178.4,3568.0
PNC,2026-03-09,2026-03-11,0001727845,director,20.0,200.38,4007.6
PNR,2017-05-15,2017-05-17,0001257864,director,290000.0,65.31,18939900.0
PNR,2017-05-16,2017-05-17,0001257864,director,175000.0,65.41,11446750.0
PNR,2017-05-17,2017-05-17,0001257864,director,231864.0,65.31,15143037.84
PNR,2017-05-17,2017-05-17,0001257864,director,102036.0,64.72,6603769.92
PNR,2017-05-17,2017-05-17,0001257864,director,64100.0,65.11,4173551.0
PNR,2017-11-17,2017-11-20,0001345471,director,328567.0,68.33,22450983.11
PNR,2017-11-17,2017-11-20,0001257864,director,328567.0,68.33,22450983.11
PNR,2017-11-17,2017-11-20,0001345471,director,14433.0,68.72,991835.76
PNR,2017-11-17,2017-11-20,0001257864,director,14433.0,68.72,991835.76
PNR,2017-11-20,2017-11-20,0001345471,director,41571.0,68.94,2865904.74
PNR,2017-11-20,2017-11-20,0001257864,director,41571.0,68.94,2865904.74
PNR,2017-11-27,2017-11-27,0001345471,director,9966.0,69.22,689846.52
PNR,2017-11-27,2017-11-27,0001257864,director,9966.0,69.22,689846.52
PPG,2024-05-08,2024-05-09,0001669058,officer_director,2061.0,133.24,274607.64
PRU,2013-10-30,2018-07-19,0001390946,director,65.0,81.72,5311.8
PRU,2016-02-16,2016-02-17,0001205002,director,7400.0,62.56,462944.0
PRU,2017-02-21,2017-02-23,0001224298,director,450.0,111.11,49999.5
PRU,2017-02-23,2017-02-23,0001235682,director,500.0,110.73,55365.0
PRU,2017-03-03,2017-03-07,0001614199,director,200.0,112.81,22562.0
PRU,2018-12-10,2018-12-12,0001614199,director,250.0,83.53,20882.5
PRU,2019-09-09,2019-09-10,0001760674,officer,2500.0,83.84,209600.0
PRU,2019-09-09,2019-09-10,0001256465,officer,3580.0,83.98,300648.4
PRU,2019-09-09,2019-09-10,0001512629,officer_director,7500.0,83.68,627600.0
PRU,2020-02-11,2020-02-19,0001390946,director,500.0,95.82,47910.0
PRU,2020-08-11,2020-08-13,0001224298,director,2500.0,71.08,177700.0
PRU,2020-12-04,2020-12-08,0001661379,officer,280.0,81.29,22761.2
PRU,2021-02-09,2021-02-10,0001723472,director,1000.0,80.98,80980.0
PRU,2021-11-10,2021-11-12,0001224298,director,375.0,108.89,40833.75
PRU,2024-06-13,2025-03-21,0001960842,officer,124.58,115.9,14438.82
PRU,2024-09-12,2025-03-21,0001960842,officer,129.2,113.01,14600.89
PRU,2024-12-12,2025-03-21,0001960842,officer,110.75,120.31,13324.33
PRU,2025-02-20,2025-02-24,0002028185,director,200.0,111.04,22208.0
PRU,2026-02-06,2026-02-09,0001383669,officer,1000.0,100.97,100970.0
PRU,2026-02-11,2026-02-12,0001744564,director,400.0,105.32,42128.0
PRU,2026-02-17,2026-02-18,0002076280,director,250.0,102.97,25742.5
PSX,2015-05-22,2015-05-26,0001315638,director,12300.0,81.04,996792.0
PSX,2015-05-26,2015-05-28,0001315638,director,6325.0,79.28,501446.0
PSX,2016-06-13,2016-06-14,0001315638,director,12680.0,78.87,1000071.6
PSX,2018-11-20,2018-11-21,0001240434,director,21500.0,92.31,1984665.0
PSX,2019-05-09,2019-05-13,0001234262,director,2000.0,84.41,168820.0
PSX,2019-05-28,2019-05-28,0001234262,director,2000.0,82.91,165820.0
PSX,2020-02-27,2020-03-02,0001234262,director,2000.0,76.71,153420.0
PSX,2020-02-28,2020-03-02,0001234262,director,2000.0,74.91,149820.0
PSX,2020-03-02,2020-03-02,0001234262,director,1000.0,74.93,74930.0
PSX,2020-05-05,2020-05-06,0001561818,director,1250.0,76.4,95500.0
PSX,2020-06-24,2020-06-24,0001234262,director,1000.0,70.16,70160.0
PSX,2020-06-26,2020-06-29,0001234262,director,1500.0,68.43,102645.0
PSX,2020-08-04,2020-08-04,0001234262,director,1000.0,60.62,60620.0
PSX,2020-08-19,2020-08-20,0001234262,director,1500.0,61.45,92175.0
PSX,2021-02-10,2021-02-24,0001216478,director,77.0,76.32,5876.64
PSX,2023-02-02,2023-02-02,0001225946,director,10250.0,97.75,1001937.5
PSX,2024-02-15,2024-02-20,0002012212,director,682.0,146.58,99967.56
PSX,2025-05-22,2025-05-27,0002012212,director,439.0,113.85,49980.15
PSX,2025-07-30,2025-08-01,0001387730,director,1000.0,125.97,125970.0
PSX,2025-07-31,2025-08-01,0001409860,director,500.0,123.55,61775.0
PSX,2025-08-14,2025-08-14,0001225946,director,8350.0,119.9,1001165.0
PSX,2026-03-17,2026-03-17,0001464559,director,175.0,173.2,30310.0
PYPL,2017-12-08,2017-12-11,0001400395,director,6750.0,74.04,499770.0
PYPL,2018-10-17,2019-01-04,0001458902,director,8.0,81.22,649.76
PYPL,2021-11-09,2021-11-17,0001321240,director,9780.0,204.42,1999227.6
PYPL,2021-11-23,2021-11-23,0001082870,director,495.0,186.47,92302.65
PYPL,2021-11-23,2021-11-23,0001082870,director,605.0,186.47,112814.35
PYPL,2021-11-23,2021-11-23,0001082870,director,225.0,186.47,41955.75
PYPL,2021-11-23,2021-11-23,0001082870,director,72.0,186.47,13425.84
PYPL,2021-11-23,2021-11-23,0001082870,director,150.0,186.47,27970.5
PYPL,2021-12-03,2021-12-06,0001656242,director,2770.0,180.08,498821.6
PYPL,2022-02-03,2022-02-07,0001215315,officer_director,300.0,125.18,37554.0
PYPL,2022-02-03,2022-02-07,0001215315,officer_director,7694.0,124.55,958287.7
PYPL,2022-02-04,2022-02-08,0001458902,director,4000.0,124.85,499400.0
PYPL,2022-02-08,2022-02-09,0001082870,director,8400.0,119.33,1002372.0
PYPL,2022-02-18,2022-02-22,0001458902,director,4500.0,103.96,467820.0
PYPL,2022-05-04,2022-05-05,0001656242,director,1100.0,88.13,96943.0
PYPL,2022-05-06,2022-05-09,0001533405,officer,7370.0,81.04,597264.8
PYPL,2023-02-17,2023-02-17,0001215315,officer_director,26065.0,76.17,1985371.05
QCOM,2015-07-27,2015-07-28,0001309507,director,5650.0,61.63,348209.5
QCOM,2015-07-28,2015-07-29,0001434806,officer_director,15815.0,63.31,1001247.65
QCOM,2015-07-28,2015-07-29,0001379532,officer,8100.0,62.34,504954.0
QCOM,2015-09-11,2015-09-15,0001224836,director,1000.0,54.7,54700.0
QCOM,2016-01-29,2016-02-01,0001656712,officer,2500.0,44.76,111900.0
QCOM,2017-01-30,2017-01-31,0001224836,director,1000.0,53.99,53990.0
QCOM,2017-02-03,2017-02-06,0001559665,officer,18815.0,53.13,999640.95
QCOM,2017-05-11,2017-05-12,0001207622,director,9000.0,54.59,491310.0
QCOM,2019-08-28,2019-08-29,0001309507,director,2705.0,73.84,199737.2
QCOM,2019-12-10,2019-12-11,0001082930,director,500.0,84.6,42300.0
ROK,2015-01-27,2017-12-04,0001301427,director,870.0,106.87,92976.9
ROK,2015-09-22,2017-12-04,0001301427,director,600.0,103.2,61920.0
ROK,2015-09-28,2017-12-04,0001301427,director,365.0,99.77,36416.05
ROK,2015-11-12,2017-12-04,0001301427,director,375.0,104.0,39000.0
ROK,2016-02-05,2017-12-04,0001301427,director,125.0,98.79,12348.75
ROK,2016-02-08,2017-12-04,0001301427,director,140.0,96.29,13480.6
ROK,2016-02-12,2017-12-04,0001301427,director,23.0,95.26,2190.98
ROK,2016-04-27,2017-12-04,0001301427,director,5.0,114.18,570.9
ROK,2016-06-14,2017-12-04,0001301427,director,40.0,115.97,4638.8
ROK,2016-06-14,2017-12-04,0001301427,director,90.0,116.0,10440.0
ROK,2016-09-09,2017-12-04,0001301427,director,110.0,113.18,12449.8
ROK,2016-09-09,2017-12-04,0001301427,director,162.0,113.2,18338.4
ROK,2021-05-03,2021-05-04,0001515709,officer,500.0,262.11,131055.0
ROK,2022-05-05,2022-05-05,0001570660,director,1110.0,219.58,243733.8
ROK,2024-02-12,2024-02-12,0001515154,officer_director,3500.0,283.65,992775.0
ROK,2024-11-11,2024-11-12,0001523212,officer,6145.0,274.63,1687601.35
ROK,2024-11-12,2024-11-12,0001523212,officer,1128.0,277.75,313302.0
RSG,2018-10-31,2018-11-01,0001613343,director,1500.0,72.35,108525.0
RSG,2021-05-19,2021-05-20,0001692053,director,100.0,107.76,10776.0
RSG,2023-02-21,2023-02-23,0001613343,director,1000.0,129.6,129600.0
RSG,2023-02-21,2023-02-23,0001819603,director,385.0,130.56,50265.6
RSG,2024-05-15,2024-05-15,0001692053,director,79.0,187.38,14803.02
RSG,2024-06-04,2024-06-06,0001501808,director,540.0,185.26,100040.4
RSG,2025-12-09,2025-12-11,0001501808,director,478.0,209.46,100121.88
RTX,2020-07-31,2020-08-04,0001695566,director,407.0,56.55,23015.85
RTX,2020-09-08,2020-10-05,0001377692,officer_director,2.51,59.49,149.32
RTX,2020-10-28,2020-10-30,0001695566,director,500.0,55.2,27600.0
RTX,2020-10-28,2020-10-30,0001225946,officer_director,20000.0,55.1,1102000.0
RTX,2020-10-28,2020-10-30,0001225946,officer_director,35000.0,54.66,1913100.0
RTX,2020-10-29,2020-10-30,0001465175,officer,1000.0,52.57,52570.0
RTX,2020-10-29,2020-10-30,0001495635,officer_director,19059.0,52.47,1000025.73
RTX,2020-10-29,2020-10-30,0001360224,director,9532.0,52.41,499572.12
RTX,2022-04-27,2022-04-27,0001695566,director,200.0,99.0,19800.0
RTX,2023-07-26,2023-07-27,0001695566,director,100.0,86.82,8682.0
RTX,2025-04-23,2025-04-23,0001695566,director,200.0,117.9,23580.0
SBUX,2017-08-04,2017-08-08,0001701829,director,18000.0,55.3,995400.0
SBUX,2018-08-20,2018-08-22,0001357855,officer_director,5000.0,54.04,270200.0
SBUX,2022-05-10,2022-05-12,0000901737,officer_director,120600.0,72.61,8756766.0
SBUX,2022-05-10,2022-05-12,0000901737,officer_director,16900.0,73.1,1235390.0
SBUX,2022-05-12,2022-05-16,0000901737,officer_director,72500.0,68.85,4991625.0
SBUX,2022-09-15,2022-09-16,0001169896,director,54750.0,92.58,5068755.0
SBUX,2022-09-15,2022-09-16,0001622500,director,10000.0,92.53,925300.0
SBUX,2024-09-06,2024-09-17,0001701829,director,380.0,91.5,34770.0
SBUX,2025-11-10,2025-11-13,0001701829,director,11700.0,85.0,994500.0
SCHW,2015-02-10,2015-02-11,0001562215,director,2567.0,29.21,74982.07
SCHW,2015-04-24,2015-04-28,0001632346,director,3000.0,30.29,90870.0
SCHW,2015-08-12,2015-08-12,0001632346,director,3000.0,33.12,99360.0
SCHW,2015-08-24,2015-08-25,0001625471,director,3500.0,29.67,103845.0
SCHW,2015-10-16,2015-10-19,0001562215,director,7100.0,28.57,202847.0
SCHW,2016-01-20,2016-01-21,0001632346,director,4000.0,25.44,101760.0
SCHW,2016-05-31,2016-05-31,0001625471,director,4900.0,30.61,149989.0
SCHW,2017-04-27,2017-04-28,0001562215,director,1850.0,26.97,49894.5
SCHW,2017-11-07,2017-11-08,0001296479,officer_director,41330.0,27.23,1125415.9
SCHW,2017-11-07,2017-11-08,0001296479,officer_director,31180.0,27.19,847784.2
SCHW,2018-12-24,2018-12-27,0001296479,officer_director,93090.0,39.09,3638888.1
SCHW,2018-12-26,2018-12-27,0001296479,officer_director,31579.0,37.97,1199054.63
SCHW,2019-05-03,2019-05-07,0001739929,director,2500.0,46.1,115250.0
SCHW,2019-08-05,2019-08-05,0001562215,director,2595.0,38.68,100374.6
SCHW,2020-04-17,2020-04-20,0001562215,director,5530.0,36.18,200075.4
SCHW,2020-04-27,2020-04-28,0001739929,director,2460.0,36.74,90380.4
SCHW,2020-07-22,2020-07-22,0001739929,director,2854.0,34.91,99633.14
SCHW,2021-02-04,2021-02-04,0001739929,director,3636.0,54.08,196634.88
SCHW,2022-04-25,2022-04-25,0001296479,officer_director,36640.0,69.49,2546113.6
SCHW,2022-04-26,2022-04-26,0001296479,officer_director,26108.0,68.55,1789703.4
SCHW,2022-04-27,2022-04-28,0001296479,officer_director,4341.0,68.55,297575.55
SCHW,2022-04-28,2022-04-29,0001296479,officer_director,9723.0,68.16,662719.68
SCHW,2022-04-29,2022-04-29,0001296479,officer_director,63188.0,67.07,4238019.16
SCHW,2023-03-14,2023-03-14,0001533741,director,10000.0,56.79,567900.0
SCHW,2023-03-14,2023-03-14,0001625471,director,5000.0,59.31,296550.0
SCHW,2023-03-14,2023-03-14,0001706835,officer,5000.0,57.96,289800.0
SCHW,2023-03-14,2023-03-14,0001296479,officer_director,50000.0,59.31,2965500.0
SCHW,2023-03-14,2023-03-14,0001561563,director,6757.0,56.08,378932.56
SCHW,2023-03-14,2023-03-14,0001889263,officer,5000.0,57.28,286400.0
SCHW,2023-03-15,2023-03-15,0001561563,director,34387.0,58.26,2003386.62
SCHW,2023-03-16,2023-03-16,0001562215,director,4000.0,58.37,233480.0
SCHW,2023-03-17,2023-03-20,0001564429,officer,5000.0,54.83,274150.0
SCHW,2023-03-17,2023-03-20,0001730661,director,3700.0,54.16,200392.0
SCHW,2023-03-17,2023-03-17,0001889263,officer,2000.0,54.39,108780.0
SCHW,2023-03-28,2023-03-29,0001804183,director,5000.0,53.47,267350.0
SCHW,2023-08-17,2023-08-21,0001739929,director,833.0,60.55,50438.15
SCHW,2024-07-17,2024-07-19,0001296479,officer_director,25000.0,66.26,1656500.0
SCHW,2024-07-17,2024-07-19,0001889263,officer,10000.0,62.05,620500.0
SGI,2025-12-02,2025-12-04,0001900504,director,29652.0,93.34,2767717.68
SGI,2025-12-02,2025-12-04,0001900504,director,2348.0,94.17,221111.16
SHW,2016-10-27,2016-10-31,0001194166,director,500.0,247.3,123650.0
SHW,2018-10-29,2018-10-31,0001194166,director,675.0,375.0,253125.0
SHW,2019-05-22,2019-05-23,0001224295,director,500.0,432.07,216035.0
SHW,2022-02-24,2022-02-25,0001489329,officer,1000.0,253.91,253910.0
SHW,2022-02-25,2022-02-28,0001203523,officer_director,2000.0,259.55,519100.0
SHW,2023-01-27,2023-01-30,0001203523,officer_director,2207.0,226.7,500326.9
SHW,2023-10-25,2023-10-25,0001203523,officer_director,500.0,238.36,119180.0
SHW,2023-10-25,2023-10-25,0001203523,officer_director,1625.0,237.36,385710.0
SLB,2015-07-21,2015-07-22,0001518053,director,5000.0,83.82,419100.0
SLB,2015-08-27,2015-08-28,0001181756,director,3000.0,72.24,216720.0
SLB,2015-08-27,2015-08-28,0001163715,director,13600.0,73.18,995248.0
SLB,2016-05-31,2016-05-31,0001518053,director,1500.0,77.07,115605.0
SLB,2017-05-30,2017-05-30,0001193339,director,3625.0,69.02,250197.5
SLB,2017-07-24,2017-07-26,0001676496,director,2800.0,66.78,186984.0
SLB,2017-08-11,2017-08-14,0001163715,director,8000.0,64.2,513600.0
SLB,2017-10-26,2018-12-03,0001163715,director,16000.0,63.56,1016960.0
SLB,2018-03-26,2018-03-26,0001512880,officer,5000.0,64.79,323950.0
SLB,2018-03-26,2018-03-26,0001358237,officer_director,10000.0,64.68,646800.0
SLB,2018-03-28,2018-03-28,0001580649,officer,3000.0,64.3,192900.0
SLB,2018-09-06,2018-09-07,0001163715,director,8000.0,60.31,482480.0
SLB,2018-12-20,2018-12-21,0001512880,officer,10000.0,37.55,375500.0
SLB,2020-02-03,2020-02-05,0001790216,officer,1000.0,33.4,33400.0
SLB,2020-03-09,2020-03-10,0001705054,officer,1600.0,16.97,27152.0
SLB,2020-03-09,2020-03-10,0001705054,officer,400.0,17.33,6932.0
SLB,2020-03-31,2020-04-01,0001497824,officer_director,10000.0,13.77,137700.0
SLB,2020-08-05,2020-08-06,0001185612,director,15000.0,19.46,291900.0
SLB,2020-09-14,2020-09-15,0001497824,officer_director,25000.0,17.95,448750.0
SLB,2021-04-06,2022-01-21,0001497824,officer_director,795.0,27.85,22140.75
SLB,2021-07-06,2022-01-21,0001497824,officer_director,711.0,31.64,22496.04
SLB,2023-05-24,2023-10-26,0001861973,officer,110.0,45.8,5038.0
SNPS,2024-03-25,2024-03-27,0001216055,director,500.0,584.97,292485.0
SNPS,2024-03-25,2024-03-27,0001216055,director,250.0,586.4,146600.0
SNPS,2025-09-11,2025-09-15,0001665364,director,350.0,425.44,148904.0
SO,2015-05-05,2015-05-05,0000909019,director,100.0,44.3,4430.0
SO,2016-03-07,2016-03-08,0001601624,officer,1000.0,48.52,48520.0
SO,2019-02-06,2019-06-07,0001167316,director,641.0,48.69,31210.29
SO,2019-03-05,2019-03-06,0001474932,director,2000.0,50.19,100380.0
SO,2019-03-14,2019-06-07,0001167316,director,620.0,51.83,32134.6
SO,2020-05-04,2020-05-05,0001265177,director,3500.0,54.72,191520.0
SO,2020-08-12,2020-08-14,0001538652,officer,1805.0,55.21,99654.05
SPG,2015-05-08,2015-05-11,0001192086,director,183.0,187.57,34325.31
SPG,2015-06-25,2015-06-25,0001192086,director,123.0,173.92,21392.16
SPG,2015-10-29,2015-10-29,0001192086,director,125.0,203.15,25393.75
SPG,2015-12-22,2015-12-22,0001192086,director,145.0,192.7,27941.5
SPG,2016-04-28,2016-04-28,0001192086,director,136.0,204.92,27869.12
SPG,2017-03-28,2017-03-30,0001210982,director,1400.0,166.0,232400.0
SPG,2020-03-17,2020-03-17,0001210982,director,1000.0,64.25,64250.0
SPG,2020-03-17,2020-03-17,0001210982,director,500.0,66.15,33075.0
SPG,2020-03-17,2020-03-17,0001079850,officer_director,150000.0,60.83,9124500.0
SPG,2020-03-18,2020-03-18,0001709407,director,15000.0,46.18,692700.0
SPG,2020-03-18,2020-03-18,0001210982,director,500.0,50.11,25055.0
SPG,2020-03-18,2020-03-18,0001210982,director,500.0,50.18,25090.0
SPG,2020-03-18,2020-03-18,0001192086,director,3615.0,54.81,198138.15
SPG,2020-03-18,2020-03-18,0001235745,director,94286.0,52.67,4966043.62
SPG,2020-03-18,2020-03-18,0001235745,director,94286.0,52.68,4966986.48
SPG,2020-03-18,2020-03-18,0001464273,director,921.0,53.14,48941.94
SPG,2020-03-18,2020-03-18,0001235751,director,1750.0,52.03,91052.5
SPG,2020-03-19,2020-03-19,0001189793,director,10000.0,58.98,589800.0
SPG,2020-05-15,2020-05-18,0001340262,director,1000.0,50.5,50500.0
SPG,2020-07-24,2021-03-22,0001464273,director,327.0,61.66,20162.82
SPG,2020-07-24,2021-03-22,0001272064,director,120.0,61.66,7399.2
SPG,2020-07-24,2021-03-22,0001235751,director,689.0,61.66,42483.74
SPG,2020-07-24,2021-03-22,0001709407,director,131.0,61.66,8077.46
SPG,2020-07-24,2021-03-22,0001199045,director,172.0,61.66,10605.52
SPG,2020-07-24,2021-03-22,0001210982,director,488.0,61.66,30090.08
SPG,2020-07-24,2021-03-22,0001192086,director,386.0,61.66,23800.76
SPG,2020-07-24,2021-03-22,0001136550,director,540.0,61.66,33296.4
SPG,2020-07-24,2021-03-22,0001189793,director,328.0,61.66,20224.48
SPG,2020-07-24,2021-03-22,0001340262,director,154.0,61.66,9495.64
SPG,2020-10-23,2021-03-22,0001464273,director,304.0,67.58,20544.32
SPG,2020-10-23,2021-03-22,0001272064,director,111.0,67.58,7501.38
SPG,2020-10-23,2021-03-22,0001235751,director,642.0,67.58,43386.36
SPG,2020-10-23,2021-03-22,0001709407,director,122.0,67.58,8244.76
SPG,2020-10-23,2021-03-22,0001199045,director,160.0,67.58,10812.8
SPG,2020-10-23,2021-03-22,0001210982,director,455.0,67.58,30748.9
SPG,2020-10-23,2021-03-22,0001192086,director,359.0,67.58,24261.22
SPG,2020-10-23,2021-03-22,0001136550,director,503.0,67.58,33992.74
SPG,2020-10-23,2021-03-22,0001189793,director,306.0,67.58,20679.48
SPG,2020-10-23,2021-03-22,0001340262,director,143.0,67.58,9663.94
SPG,2021-01-22,2021-03-22,0001464273,director,226.0,92.44,20891.44
SPG,2021-01-22,2021-03-22,0001272064,director,83.0,92.44,7672.52
SPG,2021-01-22,2021-03-22,0001235751,director,478.0,92.44,44186.32
SPG,2021-01-22,2021-03-22,0001709407,director,91.0,92.44,8412.04
SPG,2021-01-22,2021-03-22,0001199045,director,119.0,92.44,11000.36
SPG,2021-01-22,2021-03-22,0001210982,director,339.0,92.44,31337.16
SPG,2021-01-22,2021-03-22,0001192086,director,267.0,92.44,24681.48
SPG,2021-01-22,2021-03-22,0001136550,director,375.0,92.44,34665.0
SPG,2021-01-22,2021-03-22,0001189793,director,227.0,92.44,20983.88
SPG,2021-01-22,2021-03-22,0001340262,director,107.0,92.44,9891.08
SPG,2021-04-23,2021-04-26,0001272064,director,67.0,116.37,7796.79
SPG,2021-04-23,2021-04-26,0001235751,director,385.0,116.37,44802.45
SPG,2021-04-23,2021-04-26,0001464273,director,182.0,116.37,21179.34
SPG,2021-04-23,2021-04-26,0001709407,director,73.0,116.37,8495.01
SPG,2021-04-23,2021-04-26,0001199045,director,96.0,116.37,11171.52
SPG,2021-04-23,2021-04-26,0001210982,director,272.0,116.37,31652.64
SPG,2021-04-23,2021-04-26,0001192086,director,215.0,116.37,25019.55
SPG,2021-04-23,2021-04-26,0001136550,director,302.0,116.37,35143.74
SPG,2021-04-23,2021-04-26,0001189793,director,183.0,116.37,21295.71
SPG,2021-04-23,2021-04-26,0001340262,director,86.0,116.37,10007.82
SPG,2021-05-21,2022-01-04,0001235740,officer,8130.0,122.55,996331.5
SPG,2021-07-23,2021-07-26,0001272064,director,85.0,123.87,10528.95
SPG,2021-07-23,2021-07-26,0001235751,director,412.0,123.87,51034.44
SPG,2021-07-23,2021-07-26,0001464273,director,203.0,123.87,25145.61
SPG,2021-07-23,2021-07-26,0001709407,director,93.0,123.87,11519.91
SPG,2021-07-23,2021-07-26,0001199045,director,115.0,123.87,14245.05
SPG,2021-07-23,2021-07-26,0001210982,director,297.0,123.87,36789.39
SPG,2021-07-23,2021-07-26,0001192086,director,238.0,123.87,29481.06
SPG,2021-07-23,2021-07-26,0001136550,director,327.0,123.87,40505.49
SPG,2021-07-23,2021-07-26,0001189793,director,207.0,123.87,25641.09
SPG,2021-07-23,2021-07-26,0001340262,director,105.0,123.87,13006.35
SPG,2021-09-30,2021-10-04,0001272064,director,86.0,132.65,11407.9
SPG,2021-09-30,2021-10-04,0001235751,director,417.0,132.65,55315.05
SPG,2021-09-30,2021-10-04,0001709407,director,94.0,132.65,12469.1
SPG,2021-09-30,2021-10-04,0001464273,director,206.0,132.65,27325.9
SPG,2021-09-30,2021-10-04,0001199045,director,116.0,132.65,15387.4
SPG,2021-09-30,2021-10-04,0001210982,director,301.0,132.65,39927.65
SPG,2021-09-30,2021-10-04,0001192086,director,240.0,132.65,31836.0
SPG,2021-09-30,2021-10-04,0001136550,director,330.0,132.65,43774.5
SPG,2021-09-30,2021-10-04,0001189793,director,209.0,132.65,27723.85
SPG,2021-09-30,2021-10-04,0001340262,director,106.0,132.65,14060.9
SPG,2021-12-31,2022-01-04,0001272064,director,79.0,160.28,12662.12
SPG,2021-12-31,2022-01-04,0001235751,director,384.0,160.28,61547.52
SPG,2021-12-31,2022-01-04,0001464273,director,189.0,160.28,30292.92
SPG,2021-12-31,2022-01-04,0001709407,director,86.0,160.28,13784.08
SPG,2021-12-31,2022-01-04,0001199045,director,107.0,160.28,17149.96
SPG,2021-12-31,2022-01-04,0001210982,director,277.0,160.28,44397.56
SPG,2021-12-31,2022-01-04,0001192086,director,221.0,160.28,35421.88
SPG,2021-12-31,2022-01-04,0001136550,director,304.0,160.28,48725.12
SPG,2021-12-31,2022-01-04,0001189793,director,192.0,160.28,30773.76
SPG,2021-12-31,2022-01-04,0001340262,director,97.0,160.28,15547.16
SPG,2022-03-31,2022-04-04,0001272064,director,96.0,134.1,12873.6
SPG,2022-03-31,2022-04-04,0001235751,director,464.0,134.1,62222.4
SPG,2022-03-31,2022-04-04,0001464273,director,229.0,134.1,30708.9
SPG,2022-03-31,2022-04-04,0001709407,director,104.0,134.1,13946.4
SPG,2022-03-31,2022-04-04,0001898688,director,5.0,134.1,670.5
SPG,2022-03-31,2022-04-04,0001199045,director,129.0,134.1,17298.9
SPG,2022-03-31,2022-04-04,0001210982,director,335.0,134.1,44923.5
SPG,2022-03-31,2022-04-04,0001192086,director,268.0,134.1,35938.8
SPG,2022-03-31,2022-04-04,0001136550,director,367.0,134.1,49214.7
SPG,2022-03-31,2022-04-04,0001189793,director,233.0,134.1,31245.3
SPG,2022-03-31,2022-04-04,0001340262,director,118.0,134.1,15823.8
SPG,2022-06-30,2022-07-05,0001272064,director,170.0,93.83,15951.1
SPG,2022-06-30,2022-07-05,0001235751,director,721.0,93.83,67651.43
SPG,2022-06-30,2022-07-05,0001464273,director,369.0,93.83,34623.27
SPG,2022-06-30,2022-07-05,0001709407,director,184.0,93.83,17264.72
SPG,2022-06-30,2022-07-05,0001898688,director,34.0,93.83,3190.22
SPG,2022-06-30,2022-07-05,0001199045,director,219.0,93.83,20548.77
SPG,2022-06-30,2022-07-05,0001210982,director,528.0,93.83,49542.24
SPG,2022-06-30,2022-07-05,0001192086,director,427.0,93.83,40065.41
SPG,2022-06-30,2022-07-05,0001136550,director,576.0,93.83,54046.08
SPG,2022-06-30,2022-07-05,0001189793,director,379.0,93.83,35561.57
SPG,2022-06-30,2022-07-05,0001340262,director,202.0,93.83,18953.66
SPG,2022-09-30,2022-10-04,0001272064,director,188.0,89.29,16786.52
SPG,2022-09-30,2022-10-04,0001235751,director,795.0,89.29,70985.55
SPG,2022-09-30,2022-10-04,0001464273,director,406.0,89.29,36251.74
SPG,2022-09-30,2022-10-04,0001709407,director,202.0,89.29,18036.58
SPG,2022-09-30,2022-10-04,0001898688,director,38.0,89.29,3393.02
SPG,2022-09-30,2022-10-04,0001199045,director,241.0,89.29,21518.89
SPG,2022-09-30,2022-10-04,0001210982,director,583.0,89.29,52056.07
SPG,2022-09-30,2022-10-04,0001192086,director,470.0,89.29,41966.3
SPG,2022-09-30,2022-10-04,0001136550,director,634.0,89.29,56609.86
SPG,2022-09-30,2022-10-04,0001189793,director,417.0,89.29,37233.93
SPG,2022-09-30,2022-10-04,0001340262,director,223.0,89.29,19911.67
SPG,2022-12-30,2023-01-03,0001709407,director,163.0,116.42,18976.46
SPG,2022-12-30,2023-01-03,0001272064,director,150.0,116.42,17463.0
SPG,2022-12-30,2023-01-03,0001235751,director,639.0,116.42,74392.38
SPG,2022-12-30,2023-01-03,0001464273,director,326.0,116.42,37952.92
SPG,2022-12-30,2023-01-03,0001898688,director,30.0,116.42,3492.6
SPG,2022-12-30,2023-01-03,0001199045,director,194.0,116.42,22585.48
SPG,2022-12-30,2023-01-03,0001210982,director,468.0,116.42,54484.56
SPG,2022-12-30,2023-01-03,0001192086,director,378.0,116.42,44006.76
SPG,2022-12-30,2023-01-03,0001136550,director,510.0,116.42,59374.2
SPG,2022-12-30,2023-01-03,0001189793,director,335.0,116.42,39000.7
SPG,2022-12-30,2023-01-03,0001340262,director,179.0,116.42,20839.18
SPG,2023-03-31,2023-04-03,0001136550,director,551.0,109.33,60240.83
SPG,2023-03-31,2023-04-03,0001272064,director,163.0,109.33,17820.79
SPG,2023-03-31,2023-04-03,0001464273,director,353.0,109.33,38593.49
SPG,2023-03-31,2023-04-03,0001709407,director,176.0,109.33,19242.08
SPG,2023-03-31,2023-04-03,0001898688,director,33.0,109.33,3607.89
SPG,2023-03-31,2023-04-03,0001199045,director,210.0,109.33,22959.3
SPG,2023-03-31,2023-04-03,0001210982,director,506.0,109.33,55320.98
SPG,2023-03-31,2023-04-03,0001192086,director,409.0,109.33,44715.97
SPG,2023-03-31,2023-04-03,0001189793,director,362.0,109.33,39577.46
SPG,2023-03-31,2023-04-03,0001340262,director,194.0,109.33,21210.02
SPG,2023-03-31,2023-04-03,0001235751,director,690.0,109.33,75437.7
SPG,2023-06-30,2023-07-05,0001272064,director,188.0,116.16,21838.08
SPG,2023-06-30,2023-07-05,0001464273,director,373.0,116.16,43327.68
SPG,2023-06-30,2023-07-05,0001709407,director,200.0,116.16,23232.0
SPG,2023-06-30,2023-07-05,0001898688,director,57.0,116.16,6621.12
SPG,2023-06-30,2023-07-05,0001199045,director,231.0,116.16,26832.96
SPG,2023-06-30,2023-07-05,0001123485,director,28.0,116.16,3252.48
SPG,2023-06-30,2023-07-05,0001210982,director,526.0,116.16,61100.16
SPG,2023-06-30,2023-07-05,0001192086,director,429.0,116.16,49832.64
SPG,2023-06-30,2023-07-05,0001189793,director,387.0,116.16,44953.92
SPG,2023-06-30,2023-07-05,0001340262,director,217.0,116.16,25206.72
SPG,2023-09-29,2023-10-03,0001628779,officer,359.0,109.19,39199.21
SPG,2023-09-29,2023-10-03,0001210982,director,580.0,110.04,63823.2
SPG,2023-09-29,2023-10-03,0001272064,director,208.0,110.04,22888.32
SPG,2023-09-29,2023-10-03,0001464273,director,411.0,110.04,45226.44
SPG,2023-09-29,2023-10-03,0001709407,director,221.0,110.04,24318.84
SPG,2023-09-29,2023-10-03,0001898688,director,63.0,110.04,6932.52
SPG,2023-09-29,2023-10-03,0001199045,director,255.0,110.04,28060.2
SPG,2023-09-29,2023-10-03,0001123485,director,31.0,110.04,3411.24
SPG,2023-09-29,2023-10-03,0001192086,director,472.0,110.04,51938.88
SPG,2023-09-29,2023-10-03,0001189793,director,427.0,110.04,46987.08
SPG,2023-09-29,2023-10-03,0001340262,director,239.0,110.04,26299.56
SPG,2023-12-29,2024-01-02,0001210982,director,451.0,143.85,64876.35
SPG,2023-12-29,2024-01-02,0001272064,director,161.0,143.85,23159.85
SPG,2023-12-29,2024-01-02,0001464273,director,320.0,143.85,46032.0
SPG,2023-12-29,2024-01-02,0001709407,director,172.0,143.85,24742.2
SPG,2023-12-29,2024-01-02,0001898688,director,49.0,143.85,7048.65
SPG,2023-12-29,2024-01-02,0001199045,director,199.0,143.85,28626.15
SPG,2023-12-29,2024-01-02,0001123485,director,24.0,143.85,3452.4
SPG,2023-12-29,2024-01-02,0001192086,director,367.0,143.85,52792.95
SPG,2023-12-29,2024-01-02,0001189793,director,332.0,143.85,47758.2
SPG,2023-12-29,2024-01-02,0001340262,director,186.0,143.85,26756.1
SPG,2024-04-01,2024-04-02,0001272064,director,156.0,154.19,24053.64
SPG,2024-04-01,2024-04-02,0001464273,director,310.0,154.19,47798.9
SPG,2024-04-01,2024-04-02,0001709407,director,166.0,154.19,25595.54
SPG,2024-04-01,2024-04-02,0001898688,director,48.0,154.19,7401.12
SPG,2024-04-01,2024-04-02,0001199045,director,192.0,154.19,29604.48
SPG,2024-04-01,2024-04-02,0001123485,director,24.0,154.19,3700.56
SPG,2024-04-01,2024-04-02,0001210982,director,438.0,154.19,67535.22
SPG,2024-04-01,2024-04-02,0002007895,director,5.0,154.19,770.95
SPG,2024-04-01,2024-04-02,0001192086,director,357.0,154.19,55045.83
SPG,2024-04-01,2024-04-02,0001189793,director,321.0,154.19,49494.99
SPG,2024-04-01,2024-04-02,0001340262,director,181.0,154.19,27908.39
SPG,2024-06-28,2024-07-02,0001210982,director,486.0,150.17,72982.62
SPG,2024-06-28,2024-07-02,0001272064,director,184.0,150.17,27631.28
SPG,2024-06-28,2024-07-02,0001709407,director,195.0,150.17,29283.15
SPG,2024-06-28,2024-07-02,0001464273,director,348.0,150.17,52259.16
SPG,2024-06-28,2024-07-02,0001898688,director,67.0,150.17,10061.39
SPG,2024-06-28,2024-07-02,0001199045,director,223.0,150.17,33487.91
SPG,2024-06-28,2024-07-02,0001123485,director,42.0,150.17,6307.14
SPG,2024-06-28,2024-07-02,0001192086,director,397.0,150.17,59617.49
SPG,2024-06-28,2024-07-02,0001189793,director,363.0,150.17,54511.71
SPG,2024-06-28,2024-07-02,0001340262,director,210.0,150.17,31535.7
SPG,2024-06-28,2024-07-02,0002007895,director,22.0,150.17,3303.74
SPG,2024-09-30,2024-10-01,0001192086,director,370.0,167.3,61901.0
SPG,2024-09-30,2024-10-01,0001272064,director,172.0,167.3,28775.6
SPG,2024-09-30,2024-10-01,0001210982,director,453.0,167.3,75786.9
SPG,2024-09-30,2024-10-01,0001464273,director,325.0,167.3,54372.5
SPG,2024-09-30,2024-10-01,0001709407,director,182.0,167.3,30448.6
SPG,2024-09-30,2024-10-01,0001898688,director,63.0,167.3,10539.9
SPG,2024-09-30,2024-10-01,0001199045,director,207.0,167.3,34631.1
SPG,2024-09-30,2024-10-01,0001123485,director,39.0,167.3,6524.7
SPG,2024-09-30,2024-10-01,0002007895,director,20.0,167.3,3346.0
SPG,2024-09-30,2024-10-01,0001189793,director,338.0,167.3,56547.4
SPG,2024-09-30,2024-10-01,0001340262,director,196.0,167.3,32790.8
SPG,2024-12-30,2025-01-02,0001272064,director,177.0,168.59,29840.43
SPG,2024-12-30,2025-01-02,0001464273,director,334.0,168.59,56309.06
SPG,2024-12-30,2025-01-02,0001709407,director,187.0,168.59,31526.33
SPG,2024-12-30,2025-01-02,0001898688,director,65.0,168.59,10958.35
SPG,2024-12-30,2025-01-02,0001199045,director,213.0,168.59,35909.67
SPG,2024-12-30,2025-01-02,0001123485,director,40.0,168.59,6743.6
SPG,2024-12-30,2025-01-02,0001210982,director,465.0,168.59,78394.35
SPG,2024-12-30,2025-01-02,0002007895,director,21.0,168.59,3540.39
SPG,2024-12-30,2025-01-02,0001192086,director,381.0,168.59,64232.79
SPG,2024-12-30,2025-01-02,0001189793,director,349.0,168.59,58837.91
SPG,2024-12-30,2025-01-02,0001340262,director,202.0,168.59,34055.18
SPG,2025-03-31,2025-04-02,0002007895,director,22.0,164.8,3625.6
SPG,2025-03-31,2025-04-02,0001123485,director,42.0,164.8,6921.6
SPG,2025-03-31,2025-04-02,0001898688,director,67.0,164.8,11041.6
SPG,2025-03-31,2025-04-02,0001272064,director,184.0,164.8,30323.2
SPG,2025-03-31,2025-04-02,0001464273,director,346.0,164.8,57020.8
SPG,2025-03-31,2025-04-02,0001709407,director,194.0,164.8,31971.2
SPG,2025-03-31,2025-04-02,0001199045,director,220.0,164.8,36256.0
SPG,2025-03-31,2025-04-02,0001210982,director,482.0,164.8,79433.6
SPG,2025-03-31,2025-04-02,0001192086,director,395.0,164.8,65096.0
SPG,2025-03-31,2025-04-02,0001189793,director,361.0,164.8,59492.8
SPG,2025-03-31,2025-04-02,0001340262,director,209.0,164.8,34443.2
SPG,2025-06-30,2025-07-01,0001272064,director,208.0,159.29,33132.32
SPG,2025-06-30,2025-07-01,0001464273,director,378.0,159.29,60211.62
SPG,2025-06-30,2025-07-01,0001709407,director,219.0,159.29,34884.51
SPG,2025-06-30,2025-07-01,0001898688,director,86.0,159.29,13698.94
SPG,2025-06-30,2025-07-01,0001199045,director,246.0,159.29,39185.34
SPG,2025-06-30,2025-07-01,0001123485,director,59.0,159.29,9398.11
SPG,2025-06-30,2025-07-01,0001210982,director,522.0,159.29,83149.38
SPG,2025-06-30,2025-07-01,0002007895,director,38.0,159.29,6053.02
SPG,2025-06-30,2025-07-01,0001189793,director,396.0,159.29,63078.84
SPG,2025-06-30,2025-07-01,0001340262,director,234.0,159.29,37273.86
SPG,2025-08-14,2025-08-15,0001272064,director,42.0,171.54,7204.68
SPG,2025-09-30,2025-10-01,0001272064,director,186.0,185.95,34586.7
SPG,2025-09-30,2025-10-01,0001898688,director,76.0,185.95,14132.2
SPG,2025-09-30,2025-10-01,0001210982,director,464.0,185.95,86280.8
SPG,2025-09-30,2025-10-01,0001464273,director,335.0,185.95,62293.25
SPG,2025-09-30,2025-10-01,0001709407,director,195.0,185.95,36260.25
SPG,2025-09-30,2025-10-01,0001199045,director,219.0,185.95,40723.05
SPG,2025-09-30,2025-10-01,0001123485,director,53.0,185.95,9855.35
SPG,2025-09-30,2025-10-01,0002007895,director,34.0,185.95,6322.3
SPG,2025-09-30,2025-10-01,0001189793,director,351.0,185.95,65268.45
SPG,2025-09-30,2025-10-01,0001340262,director,208.0,185.95,38677.6
SPG,2025-11-18,2025-11-18,0001123485,director,588.0,180.8,106310.4
SPG,2025-12-15,2025-12-16,0001123485,director,545.0,183.96,100258.2
SPG,2025-12-31,2026-01-05,0001272064,director,192.0,186.0,35712.0
SPG,2025-12-31,2026-01-05,0001464273,director,347.0,186.0,64542.0
SPG,2025-12-31,2026-01-05,0001709407,director,201.0,186.0,37386.0
SPG,2025-12-31,2026-01-05,0001898688,director,78.0,186.0,14508.0
SPG,2025-12-31,2026-01-05,0001199045,director,226.0,186.0,42036.0
SPG,2025-12-31,2026-01-05,0001123485,director,54.0,186.0,10044.0
SPG,2025-12-31,2026-01-05,0001210982,director,480.0,186.0,89280.0
SPG,2025-12-31,2026-01-05,0002007895,director,35.0,186.0,6510.0
SPG,2025-12-31,2026-01-05,0001189793,director,363.0,186.0,67518.0
SPG,2025-12-31,2026-01-05,0001340262,director,216.0,186.0,40176.0
SPGI,2017-01-23,2017-01-25,0001423154,director,400.0,115.9,46360.0
SPGI,2017-03-15,2017-03-16,0001696020,director,400.0,130.85,52340.0
SPGI,2017-04-03,2024-06-17,0001623506,director,69.0,130.01,8970.69
SPGI,2017-05-30,2017-06-01,0001700756,director,400.0,140.09,56036.0
SPGI,2025-09-10,2026-01-15,0002082132,officer,10.94,544.3,5954.64
SPGI,2025-12-10,2026-01-15,0002082132,officer,12.09,493.4,5965.21
SPGI,2026-02-11,2026-02-12,0001467638,director,2301.0,398.94,917960.94
SPGI,2026-02-11,2026-02-12,0001467638,director,199.0,399.49,79498.51
STT,2015-07-27,2015-07-29,0001444295,director,500.0,73.95,36975.0
STT,2018-10-23,2018-10-25,0001444295,director,500.0,68.62,34310.0
STT,2018-10-24,2018-10-25,0001676784,officer,740.0,67.6,50024.0
STT,2019-05-07,2019-05-09,0001143422,director,3000.0,64.5,193500.0
STT,2019-07-22,2019-07-24,0001444295,director,500.0,58.85,29425.0
STT,2019-07-30,2019-08-01,0001444295,director,500.0,58.75,29375.0
STT,2019-08-01,2019-08-01,0001444295,director,500.0,57.75,28875.0
STT,2019-08-01,2019-08-01,0001444295,director,500.0,56.75,28375.0
STT,2019-08-02,2019-08-05,0001444295,director,500.0,54.88,27440.0
STT,2019-08-05,2019-08-05,0001444295,director,500.0,53.75,26875.0
STT,2019-08-15,2019-08-19,0001444295,director,500.0,49.24,24620.0
STT,2019-08-29,2019-09-03,0001180495,officer_director,7000.0,50.43,353010.0
STT,2023-03-08,2024-11-19,0001566391,director,10.0,86.59,865.9
STT,2024-01-24,2024-11-19,0001566391,director,5.0,74.62,373.1
STT,2024-01-24,2024-11-19,0001566391,director,5.0,74.62,373.1
STT,2024-03-18,2024-11-19,0001566391,director,10.0,72.49,724.9
STT,2024-03-18,2024-11-19,0001566391,director,25.0,72.49,1812.25
STT,2024-03-19,2024-11-19,0001566391,director,10.0,72.62,726.2
STT,2024-05-17,2024-11-19,0001566391,director,10.0,78.01,780.1
STT,2024-05-17,2024-11-19,0001566391,director,10.0,78.01,780.1
STT,2024-06-14,2024-11-19,0001566391,director,25.0,70.91,1772.75
STT,2024-06-17,2024-11-19,0001566391,director,10.0,71.71,717.1
STT,2024-06-17,2024-11-19,0001566391,director,10.0,71.71,717.1
STT,2024-10-14,2024-11-19,0001566391,director,10.0,90.88,908.8
STT,2026-03-05,2026-03-09,0002085660,director,2500.0,124.99,312475.0
STX,2016-02-02,2016-02-02,0001336507,officer,5000.0,29.1,145500.0
STX,2016-02-02,2016-02-02,0001248260,officer_director,25000.0,28.36,709000.0
STX,2016-02-02,2016-02-02,0001248260,officer_director,175000.0,30.43,5325250.0
STX,2016-05-03,2016-05-03,0001248260,officer_director,200000.0,20.08,4016000.0
STX,2017-08-01,2017-08-03,0001336507,officer,1000.0,33.34,33340.0
STX,2017-10-27,2017-10-31,0001720273,officer,5000.0,37.38,186900.0
STX,2018-07-31,2018-08-02,0001351069,director,500000.0,52.65,26325000.0
STX,2018-07-31,2018-08-02,0001418813,director,500000.0,52.65,26325000.0
STX,2018-07-31,2018-08-02,0001351073,director,500000.0,52.65,26325000.0
STX,2018-07-31,2018-08-02,0001464912,director,500000.0,52.65,26325000.0
STX,2018-07-31,2018-08-02,0001418812,director,500000.0,52.65,26325000.0
STX,2018-07-31,2018-08-02,0001418814,director,500000.0,52.65,26325000.0
STX,2018-08-01,2018-08-02,0001351069,director,321000.0,52.94,16993740.0
STX,2018-08-01,2018-08-02,0001418813,director,321000.0,52.94,16993740.0
STX,2018-08-01,2018-08-02,0001351073,director,321000.0,52.94,16993740.0
STX,2018-08-01,2018-08-02,0001464912,director,321000.0,52.94,16993740.0
STX,2018-08-01,2018-08-02,0001418812,director,321000.0,52.94,16993740.0
STX,2018-08-01,2018-08-02,0001418814,director,321000.0,52.94,16993740.0
STX,2018-08-02,2018-08-02,0001351069,director,125000.0,52.87,6608750.0
STX,2018-08-02,2018-08-02,0001418813,director,125000.0,52.87,6608750.0
STX,2018-08-02,2018-08-02,0001351073,director,125000.0,52.87,6608750.0
STX,2018-08-02,2018-08-02,0001464912,director,125000.0,52.87,6608750.0
STX,2018-08-02,2018-08-02,0001418812,director,125000.0,52.87,6608750.0
STX,2018-08-02,2018-08-02,0001418814,director,125000.0,52.87,6608750.0
STX,2018-08-09,2018-08-13,0001418812,director,581291.0,51.36,29855105.76
STX,2018-08-09,2018-08-13,0001418813,director,581291.0,51.36,29855105.76
STX,2018-08-09,2018-08-13,0001351069,director,581291.0,51.36,29855105.76
STX,2018-08-09,2018-08-13,0001351073,director,581291.0,51.36,29855105.76
STX,2018-08-09,2018-08-13,0001418814,director,581291.0,51.36,29855105.76
STX,2018-08-09,2018-08-13,0001464912,director,581291.0,51.36,29855105.76
STX,2018-08-10,2018-08-13,0001418812,director,1000000.0,50.61,50610000.0
STX,2018-08-10,2018-08-13,0001418813,director,1000000.0,50.61,50610000.0
STX,2018-08-10,2018-08-13,0001351069,director,1000000.0,50.61,50610000.0
STX,2018-08-10,2018-08-13,0001351073,director,1000000.0,50.61,50610000.0
STX,2018-08-10,2018-08-13,0001418814,director,1000000.0,50.61,50610000.0
STX,2018-08-10,2018-08-13,0001464912,director,1000000.0,50.61,50610000.0
STX,2018-08-13,2018-08-13,0001418812,director,509492.0,51.11,26040136.12
STX,2018-08-13,2018-08-13,0001418813,director,509492.0,51.11,26040136.12
STX,2018-08-13,2018-08-13,0001351069,director,509492.0,51.11,26040136.12
STX,2018-08-13,2018-08-13,0001351073,director,509492.0,51.11,26040136.12
STX,2018-08-13,2018-08-13,0001418814,director,509492.0,51.11,26040136.12
STX,2018-08-13,2018-08-13,0001464912,director,509492.0,51.11,26040136.12
STX,2018-08-14,2018-08-16,0001464912,director,250000.0,52.78,13195000.0
STX,2018-08-14,2018-08-16,0001351073,director,250000.0,52.78,13195000.0
STX,2018-08-14,2018-08-16,0001418813,director,250000.0,52.78,13195000.0
STX,2018-08-14,2018-08-16,0001351069,director,250000.0,52.78,13195000.0
STX,2018-08-14,2018-08-16,0001418812,director,250000.0,52.78,13195000.0
STX,2018-08-14,2018-08-16,0001418814,director,250000.0,52.78,13195000.0
STX,2018-08-15,2018-08-16,0001464912,director,500000.0,52.78,26390000.0
STX,2018-08-15,2018-08-16,0001351073,director,500000.0,52.78,26390000.0
STX,2018-08-15,2018-08-16,0001418813,director,500000.0,52.78,26390000.0
STX,2018-08-15,2018-08-16,0001351069,director,500000.0,52.78,26390000.0
STX,2018-08-15,2018-08-16,0001418812,director,500000.0,52.78,26390000.0
STX,2018-08-15,2018-08-16,0001418814,director,500000.0,52.78,26390000.0
STX,2018-08-16,2018-08-16,0001464912,director,181882.0,53.0,9639746.0
STX,2018-08-16,2018-08-16,0001351073,director,181882.0,53.0,9639746.0
STX,2018-08-16,2018-08-16,0001418813,director,181882.0,53.0,9639746.0
STX,2018-08-16,2018-08-16,0001351069,director,181882.0,53.0,9639746.0
STX,2018-08-16,2018-08-16,0001418812,director,181882.0,53.0,9639746.0
STX,2018-08-16,2018-08-16,0001418814,director,181882.0,53.0,9639746.0
STX,2018-08-17,2018-08-21,0001464912,director,23200.0,52.95,1228440.0
STX,2018-08-17,2018-08-21,0001418812,director,23200.0,52.95,1228440.0
STX,2018-08-17,2018-08-21,0001351073,director,23200.0,52.95,1228440.0
STX,2018-08-17,2018-08-21,0001418813,director,23200.0,52.95,1228440.0
STX,2018-08-17,2018-08-21,0001351069,director,23200.0,52.95,1228440.0
STX,2018-08-17,2018-08-21,0001418814,director,23200.0,52.95,1228440.0
STX,2018-11-20,2018-11-23,0001351069,director,365671.0,41.84,15299674.64
STX,2018-11-20,2018-11-23,0001464912,director,365671.0,41.84,15299674.64
STX,2018-11-20,2018-11-23,0001418813,director,365671.0,41.84,15299674.64
STX,2018-11-20,2018-11-23,0001418814,director,365671.0,41.84,15299674.64
STX,2018-11-20,2018-11-23,0001351073,director,365671.0,41.84,15299674.64
STX,2018-11-20,2018-11-23,0001418812,director,365671.0,41.84,15299674.64
STX,2018-11-23,2018-11-23,0001351069,director,5415.0,41.99,227375.85
STX,2018-11-23,2018-11-23,0001464912,director,5415.0,41.99,227375.85
STX,2018-11-23,2018-11-23,0001418813,director,5415.0,41.99,227375.85
STX,2018-11-23,2018-11-23,0001418814,director,5415.0,41.99,227375.85
STX,2018-11-23,2018-11-23,0001351073,director,5415.0,41.99,227375.85
STX,2018-11-23,2018-11-23,0001418812,director,5415.0,41.99,227375.85
STX,2018-11-28,2018-11-30,0001351069,director,32512.0,41.99,1365178.88
STX,2018-11-28,2018-11-30,0001418812,director,32512.0,41.99,1365178.88
STX,2018-11-28,2018-11-30,0001418814,director,32512.0,41.99,1365178.88
STX,2018-11-28,2018-11-30,0001351073,director,32512.0,41.99,1365178.88
STX,2018-11-28,2018-11-30,0001418813,director,32512.0,41.99,1365178.88
STX,2018-11-28,2018-11-30,0001464912,director,32512.0,41.99,1365178.88
STX,2018-11-30,2018-11-30,0001351069,director,91615.0,41.94,3842333.1
STX,2018-11-30,2018-11-30,0001418812,director,91615.0,41.94,3842333.1
STX,2018-11-30,2018-11-30,0001418814,director,91615.0,41.94,3842333.1
STX,2018-11-30,2018-11-30,0001351073,director,91615.0,41.94,3842333.1
STX,2018-11-30,2018-11-30,0001418813,director,91615.0,41.94,3842333.1
STX,2018-11-30,2018-11-30,0001464912,director,91615.0,41.94,3842333.1
STX,2018-12-06,2018-12-10,0001418812,director,128869.0,40.97,5279762.93
STX,2018-12-06,2018-12-10,0001418813,director,128869.0,40.97,5279762.93
STX,2018-12-06,2018-12-10,0001351069,director,128869.0,40.97,5279762.93
STX,2018-12-06,2018-12-10,0001418814,director,128869.0,40.97,5279762.93
STX,2018-12-06,2018-12-10,0001351073,director,128869.0,40.97,5279762.93
STX,2018-12-06,2018-12-10,0001464912,director,128869.0,40.97,5279762.93
STX,2018-12-07,2018-12-10,0001418812,director,271131.0,40.44,10964537.64
STX,2018-12-07,2018-12-10,0001418813,director,271131.0,40.44,10964537.64
STX,2018-12-07,2018-12-10,0001351069,director,271131.0,40.44,10964537.64
STX,2018-12-07,2018-12-10,0001418814,director,271131.0,40.44,10964537.64
STX,2018-12-07,2018-12-10,0001351073,director,271131.0,40.44,10964537.64
STX,2018-12-07,2018-12-10,0001464912,director,271131.0,40.44,10964537.64
STX,2019-02-06,2019-02-08,0001351073,director,750000.0,45.68,34260000.0
STX,2019-02-06,2019-02-08,0001418812,director,750000.0,45.68,34260000.0
STX,2019-02-06,2019-02-08,0001464912,director,750000.0,45.68,34260000.0
STX,2019-02-06,2019-02-08,0001351069,director,750000.0,45.68,34260000.0
STX,2019-02-06,2019-02-08,0001418813,director,750000.0,45.68,34260000.0
STX,2019-02-06,2019-02-08,0001763309,director,750000.0,45.68,34260000.0
STX,2019-02-06,2019-02-08,0001418814,director,750000.0,45.68,34260000.0
STX,2019-02-06,2019-02-08,0001759805,director,750000.0,45.68,34260000.0
STX,2019-02-07,2019-02-08,0001351073,director,750000.0,44.42,33315000.0
STX,2019-02-07,2019-02-08,0001418812,director,750000.0,44.42,33315000.0
STX,2019-02-07,2019-02-08,0001464912,director,750000.0,44.42,33315000.0
STX,2019-02-07,2019-02-08,0001351069,director,750000.0,44.42,33315000.0
STX,2019-02-07,2019-02-08,0001418813,director,750000.0,44.42,33315000.0
STX,2019-02-07,2019-02-08,0001763309,director,750000.0,44.42,33315000.0
STX,2019-02-07,2019-02-08,0001418814,director,750000.0,44.42,33315000.0
STX,2019-02-07,2019-02-08,0001759805,director,750000.0,44.42,33315000.0
STX,2019-02-08,2019-02-08,0001351073,director,725000.0,44.6,32335000.0
STX,2019-02-08,2019-02-08,0001418812,director,725000.0,44.6,32335000.0
STX,2019-02-08,2019-02-08,0001464912,director,725000.0,44.6,32335000.0
STX,2019-02-08,2019-02-08,0001351069,director,725000.0,44.6,32335000.0
STX,2019-02-08,2019-02-08,0001418813,director,725000.0,44.6,32335000.0
STX,2019-02-08,2019-02-08,0001763309,director,725000.0,44.6,32335000.0
STX,2019-02-08,2019-02-08,0001418814,director,725000.0,44.6,32335000.0
STX,2019-02-08,2019-02-08,0001759805,director,725000.0,44.6,32335000.0
STX,2021-07-08,2021-11-09,0001845312,officer,121.91,87.73,10695.16
STX,2021-10-07,2021-11-09,0001845312,officer,200.81,81.28,16321.84
STZ,2017-01-13,2017-01-18,0001245573,officer,376.0,148.62,55881.12
STZ,2017-01-13,2017-01-18,0001245573,officer,376.0,148.63,55884.88
STZ,2025-01-17,2025-01-21,0001199820,director,1000.0,186.39,186390.0
STZ,2025-07-07,2025-07-09,0001306296,director,1000.0,171.27,171270.0
STZ,2025-07-08,2025-07-09,0001306296,director,1000.0,169.62,169620.0
SWK,2016-05-10,2016-05-10,0001672184,director,450.0,112.18,50481.0
SWK,2016-10-28,2016-10-28,0001672184,director,450.0,114.54,51543.0
SWK,2018-04-27,2018-04-27,0001672184,director,350.0,143.28,50148.0
SWK,2018-10-29,2018-10-30,0001672184,director,907.0,112.93,102427.51
SWK,2022-08-02,2022-08-04,0001420673,director,15500.0,95.69,1483195.0
SWK,2022-09-08,2022-09-12,1115715,director,30000.0,85.5,2565000.0
SYK,2016-07-29,2016-08-03,0001494947,director,46.0,115.39,5307.94
SYK,2016-10-31,2016-11-02,0001494947,director,47.0,113.65,5341.55
SYK,2017-01-31,2017-02-02,0001494947,director,41.0,123.12,5047.92
SYK,2017-01-31,2018-02-05,0001494947,director,43.0,164.94,7092.42
SYK,2017-04-28,2017-05-01,0001494947,director,46.0,135.66,6240.36
SYK,2017-08-01,2017-08-03,0001494947,director,43.0,144.93,6231.99
SYK,2017-10-31,2017-11-02,0001494947,director,41.0,155.94,6393.54
SYK,2018-04-30,2018-05-02,0001494947,director,43.0,171.27,7364.61
SYK,2018-07-31,2018-08-02,0001494947,director,44.0,165.32,7274.08
SYK,2018-10-31,2018-11-02,0001494947,director,45.0,163.39,7352.55
SYK,2019-01-31,2019-02-04,0001494947,director,46.0,177.26,8153.96
SYK,2019-04-30,2019-05-02,0001494947,director,43.0,188.77,8117.11
SYK,2019-07-31,2019-08-01,0001494947,director,41.0,212.84,8726.44
SYK,2019-10-31,2019-11-01,0001494947,director,40.0,216.77,8670.8
SYK,2020-01-31,2020-02-04,0001494947,director,45.0,216.67,9750.15
SYK,2020-04-30,2020-05-04,0001494947,director,51.0,190.09,9694.59
SYK,2020-07-31,2020-08-03,0001494947,director,53.0,191.94,10172.82
SYY,2015-12-04,2015-12-08,0001345471,director,1200.0,40.75,48900.0
SYY,2015-12-04,2015-12-08,0001422599,director,1200.0,40.75,48900.0
SYY,2015-12-04,2015-12-08,0001345471,director,1200.0,40.75,48900.0
SYY,2015-12-04,2015-12-08,0000928265,director,1200.0,40.75,48900.0
SYY,2015-12-08,2015-12-10,0001345471,director,414221.0,40.9,16941638.9
SYY,2015-12-08,2015-12-10,0000928265,director,414221.0,40.9,16941638.9
SYY,2015-12-08,2015-12-10,0001422599,director,414221.0,40.9,16941638.9
SYY,2015-12-08,2015-12-10,0001345471,director,414221.0,40.9,16941638.9
SYY,2015-12-10,2015-12-10,0001345471,director,199000.0,41.11,8180890.0
SYY,2015-12-10,2015-12-10,0000928265,director,199000.0,41.11,8180890.0
SYY,2015-12-10,2015-12-10,0001422599,director,199000.0,41.11,8180890.0
SYY,2015-12-10,2015-12-10,0001345471,director,199000.0,41.11,8180890.0
SYY,2016-06-10,2016-06-14,0001086247,director,4100.0,48.76,199916.0
SYY,2016-06-13,2016-06-14,0001086247,director,2100.0,48.39,101619.0
SYY,2017-03-31,2017-04-04,0001415303,director,2500.0,51.94,129850.0
SYY,2017-09-15,2017-09-19,0001422599,director,445000.0,53.55,23829750.0
SYY,2017-09-15,2017-09-19,0001345471,director,445000.0,53.55,23829750.0
SYY,2017-09-15,2017-09-19,0001345471,director,445000.0,53.55,23829750.0
SYY,2017-09-15,2017-09-19,0000928265,director,445000.0,53.55,23829750.0
SYY,2017-09-18,2017-09-19,0001422599,director,69632.0,53.9,3753164.8
SYY,2017-09-18,2017-09-19,0001345471,director,69632.0,53.9,3753164.8
SYY,2017-09-18,2017-09-19,0001422599,director,341500.0,53.77,18362455.0
SYY,2017-09-18,2017-09-19,0001345471,director,341500.0,53.77,18362455.0
SYY,2017-09-18,2017-09-19,0001345471,director,69632.0,53.9,3753164.8
SYY,2017-09-18,2017-09-19,0000928265,director,69632.0,53.9,3753164.8
SYY,2017-09-18,2017-09-19,0001345471,director,341500.0,53.77,18362455.0
SYY,2017-09-18,2017-09-19,0000928265,director,341500.0,53.77,18362455.0
SYY,2017-09-19,2017-09-19,0001422599,director,33429.0,54.06,1807171.74
SYY,2017-09-19,2017-09-19,0001345471,director,33429.0,54.06,1807171.74
SYY,2017-09-19,2017-09-19,0001345471,director,33429.0,54.06,1807171.74
SYY,2017-09-19,2017-09-19,0000928265,director,33429.0,54.06,1807171.74
SYY,2020-05-15,2020-05-19,0001345471,director,48778.0,47.64,2323783.92
SYY,2020-05-15,2020-05-19,0001422599,director,48778.0,47.64,2323783.92
SYY,2020-05-15,2020-05-19,0001345471,director,551222.0,47.4,26127922.8
SYY,2020-05-15,2020-05-19,0001422599,director,551222.0,47.4,26127922.8
SYY,2020-05-15,2020-05-19,0001345471,director,551222.0,47.4,26127922.8
SYY,2020-05-15,2020-05-19,0000928265,director,551222.0,47.4,26127922.8
SYY,2020-05-15,2020-05-19,0001345471,director,48778.0,47.64,2323783.92
SYY,2020-05-15,2020-05-19,0000928265,director,48778.0,47.64,2323783.92
SYY,2020-05-18,2020-05-19,0001345471,director,8609.0,50.64,435959.76
SYY,2020-05-18,2020-05-19,0001422599,director,8609.0,50.64,435959.76
SYY,2020-05-18,2020-05-19,0001345471,director,95091.0,51.9,4935222.9
SYY,2020-05-18,2020-05-19,0001422599,director,95091.0,51.9,4935222.9
SYY,2020-05-18,2020-05-19,0001345471,director,95091.0,51.9,4935222.9
SYY,2020-05-18,2020-05-19,0000928265,director,95091.0,51.9,4935222.9
SYY,2020-05-18,2020-05-19,0001345471,director,8609.0,50.64,435959.76
SYY,2020-05-18,2020-05-19,0000928265,director,8609.0,50.64,435959.76
SYY,2022-06-21,2022-06-22,0001741576,officer,1000.0,80.09,80090.0
T,2015-02-06,2015-02-09,0001018657,director,6000.0,34.98,209880.0
T,2015-08-03,2015-08-04,0001217178,director,10000.0,34.65,346500.0
T,2015-08-06,2016-05-05,0001200246,director,21950.0,34.15,749592.5
T,2015-08-24,2015-08-25,0001018657,director,6495.0,32.93,213880.35
T,2015-08-24,2015-08-25,0001018657,director,3505.0,32.92,115384.6
T,2016-10-25,2016-10-27,0001201592,director,1544.0,36.92,57004.48
T,2016-10-25,2016-10-27,0001201592,director,13300.0,36.91,490903.0
T,2016-10-25,2016-10-27,0001201592,director,100.0,36.9,3690.0
T,2016-10-25,2016-10-27,0001201592,director,9485.0,36.9,349996.5
T,2016-10-25,2016-10-27,0001201592,director,2700.0,36.89,99603.0
T,2017-04-26,2017-11-15,0001201592,director,900.0,40.39,36351.0
T,2017-04-26,2017-11-15,0001201592,director,7000.0,40.4,282800.0
T,2017-04-26,2017-11-15,0001201592,director,1900.0,40.4,76760.0
T,2017-04-26,2017-11-15,0001201592,director,1700.0,40.41,68697.0
T,2017-04-26,2017-11-15,0001201592,director,1900.0,40.41,76779.0
T,2017-04-26,2017-11-15,0001201592,director,298.0,40.42,12045.16
T,2017-04-26,2017-11-15,0001201592,director,4100.0,40.43,165763.0
T,2017-04-26,2017-11-15,0001201592,director,10100.0,40.44,408444.0
T,2017-04-26,2017-11-15,0001201592,director,1200.0,40.45,48540.0
T,2017-04-26,2017-11-15,0001201592,director,8039.0,40.45,325177.55
T,2017-07-27,2017-11-15,0001201592,director,100.0,39.29,3929.0
T,2017-07-27,2017-11-15,0001201592,director,500.0,39.27,19635.0
T,2017-07-27,2017-11-15,0001201592,director,400.0,39.3,15720.0
T,2017-07-27,2017-11-15,0001201592,director,494.0,39.3,19414.2
T,2017-07-27,2017-11-15,0001201592,director,4900.0,39.24,192276.0
T,2017-07-27,2017-11-15,0001201592,director,1471.0,39.22,57692.62
T,2017-07-27,2017-11-15,0001201592,director,5906.0,39.23,231692.38
T,2017-07-27,2017-11-15,0001201592,director,200.0,39.24,7848.0
T,2017-07-27,2017-11-15,0001201592,director,2900.0,39.25,113825.0
T,2017-07-27,2017-11-15,0001201592,director,1200.0,39.25,47100.0
T,2017-07-27,2017-11-15,0001201592,director,500.0,39.23,19615.0
T,2017-07-27,2017-11-15,0001201592,director,900.0,39.26,35334.0
T,2017-07-27,2017-11-15,0001201592,director,4000.0,39.26,157040.0
T,2017-07-27,2017-11-15,0001201592,director,100.0,39.27,3927.0
T,2017-07-27,2017-11-15,0001201592,director,1900.0,39.29,74651.0
T,2017-10-25,2017-11-15,0001201592,director,2522.0,33.49,84461.78
T,2017-10-25,2017-11-15,0001201592,director,600.0,33.49,20094.0
T,2017-10-25,2017-11-15,0001201592,director,600.0,33.49,20094.0
T,2017-10-25,2017-11-15,0001201592,director,5978.0,33.49,200203.22
T,2017-10-25,2017-11-15,0001201592,director,1000.0,33.5,33500.0
T,2017-10-25,2017-11-15,0001201592,director,500.0,33.51,16755.0
T,2017-10-25,2017-11-15,0001201592,director,200.0,33.48,6696.0
T,2017-10-25,2017-11-15,0001201592,director,3900.0,33.52,130728.0
T,2017-10-25,2017-11-15,0001201592,director,2087.0,33.53,69977.11
T,2017-10-25,2017-11-15,0001201592,director,9515.0,33.54,319133.1
T,2017-10-25,2017-11-15,0001201592,director,400.0,33.55,13420.0
T,2017-10-25,2017-11-15,0001201592,director,200.0,33.55,6710.0
T,2017-10-25,2017-11-15,0001201592,director,2313.0,33.51,77508.63
T,2017-10-25,2017-10-26,0001200246,director,16500.0,33.75,556875.0
T,2017-10-25,2017-10-26,0001200246,director,12900.0,33.74,435246.0
T,2017-10-25,2017-10-26,0001200246,director,100.0,33.74,3374.0
T,2017-10-25,2017-10-26,0001200246,director,100.0,33.73,3373.0
T,2018-02-05,2018-02-06,0001287510,director,2600.0,38.1,99060.0
T,2018-02-09,2018-02-12,0001353825,officer,605.0,36.2,21901.0
T,2018-02-09,2018-02-12,0001353825,officer,365.0,36.2,13213.0
T,2018-02-09,2018-02-12,0001353825,officer,27027.0,35.66,963782.82
T,2018-07-25,2018-07-27,0001201592,director,41900.0,30.39,1273341.0
T,2018-07-25,2018-07-27,0001201592,director,90.0,30.4,2736.0
T,2018-07-25,2018-07-27,0001201592,director,500.0,30.4,15200.0
T,2018-07-25,2018-07-27,0001201592,director,6900.0,30.39,209691.0
T,2018-07-25,2018-07-27,0001217178,director,4000.0,30.67,122680.0
T,2018-07-25,2018-07-27,0001217178,director,2600.0,30.71,79846.0
T,2018-07-25,2018-07-27,0001217178,director,7000.0,30.73,215110.0
T,2018-07-25,2018-07-27,0001217178,director,100.0,30.67,3067.0
T,2018-07-25,2018-07-27,0001217178,director,2400.0,30.69,73656.0
T,2018-07-25,2018-07-27,0001018657,director,100.0,30.21,3021.0
T,2018-07-25,2018-07-27,0001018657,director,100.0,30.22,3022.0
T,2018-07-25,2018-07-27,0001018657,director,100.0,30.23,3023.0
T,2018-07-25,2018-07-27,0001018657,director,300.0,30.24,9072.0
T,2018-07-25,2018-07-27,0001018657,director,500.0,30.24,15120.0
T,2018-07-25,2018-07-27,0001018657,director,200.0,30.25,6050.0
T,2018-07-25,2018-07-27,0001018657,director,2000.0,30.25,60500.0
T,2018-07-25,2018-07-27,0001018657,director,100.0,30.26,3026.0
T,2018-07-25,2018-07-27,0001018657,director,100.0,30.28,3028.0
T,2018-07-25,2018-07-27,0001018657,director,100.0,30.29,3029.0
T,2018-07-25,2018-07-27,0001018657,director,200.0,30.29,6058.0
T,2018-07-25,2018-07-27,0001018657,director,100.0,30.3,3030.0
T,2018-07-25,2018-07-27,0001018657,director,100.0,30.31,3031.0
T,2018-07-25,2018-07-27,0001187377,director,15000.0,30.25,453750.0
T,2018-07-26,2018-07-30,0001201592,director,20867.0,30.48,636026.16
T,2018-07-26,2018-07-30,0001201592,director,11483.0,30.48,350001.84
T,2018-07-26,2018-07-27,0001200246,director,226.0,30.48,6888.48
T,2018-07-26,2018-07-27,0001200246,director,800.0,30.49,24392.0
T,2018-07-26,2018-07-27,0001200246,director,19174.0,30.5,584807.0
T,2018-07-26,2018-07-27,0001200246,director,19800.0,30.51,604098.0
T,2018-07-26,2018-07-27,0001200246,director,3000.0,30.53,91590.0
T,2018-07-26,2018-07-27,0001200246,director,8100.0,30.53,247293.0
T,2018-07-26,2018-07-27,0001200246,director,1300.0,30.49,39637.0
T,2018-07-26,2018-07-27,0001200246,director,4800.0,30.5,146400.0
T,2018-07-26,2018-07-27,0001200246,director,8300.0,30.52,253316.0
T,2018-07-27,2018-07-30,0001027038,director,12200.0,31.04,378688.0
T,2018-07-27,2018-07-30,0001027038,director,46218.0,31.04,1434606.72
T,2018-07-27,2018-07-30,0001027038,director,500.0,31.05,15525.0
T,2018-07-27,2018-07-30,0001027038,director,5411.0,31.05,168011.55
T,2018-07-27,2018-07-30,0001287510,director,7400.0,31.04,229696.0
T,2018-07-27,2018-07-30,0001057777,director,3200.0,31.19,99808.0
T,2018-08-08,2018-08-10,0001478420,director,4615.0,32.48,149895.2
T,2018-08-08,2018-08-10,0001478420,director,3075.0,32.49,99906.75
T,2018-10-26,2018-10-29,0001018657,director,4000.0,29.14,116560.0
T,2019-02-04,2019-02-06,0001201592,director,33558.0,29.79,999692.82
T,2019-02-05,2019-02-07,0001018657,director,7000.0,29.59,207130.0
T,2020-02-04,2020-02-05,0001248260,director,100000.0,37.6,3760000.0
T,2020-04-22,2020-04-23,0001248260,director,36000.0,29.38,1057680.0
T,2020-04-24,2020-04-27,0001201592,director,6754.0,29.39,198500.06
T,2020-07-23,2020-07-27,0001248260,director,100000.0,29.69,2969000.0
T,2021-05-18,2021-05-24,0001248260,director,100000.0,29.8,2980000.0
T,2021-05-19,2021-05-21,0001240292,officer_director,3114.0,28.81,89714.34
T,2021-05-19,2021-05-21,0001240292,officer_director,31500.0,28.81,907515.0
T,2021-05-19,2021-05-21,0001423061,officer,3036.0,29.06,88226.16
T,2021-05-19,2021-05-21,0001423061,officer,20.0,29.05,581.0
T,2021-05-20,2021-05-21,0001423061,officer,99.0,29.6,2930.4
T,2021-05-20,2021-05-21,0001423061,officer,16762.0,29.6,496155.2
T,2021-05-20,2021-05-21,0001423061,officer,59.0,29.59,1745.81
T,2021-11-08,2021-11-10,0001248260,director,100000.0,25.04,2504000.0
T,2023-11-13,2023-11-15,0001248260,director,62500.0,15.55,971875.0
TGT,2015-11-20,2015-11-23,0001213975,director,10000.0,71.1,711000.0
TGT,2016-05-20,2016-05-23,0001322028,officer,5000.0,67.82,339100.0
TGT,2017-03-01,2017-03-02,0001322028,officer,5000.0,58.95,294750.0
TGT,2017-03-02,2017-03-02,0001192870,officer,2000.0,58.2,116400.0
TGT,2017-03-06,2017-03-07,0001192870,officer,2000.0,57.0,114000.0
TGT,2017-03-09,2017-03-09,0001282198,director,10000.0,54.86,548600.0
TMUS,2020-06-26,2020-06-30,0001065266,director,350000.0,103.0,36050000.0
TMUS,2024-12-09,2025-01-03,0001981961,director,3807.65,235.72,897539.26
TMUS,2025-11-06,2025-11-10,0001780341,officer_director,9800.0,201.82,1977836.0
TRV,2015-04-24,2015-04-24,0001598593,director,2100.0,103.06,216426.0
TRV,2015-08-10,2015-08-11,0001598593,director,1900.0,105.83,201077.0
TRV,2015-10-28,2015-10-29,0001598593,director,1500.0,114.14,171210.0
TRV,2016-08-10,2016-08-11,0001598593,director,1700.0,117.95,200515.0
TRV,2016-11-09,2016-11-10,0001598593,director,2000.0,107.19,214380.0
TRV,2017-12-07,2018-02-05,0001204654,director,1120.0,134.21,150315.2
TRV,2018-02-12,2018-02-12,0001598593,director,1600.0,136.44,218304.0
TRV,2019-08-19,2019-08-19,0001598593,director,700.0,147.49,103243.0
TRV,2020-02-28,2020-03-02,0001598593,director,670.0,118.54,79421.8
TRV,2020-08-11,2020-08-12,0001598593,director,825.0,121.06,99874.5
TSN,2015-02-02,2015-02-03,0001457008,director,2250.0,38.96,87660.0
TSN,2017-02-13,2017-02-15,0001200996,director,350.0,65.27,22844.5
TSN,2017-08-11,2017-08-14,0001649956,director,309.0,64.99,20081.91
TSN,2017-08-14,2017-08-14,0001649956,director,2500.0,65.87,164675.0
TSN,2018-02-09,2018-02-12,0001630117,director,2700.0,74.83,202041.0
TSN,2018-12-06,2018-12-10,0001535486,director,6897.0,58.01,400094.97
TSN,2023-05-09,2023-05-10,0001961495,officer,2040.0,48.89,99735.6
TSN,2023-05-10,2023-05-10,0001963974,officer,500.0,48.18,24090.0
TSN,2023-05-10,2023-05-10,0001963974,officer,9362.0,48.18,451061.16
TSN,2023-05-10,2023-05-10,0001963974,officer,500.0,48.18,24090.0
TSN,2023-05-11,2023-05-12,0001415534,officer,10350.0,48.35,500422.5
TSN,2023-05-12,2023-05-16,0001200996,director,20500.0,48.92,1002860.0
TSN,2023-05-12,2023-05-12,0001628361,officer,5000.0,49.22,246100.0
TT,2020-08-07,2020-08-10,0001632791,director,1000.0,116.22,116220.0
TWX,2016-02-12,2016-02-16,0001185943,director,4825.0,62.19,300066.75
TWX,2017-06-15,2017-06-19,0001595087,officer,255.0,99.67,25415.85
TXN,2018-10-25,2018-10-29,0001319699,director,10900.0,91.7,999530.0
TXN,2021-01-28,2021-02-01,0001319699,director,5975.0,166.91,997287.25
TXN,2021-03-09,2023-05-01,0001751966,officer,21.0,169.82,3566.22
TXN,2021-03-10,2023-05-01,0001751966,officer,24.0,170.36,4088.64
TXN,2021-06-21,2023-05-01,0001751966,officer,12.0,185.85,2230.2
TXN,2021-06-22,2023-05-01,0001751966,officer,11.0,186.44,2050.84
TXN,2021-07-16,2023-05-01,0001751966,officer,22.0,187.8,4131.6
TXN,2021-07-19,2023-05-01,0001751966,officer,14.0,185.46,2596.44
TXN,2022-07-29,2023-05-01,0001751966,officer,6.0,177.54,1065.24
UAL,2016-03-10,2016-03-14,0001203069,director,900.0,57.55,51795.0
UAL,2016-04-21,2016-04-25,0001168692,director,1125000.0,53.03,59658750.0
UAL,2016-04-21,2016-04-25,0001051359,director,1125000.0,53.03,59658750.0
UAL,2016-04-21,2016-04-25,0001341061,director,1125000.0,53.03,59658750.0
UAL,2016-04-21,2016-04-25,0001066867,director,1125000.0,53.03,59658750.0
UAL,2016-04-22,2016-04-25,0001168692,director,780000.0,50.76,39592800.0
UAL,2016-04-22,2016-04-25,0001051359,director,780000.0,50.76,39592800.0
UAL,2016-04-22,2016-04-25,0001341061,director,780000.0,50.76,39592800.0
UAL,2016-04-22,2016-04-25,0001066867,director,780000.0,50.76,39592800.0
UAL,2016-04-22,2016-04-22,0001237371,officer_director,19800.0,50.53,1000494.0
UAL,2016-04-26,2016-04-27,0001593356,officer,2000.0,49.9,99800.0
UAL,2016-04-26,2016-04-27,0001203069,director,2000.0,49.9,99800.0
UAL,2016-04-26,2016-04-27,0001339903,director,1000.0,49.14,49140.0
UAL,2016-04-26,2016-04-27,0001330690,officer,2000.0,48.38,96760.0
UAL,2016-04-26,2016-04-27,0001466338,officer,5000.0,49.09,245450.0
UAL,2016-04-27,2016-04-27,0001201007,officer,5000.0,48.78,243900.0
UAL,2016-04-27,2016-04-27,0001292272,director,10000.0,49.23,492300.0
UAL,2016-04-28,2016-04-29,0001296796,officer,2500.0,48.77,121925.0
UAL,2016-04-28,2016-04-29,0001194087,officer,2000.0,48.91,97820.0
UAL,2016-04-28,2016-04-29,0001453413,director,60000.0,49.07,2944200.0
UAL,2016-09-02,2016-09-06,0001382435,officer,15000.0,50.96,764400.0
UAL,2017-02-28,2017-03-02,0001382435,officer,10000.0,74.81,748100.0
UAL,2017-04-27,2017-04-28,0001168692,director,10000.0,69.35,693500.0
UAL,2017-09-15,2017-09-19,0001168692,director,15000.0,59.87,898050.0
UAL,2017-10-24,2017-10-26,0001339903,director,1000.0,58.6,58600.0
UAL,2018-03-14,2018-03-16,0001168692,director,10000.0,71.0,710000.0
UAL,2018-03-15,2018-03-16,0001168692,director,15000.0,70.42,1056300.0
UAL,2018-05-09,2018-05-11,0001168692,director,25000.0,65.64,1641000.0
UAL,2018-05-10,2018-05-11,0001168692,director,25000.0,66.09,1652250.0
UAL,2018-06-07,2018-06-08,0001168692,director,10000.0,69.0,690000.0
UAL,2018-06-08,2018-06-08,0001168692,director,15000.0,69.25,1038750.0
UAL,2018-12-04,2018-12-07,0001168692,director,25000.0,92.92,2323000.0
UAL,2018-12-06,2018-12-07,0001168692,director,5000.0,90.8,454000.0
UAL,2018-12-07,2018-12-10,0001168692,director,15000.0,88.08,1321200.0
UAL,2019-08-14,2019-08-16,0001168692,director,10000.0,82.0,820000.0
UAL,2020-12-08,2020-12-09,0001201723,director,1900.0,49.0,93100.0
UAL,2022-06-02,2022-06-06,0001168692,director,25000.0,45.2,1130000.0
UAL,2022-06-03,2022-06-06,0001168692,director,25000.0,44.21,1105250.0
UAL,2022-06-13,2022-06-15,0001168692,director,50000.0,37.69,1884500.0
UAL,2022-07-25,2022-07-27,0001168692,director,25000.0,35.84,896000.0
UAL,2022-07-26,2022-07-27,0001168692,director,25000.0,35.64,891000.0
UAL,2022-12-14,2022-12-16,0001203069,director,2000.0,39.72,79440.0
UAL,2022-12-14,2022-12-16,0001168692,director,25000.0,39.79,994750.0
UAL,2022-12-15,2022-12-16,0001203069,director,3000.0,39.07,117210.0
UAL,2023-03-15,2023-03-16,0001168692,director,25000.0,42.59,1064750.0
UAL,2023-11-06,2023-11-08,0001203069,director,4500.0,36.43,163935.0
UAL,2023-11-07,2023-11-08,0001203069,director,1500.0,36.67,55005.0
UNH,2019-05-01,2019-05-03,0001731814,director,6430.0,233.21,1499540.3
UNH,2019-05-03,2019-05-06,0001268489,officer_director,20000.0,231.79,4635800.0
UNH,2019-08-28,2019-08-29,0001550322,director,2000.0,227.55,455100.0
UNH,2021-02-05,2021-02-09,0001550322,director,1500.0,332.68,499020.0
UNH,2022-02-22,2022-02-24,0001226012,director,2146.0,464.97,997825.62
UNH,2022-05-26,2022-05-31,0001731814,director,89.0,504.32,44884.48
UNH,2025-01-17,2025-01-22,0001550322,director,1000.0,511.58,511580.0
UNH,2025-05-14,2025-05-16,0001550322,director,1533.0,320.8,491786.4
UNH,2025-05-14,2025-05-16,0001706596,director,300.0,312.16,93648.0
UNH,2025-05-15,2025-05-16,0001719411,director,3700.0,271.17,1003329.0
UNH,2025-05-16,2025-05-16,0001676672,officer,17175.0,291.12,4999986.0
UNH,2025-05-16,2025-05-16,0001180162,officer_director,86700.0,288.57,25019019.0
UNP,2015-12-04,2015-12-07,0001008544,director,50000.0,78.06,3903000.0
UNP,2016-02-25,2016-02-25,0001369941,director,1000.0,78.98,78980.0
UNP,2018-05-18,2020-01-06,0001500293,director,20.0,143.8,2876.0
UNP,2019-05-20,2019-05-22,0001384151,director,5000.0,174.06,870300.0
UNP,2020-02-28,2020-03-02,0001764389,officer,3206.0,155.92,499879.52
UNP,2020-03-31,2020-04-02,0001384151,director,15000.0,138.2,2073000.0
UNP,2022-10-24,2022-10-25,0001630153,director,1380.0,188.26,259798.8
UNP,2023-11-21,2023-12-11,0001764389,officer_director,4500.0,222.0,999000.0
UPS,2019-02-13,2019-02-15,0001733586,officer,150.0,111.54,16731.0
UPS,2020-05-29,2020-06-02,0001195044,officer_director,10100.0,99.33,1003233.0
UPS,2021-02-24,2021-02-25,0001500124,director,625.0,159.82,99887.5
UPS,2021-08-04,2021-11-09,0001752122,director,300.0,192.16,57648.0
UPS,2021-08-09,2021-11-09,0001752122,director,100.0,191.39,19139.0
UPS,2024-02-02,2024-02-05,0001580827,director,1400.0,142.3,199220.0
UPS,2024-07-25,2024-07-25,0001199101,director,5000.0,128.61,643050.0
UPS,2025-07-31,2025-08-01,0001199101,director,5000.0,86.5,432500.0
UPS,2025-08-01,2025-08-01,0001195044,officer_director,11682.0,85.67,1000796.94
UPS,2025-08-22,2025-08-26,0001529495,director,500.0,88.17,44085.0
URI,2015-01-23,2015-01-23,0001263346,director,2500.0,87.08,217700.0
URI,2015-05-28,2015-05-29,0001329290,director,5000.0,94.45,472250.0
URI,2015-07-24,2015-07-27,0001144055,director,5000.0,63.81,319050.0
URI,2015-08-06,2015-08-07,0001329290,director,5000.0,65.67,328350.0
URI,2016-01-29,2016-02-02,0001360076,director,1000.0,48.37,48370.0
URI,2016-01-29,2016-02-02,0001144055,director,4500.0,46.86,210870.0
URI,2016-02-03,2016-02-04,0001142318,director,2200.0,46.9,103180.0
URI,2016-02-16,2016-02-17,0001411764,director,1190.0,47.43,56441.7
URI,2016-03-01,2016-03-03,0001329290,director,1000.0,52.31,52310.0
URI,2016-03-02,2016-03-03,0001329290,director,1000.0,54.35,54350.0
URI,2016-03-08,2016-03-09,0001329290,director,1000.0,56.79,56790.0
URI,2018-10-22,2018-10-23,0001142318,director,435.0,115.07,50055.45
URI,2018-10-25,2018-10-26,0001706023,director,230.0,110.35,25380.5
URI,2018-10-26,2018-10-26,0001411764,director,544.0,107.45,58452.8
URI,2019-01-28,2019-01-28,0001706023,director,390.0,124.72,48640.8
URI,2019-07-22,2019-07-23,0001144055,director,5000.0,118.27,591350.0
URI,2019-07-24,2019-07-25,0001411764,director,238.0,125.98,29983.24
URI,2019-08-19,2019-08-20,0001263346,director,2000.0,110.37,220740.0
URI,2020-03-13,2020-03-16,0001706023,director,600.0,88.53,53118.0
URI,2020-03-13,2020-03-16,0001144055,director,5000.0,87.26,436300.0
URI,2022-05-09,2022-05-09,0001706023,director,173.0,288.65,49936.45
URI,2022-11-18,2022-11-21,0001411764,director,176.99,344.65,60999.6
USB,2016-11-18,2023-10-20,0001660311,officer,111.0,28.19,3129.09
USB,2016-11-18,2023-10-20,0001660311,officer,105.0,22.75,2388.75
USB,2016-11-18,2023-10-20,0001660311,officer,81.0,24.51,1985.31
USB,2016-11-18,2023-10-20,0001660311,officer,26.0,25.6,665.6
USB,2016-11-18,2023-10-20,0001660311,officer,681.0,49.32,33586.92
USB,2017-01-30,2023-10-20,0001660311,officer,217.0,52.68,11431.56
USB,2017-01-31,2023-10-20,0001660311,officer,440.0,52.6,23144.0
USB,2017-03-16,2023-10-20,0001660311,officer,28.0,29.07,813.96
USB,2017-03-16,2023-10-20,0001660311,officer,10.0,29.06,290.6
USB,2017-03-16,2023-10-20,0001660311,officer,24.0,29.07,697.68
USB,2017-03-24,2023-10-20,0001660311,officer,3.0,52.64,157.92
USB,2017-03-28,2023-10-20,0001660311,officer,6.0,25.88,155.28
USB,2017-03-28,2023-10-20,0001660311,officer,10.0,29.04,290.4
USB,2017-03-28,2023-10-20,0001660311,officer,8.0,23.06,184.48
USB,2017-03-28,2023-10-20,0001660311,officer,55.0,52.77,2902.35
USB,2018-08-27,2023-10-20,0001660311,officer,500.0,54.4,27200.0
USB,2019-05-03,2023-10-20,0001660311,officer,57.0,19.36,1103.52
USB,2019-05-03,2023-10-20,0001660311,officer,65.0,26.84,1744.6
USB,2019-05-03,2023-10-20,0001660311,officer,14.0,25.33,354.62
USB,2019-05-03,2023-10-20,0001660311,officer,23.0,26.08,599.84
USB,2019-09-16,2023-10-20,0001660311,officer,23.0,26.69,613.87
USB,2019-09-17,2023-10-20,0001660311,officer,107.0,55.78,5968.46
USB,2020-02-26,2023-10-20,0001660311,officer,10.0,27.19,271.9
USB,2020-06-12,2023-10-20,0001660311,officer,12.0,26.84,322.08
USB,2020-10-26,2023-10-20,0001660311,officer,286.0,24.61,7038.46
USB,2020-10-26,2023-10-20,0001660311,officer,235.0,24.61,5783.35
USB,2020-10-26,2023-10-20,0001660311,officer,81.0,24.57,1990.17
USB,2021-01-25,2023-10-20,0001660311,officer,151.0,45.63,6890.13
USB,2021-01-25,2023-10-20,0001660311,officer,725.0,45.92,33292.0
USB,2021-02-17,2023-10-20,0001660311,officer,189.0,24.92,4709.88
USB,2021-02-17,2023-10-20,0001660311,officer,209.0,24.92,5208.28
USB,2021-03-09,2023-10-20,0001660311,officer,33.0,53.13,1753.29
USB,2021-03-10,2023-10-20,0001660311,officer,13.0,53.64,697.32
USB,2021-03-14,2023-10-20,0001660311,officer,2.0,23.77,47.54
USB,2021-06-23,2023-10-20,0001660311,officer,31.0,56.28,1744.68
USB,2022-01-11,2023-10-20,0001660311,officer,143.0,62.01,8867.43
USB,2022-01-19,2023-10-20,0001660311,officer,30.0,24.64,739.2
USB,2022-02-09,2023-10-20,0001660311,officer,15.0,25.79,386.85
USB,2022-02-28,2023-10-20,0001660311,officer,96.0,23.91,2295.36
USB,2022-02-28,2023-10-20,0001660311,officer,133.0,23.91,3180.03
USB,2022-04-14,2023-10-20,0001660311,officer,18.0,25.12,452.16
USB,2022-09-26,2023-10-20,0001660311,officer,58.0,19.18,1112.44
USB,2022-09-26,2023-10-20,0001660311,officer,69.0,19.18,1323.42
USB,2022-10-14,2023-10-20,0001660311,officer,62.0,16.31,1011.22
USB,2022-10-14,2023-10-20,0001660311,officer,50.0,16.31,815.5
USB,2022-10-14,2023-10-20,0001660311,officer,16.0,16.3,260.8
USB,2022-11-09,2023-10-20,0001660311,officer,120.0,16.7,2004.0
USB,2022-11-09,2023-10-20,0001660311,officer,99.0,16.7,1653.3
USB,2022-11-09,2023-10-20,0001660311,officer,25.0,16.69,417.25
USB,2022-12-21,2023-10-20,0001660311,officer,68.0,17.44,1185.92
USB,2022-12-21,2023-10-20,0001660311,officer,56.0,17.44,976.64
USB,2022-12-21,2023-10-20,0001660311,officer,24.0,19.55,469.2
USB,2023-01-13,2023-10-20,0001660311,officer,4.0,46.83,187.32
USB,2023-01-13,2023-10-20,0001660311,officer,403.0,46.83,18872.49
USB,2023-01-17,2023-10-20,0001660311,officer,863.0,47.67,41139.21
USB,2023-01-19,2023-10-20,0001660311,officer,2.0,18.59,37.18
USB,2023-03-17,2023-10-20,0001660311,officer,38.0,20.95,796.1
USB,2023-04-21,2023-04-24,0001516501,director,10000.0,34.14,341400.0
USB,2023-04-28,2023-05-01,0001442049,director,30438.0,32.85,999888.3
USB,2023-05-05,2023-05-05,0001290229,director,20000.0,30.37,607400.0
USB,2023-05-08,2023-05-09,0001660311,officer,16260.0,30.6,497556.0
USB,2023-05-16,2023-10-20,0001660311,officer,34.0,16.25,552.5
USB,2023-06-01,2023-10-20,0001660311,officer,25.0,19.56,489.0
USB,2023-07-06,2023-10-20,0001660311,officer,80.0,16.26,1300.8
USB,2023-07-06,2023-10-20,0001660311,officer,31.0,15.46,479.26
USB,2023-07-06,2023-10-20,0001660311,officer,66.0,16.26,1073.16
USB,2024-07-18,2024-07-18,0001518495,director,10000.0,44.99,449900.0
USB,2025-04-21,2025-04-21,0001518495,director,5000.0,37.32,186600.0
V,2018-11-16,2023-02-17,0001230166,director,31.0,140.44,4353.64
V,2019-01-11,2023-02-17,0001230166,director,13.0,137.87,1792.31
V,2019-08-06,2019-08-07,0001230166,director,1000.0,171.13,171130.0
V,2019-10-17,2023-02-17,0001230166,director,10.0,178.09,1780.9
V,2019-11-18,2023-02-17,0001230166,director,1.0,179.65,179.65
V,2019-11-20,2023-02-17,0001230166,director,35.0,181.51,6352.85
V,2019-12-17,2023-02-17,0001230166,director,166.0,185.25,30751.5
V,2020-01-16,2023-02-17,0001230166,director,131.0,200.56,26273.36
V,2020-04-20,2023-02-17,0001230166,director,42.0,165.73,6960.66
V,2021-12-17,2023-02-17,0001230166,director,14.0,212.75,2978.5
V,2022-01-19,2023-02-17,0001230166,director,3.0,216.37,649.11
V,2022-02-01,2023-02-17,0001230166,director,3.0,231.1,693.3
V,2022-02-03,2023-02-17,0001230166,director,3.0,232.4,697.2
V,2022-06-09,2023-02-17,0001230166,director,3.0,210.92,632.76
VLO,2018-10-29,2018-12-03,0001179702,director,60.0,86.23,5173.8
VLO,2018-12-11,2018-12-13,0001031609,director,25000.0,72.74,1818500.0
VLO,2019-02-20,2019-02-20,0001299115,director,500.0,84.97,42485.0
VLO,2020-03-12,2020-03-13,0001031609,director,45000.0,47.31,2128950.0
VLO,2020-03-13,2020-03-13,0001543176,director,1310.0,43.82,57404.2
VMC,2015-08-25,2015-08-26,0001627941,officer,336.0,89.52,30078.72
VMC,2015-08-25,2015-08-26,0001627941,officer,224.0,89.41,20027.84
VMC,2018-11-06,2018-11-08,0001564533,officer_director,555.0,104.01,57725.55
VMC,2018-11-06,2018-11-08,0001564533,officer_director,500.0,99.5,49750.0
VMC,2018-11-06,2018-11-08,0001564533,officer_director,900.0,101.4,91260.0
VMC,2020-03-17,2020-03-18,0001197040,director,5000.0,93.0,465000.0
VMC,2021-05-14,2022-05-17,0001631925,director,500.0,191.46,95730.0
VZ,2016-02-24,2016-02-26,0001621597,officer,800.0,50.75,40600.0
VZ,2020-02-28,2020-03-03,0001748263,officer,18839.0,53.47,1007321.33
VZ,2022-01-26,2022-01-28,0001702684,officer_director,19000.0,52.55,998450.0
WDC,2016-05-31,2016-05-31,0001277246,officer_director,22500.0,45.53,1024425.0
WFC,2016-03-11,2016-05-06,0001166862,director,85.0,49.5,4207.5
WFC,2016-05-03,2016-05-04,0001554331,director,2000.0,49.97,99940.0
WFC,2017-04-17,2017-04-17,0001204994,director,58342.0,51.65,3013364.3
WFC,2017-04-17,2017-04-17,0001502510,officer_director,39000.0,51.65,2014350.0
WFC,2017-05-05,2017-05-05,0001180656,director,9050.0,55.15,499107.5
WFC,2018-02-12,2018-02-12,0001180656,director,9000.0,55.98,503820.0
WFC,2020-02-28,2020-03-03,0001183865,officer,5500.0,40.99,225445.0
WFC,2020-02-28,2020-03-03,0001183865,officer,5600.0,40.99,229544.0
WFC,2020-03-13,2020-03-16,0001039894,director,20000.0,29.53,590600.0
WFC,2020-03-13,2020-03-16,0001195358,officer_director,173000.0,28.69,4963370.0
WFC,2020-11-19,2020-11-23,0001773342,officer,60.0,26.18,1570.8
WFC,2022-07-27,2023-04-27,0001807816,officer,89.0,42.86,3814.54
WFC,2022-08-01,2023-04-27,0001743548,director,1.0,1276.63,1276.63
WFC,2022-08-01,2023-04-27,0001743548,director,9.0,18.93,170.37
WFC,2022-10-18,2023-04-27,0001743548,director,6.0,18.0,108.0
WFC,2022-10-18,2023-04-27,0001743548,director,5.0,17.84,89.2
WFC,2022-11-08,2023-04-27,0001807816,officer,8.0,47.2,377.6
WFC,2023-03-16,2023-04-27,0001743548,director,77.0,18.85,1451.45
WFC,2023-11-09,2023-11-09,0001185480,director,3500.0,41.22,144270.0
WHR,2015-05-04,2015-05-06,0001184649,director,1000.0,179.76,179760.0
WHR,2015-05-11,2015-05-12,0001184649,director,1000.0,188.79,188790.0
WHR,2015-11-06,2015-11-10,0001184649,director,1000.0,154.17,154170.0
WHR,2016-02-17,2016-02-19,0001440622,director,1000.0,139.62,139620.0
WHR,2016-05-11,2016-05-12,0001219007,director,2700.0,172.78,466506.0
WHR,2017-02-21,2017-02-22,0001346254,director,1000.0,179.35,179350.0
WHR,2017-07-31,2017-08-02,0001184649,director,1000.0,176.93,176930.0
WHR,2018-07-26,2018-07-27,0001440622,director,1600.0,124.26,198816.0
WHR,2020-03-03,2020-03-04,0001346254,director,775.0,131.11,101610.25
WHR,2020-03-10,2020-03-11,0001763850,officer,500.0,113.0,56500.0
WHR,2020-03-12,2020-03-16,0001763850,officer,500.0,101.0,50500.0
WHR,2026-03-03,2026-03-04,0001346254,director,3305.0,60.16,198828.8
WM,2015-08-13,2016-11-02,0001544705,officer,123.0,52.13,6411.99
WM,2016-06-28,2016-11-02,0001544705,officer,31.0,63.7,1974.7
WM,2022-02-16,2023-04-28,0001604561,officer,2.0,141.63,283.26
WM,2022-02-17,2023-04-28,0001604561,officer,3.0,143.26,429.78
WM,2022-02-22,2023-04-28,0001604561,officer,2.0,141.17,282.34
WM,2022-02-24,2023-04-28,0001604561,officer,2.0,140.04,280.08
WM,2022-02-25,2023-04-28,0001604561,officer,2.0,144.49,288.98
WM,2022-09-21,2023-04-28,0001604561,officer,2.0,171.53,343.06
WM,2025-11-03,2025-11-04,0001251876,director,2000.0,196.42,392840.0
WMB,2016-11-02,2016-11-02,0001026545,director,5000.0,28.23,141150.0
WMB,2017-05-10,2017-05-11,0001648779,director,1000.0,30.63,30630.0
WMB,2017-05-26,2017-05-30,0001183239,director,5000.0,29.67,148350.0
WMB,2017-06-15,2017-06-15,0001208475,officer_director,15000.0,28.6,429000.0
WMB,2017-06-20,2017-06-20,0001013283,director,17750.0,28.12,499130.0
WMB,2017-08-21,2017-08-21,0001026545,director,5000.0,28.93,144650.0
WMB,2017-11-15,2017-11-16,0001208475,officer_director,6000.0,27.23,163380.0
WMB,2017-11-16,2017-11-16,0001026545,director,6000.0,27.3,163800.0
WMB,2018-05-25,2018-05-25,0001026545,director,4000.0,26.71,106840.0
WMB,2018-11-02,2018-11-02,0001639848,officer,2500.0,25.54,63850.0
WMB,2018-11-02,2018-11-02,0001183239,director,7500.0,25.78,193350.0
WMB,2018-11-02,2018-11-02,0001183239,director,17500.0,25.77,450975.0
WMB,2018-11-02,2018-11-02,0001188020,officer,10000.0,25.94,259400.0
WMB,2018-11-02,2018-11-02,0001703388,officer,1000.0,25.75,25750.0
WMB,2018-11-06,2018-11-06,0001710235,officer,2500.0,25.69,64225.0
WMB,2019-05-20,2019-05-21,0001026545,director,10000.0,27.33,273300.0
WMB,2019-08-05,2019-08-07,0001026545,director,10000.0,23.93,239300.0
WMB,2019-08-07,2019-08-08,0001208475,officer_director,10000.0,23.47,234700.0
WMB,2019-08-07,2019-08-07,0001188020,officer,10000.0,23.24,232400.0
WMB,2019-08-08,2019-08-09,0001703388,officer,4000.0,23.6,94400.0
WMB,2019-08-14,2019-08-15,0001183239,director,10000.0,23.22,232200.0
WMB,2019-08-23,2019-08-23,0001013283,director,10000.0,22.99,229900.0
WMB,2020-02-25,2020-02-26,0001703388,officer,1000.0,20.42,20420.0
WMB,2020-02-26,2020-02-27,0001183239,director,25000.0,19.15,478750.0
WMB,2020-03-09,2020-03-10,0001188020,officer,13000.0,15.07,195910.0
WMB,2020-03-09,2020-03-10,0001013283,director,16400.0,15.3,250920.0
WMB,2020-03-09,2020-03-10,0001208475,officer_director,500.0,15.23,7615.0
WMB,2020-03-09,2020-03-10,0001208475,officer_director,32500.0,15.23,494975.0
WMB,2020-03-10,2020-03-10,0001181274,director,3500.0,14.5,50750.0
WMB,2020-03-10,2020-03-10,0001181274,director,3000.0,15.0,45000.0
WMB,2020-03-12,2020-03-13,0001703388,officer,1100.0,13.95,15345.0
WMB,2020-03-12,2020-03-12,0001181274,director,4000.0,13.6,54400.0
WMB,2023-03-14,2023-03-15,0001181274,director,5000.0,29.61,148050.0
WMB,2023-03-14,2023-03-15,0001013283,director,6895.0,29.0,199955.0
WMB,2023-03-14,2023-03-15,0001540413,director,400.0,29.66,11864.0
WMT,2015-12-02,2015-12-04,0001550322,director,10000.0,58.46,584600.0
WMT,2021-03-08,2021-03-10,0001183428,director,7725.0,129.63,1001391.75
WMT,2023-03-15,2023-03-17,0001183428,director,7245.0,138.05,1000172.25
WMT,2024-11-27,2024-11-29,0002033834,director,5446.0,91.81,499997.26
WY,2015-08-31,2015-09-01,0001215188,director,17850.0,27.97,499264.5
WY,2015-08-31,2015-09-01,0001585497,officer,1475.0,28.0,41300.0
WY,2015-08-31,2015-09-01,0001585497,officer,2025.0,27.99,56679.75
WY,2015-08-31,2015-09-01,0001585497,officer,50.0,28.03,1401.5
WY,2018-11-13,2018-11-14,0001613252,officer,27890.0,26.93,751077.7
WY,2019-06-06,2019-06-07,0001613252,officer_director,5195.0,23.03,119640.85
WY,2020-02-28,2020-02-28,0001776782,officer,1000.0,25.19,25190.0
WY,2020-03-17,2020-03-18,0001165970,director,5000.0,17.96,89800.0
WY,2020-03-17,2020-03-18,0001776782,officer,2000.0,17.95,35900.0
WY,2020-09-16,2020-09-17,0001425727,director,10000.0,29.11,291100.0
WY,2021-05-05,2021-05-06,0001562404,officer,10000.0,38.56,385600.0
WY,2022-06-07,2022-06-07,0001425727,director,3000.0,38.43,115290.0
WY,2022-06-08,2022-06-09,0001425727,director,3500.0,38.76,135660.0
WY,2024-08-26,2024-08-27,0001425727,director,31500.0,31.38,988470.0
WY,2024-09-13,2024-09-16,0001453221,director,7800.0,32.01,249678.0
WY,2025-08-11,2025-08-13,0001165970,director,4000.0,25.29,101160.0
WY,2025-12-17,2025-12-18,0001165970,director,4500.0,23.61,106245.0
WY,2026-02-19,2026-02-20,0001197193,director,20000.0,25.7,514000.0
WY,2026-02-20,2026-02-20,0001453221,director,4000.0,25.35,101400.0
XEL,2017-02-07,2017-02-09,0001301456,director,1000.0,41.45,41450.0
XEL,2017-09-05,2017-09-07,0001699621,director,1000.0,49.53,49530.0
XEL,2018-09-05,2018-09-07,0001750741,director,1000.0,48.89,48890.0
XEL,2020-03-06,2020-03-10,0001805007,officer,7150.0,67.99,486128.5
XEL,2025-03-11,2025-03-12,0001613252,director,2170.0,68.93,149578.1
XOM,2015-08-04,2015-08-05,0001617097,officer,5115.0,78.07,399328.05
XOM,2020-02-10,2020-02-11,0001555145,officer_director,475.0,59.86,28433.5
XOM,2020-02-10,2020-02-11,0001555145,officer_director,500.0,59.85,29925.0
XOM,2020-02-10,2020-02-11,0001555145,officer_director,466.0,59.86,27894.76
XOM,2020-02-10,2020-02-11,0001555145,officer_director,466.0,59.89,27908.74
XOM,2020-02-10,2020-02-11,0001555145,officer_director,485.0,59.86,29032.1
XOM,2020-02-10,2020-02-11,0001555145,officer_director,466.0,59.87,27899.42
XOM,2020-03-06,2020-03-13,0001189019,director,4180.0,48.09,201016.2
XOM,2020-03-09,2020-03-13,0001189019,director,4590.98,43.56,199983.09
XOM,2020-03-18,2020-03-18,0001395482,officer,30000.0,36.41,1092300.0
XOM,2020-03-19,2020-03-19,0001376719,officer,30000.0,33.8,1014000.0
XOM,2021-03-01,2021-03-02,0001393014,director,25000.0,57.16,1429000.0
XOM,2021-03-02,2021-03-03,0001159187,director,177000.0,56.26,9958020.0
XOM,2021-11-03,2021-11-04,0001393014,director,5000.0,64.0,320000.0
XOM,2021-11-26,2021-11-30,0001555145,officer_director,164.0,60.0,9840.0
XOM,2021-11-26,2021-11-30,0001555145,officer_director,163.0,60.0,9780.0
XOM,2021-11-30,2021-12-02,0001555145,officer_director,109.0,60.0,6540.0
XOM,2021-11-30,2021-12-02,0001555145,officer_director,108.0,60.0,6480.0
XOM,2022-08-04,2022-08-08,0001159187,director,108467.0,87.08,9445306.36
XOM,2022-08-04,2022-08-08,0001159187,director,169214.0,88.36,14951749.04
XOM,2022-08-04,2022-08-08,0001159187,director,682319.0,88.77,60569457.63
XOM,2022-08-05,2022-08-08,0001159187,director,35439.0,86.86,3078231.54
XOM,2022-08-05,2022-08-08,0001159187,director,4561.0,87.82,400547.02
XOM,2023-07-31,2023-08-02,0001159187,director,10000.0,105.2,1052000.0
XOM,2023-07-31,2023-08-02,0001159187,director,119712.0,106.65,12767284.8
XOM,2023-07-31,2023-08-02,0001159187,director,200000.0,107.11,21422000.0
XOM,2023-07-31,2023-08-02,0001159187,director,108000.0,107.05,11561400.0
XOM,2023-07-31,2023-08-02,0001159187,director,20288.0,106.98,2170410.24
XOM,2023-08-01,2023-08-03,0001159187,director,70962.0,106.82,7580160.84
XOM,2023-08-01,2023-08-03,0001159187,director,54038.0,106.17,5737214.46
XOM,2023-08-01,2023-08-03,0001159187,director,67000.0,106.26,7119420.0
XOM,2023-11-06,2023-11-08,0001159187,director,50000.0,105.99,5299500.0
XOM,2023-11-06,2023-11-08,0001159187,director,50000.0,105.99,5299500.0
XOM,2023-11-06,2023-11-08,0001159187,director,150000.0,105.95,15892500.0
XOM,2024-06-17,2024-06-20,0001751484,director,18310.0,109.25,2000367.5
YUM,2015-08-25,2015-10-09,0001211696,officer_director,8170.0,77.97,637014.9
YUM,2019-02-08,2019-02-11,0001645820,director,1752.0,94.23,165090.96
YUM,2019-02-08,2019-02-11,0001645820,director,100.0,94.21,9421.0
YUM,2019-02-08,2019-02-11,0001645820,director,800.0,94.22,75376.0
ZBH,2015-08-07,2015-08-10,0001142083,director,1900.0,101.0,191900.0
ZBH,2018-02-15,2018-02-20,0001524349,officer_director,12602.0,119.6,1507199.2
ZBH,2018-02-15,2018-02-20,0001524349,officer_director,11915.0,119.78,1427178.7
ZBH,2018-02-16,2018-02-20,0001524349,officer_director,545.0,119.38,65062.1
ZBH,2018-02-20,2018-02-20,0001524349,officer_director,15.0,119.86,1797.9
ZBH,2018-03-20,2023-08-29,0001166854,director,150.0,111.89,16783.5
ZBH,2018-08-31,2018-09-04,0001524349,officer_director,410.0,123.03,50442.3
ZBH,2019-02-05,2019-02-06,0001287920,director,2095.0,119.33,249996.35
ZBH,2019-02-05,2019-02-06,0001222676,director,2000.0,119.83,239660.0
ZBH,2019-02-06,2019-02-06,0001239420,director,2040.0,117.19,239067.6
ZBH,2019-02-06,2019-02-06,0001239420,director,200.0,117.18,23436.0
ZBH,2019-02-06,2019-02-06,0001239420,director,200.0,117.18,23436.0
ZBH,2019-02-06,2019-02-06,0001239420,director,100.0,117.17,11717.0
ZBH,2019-02-06,2019-02-06,0001166854,director,100.0,117.42,11742.0
ZBH,2019-02-06,2019-02-06,0001166854,director,4150.0,117.41,487251.5
ZBH,2019-02-07,2019-02-08,0001587868,director,1650.0,118.18,194997.0
ZBH,2019-02-07,2019-02-08,0001524349,officer_director,500.0,118.9,59450.0
ZBH,2019-02-07,2019-02-08,0001524349,officer_director,480.0,119.18,57206.4
ZBH,2019-02-07,2019-02-08,0001524349,officer_director,1120.0,119.0,133280.0
ZBH,2019-02-08,2019-02-11,0001189793,director,2000.0,120.09,240180.0
ZBH,2019-02-08,2019-02-11,0001182415,director,2085.0,119.69,249553.65
ZBH,2019-02-13,2019-02-14,0001485164,director,2000.0,123.62,247240.0
ZBH,2019-02-15,2019-02-19,0001142083,director,500.0,123.28,61640.0
ZBH,2019-03-01,2019-03-04,0001745891,director,1925.0,125.52,241626.0
ZBH,2020-05-13,2020-05-13,0001524349,officer_director,1000.0,113.0,113000.0
ZBH,2021-05-06,2021-05-10,0001142083,director,1000.0,171.58,171580.0
ZBH,2023-08-23,2023-08-25,0001142083,director,500.0,114.68,57340.0
ZBH,2023-08-23,2023-08-25,0001142083,director,500.0,116.55,58275.0
ZBH,2023-08-25,2023-08-29,0001182415,director,1300.0,115.5,150150.0
ZBH,2023-08-25,2023-08-29,0001166854,director,871.0,114.84,100025.64
ZBH,2023-08-28,2023-09-29,0001239420,director,1000.0,117.11,117110.0
ZBH,2023-08-28,2023-08-30,0001222676,director,2000.0,116.48,232960.0
ZBH,2023-08-30,2023-09-01,0001689392,director,1000.0,120.37,120370.0
ZBH,2023-11-09,2023-11-13,0001745891,director,2135.0,104.75,223641.25
ZTS,2015-07-01,2015-07-02,0001336528,director,1540713.0,48.22,74293180.86
ZTS,2015-07-01,2015-07-02,0001336477,director,1540713.0,48.22,74293180.86
ZTS,2015-07-01,2015-07-02,0001056513,director,1540713.0,48.22,74293180.86
ZTS,2016-09-06,2016-09-06,0001018657,director,2000.0,51.34,102680.0
ZTS,2016-10-14,2018-06-06,0001387531,director,7.0,50.31,352.17
ZTS,2018-01-11,2018-06-06,0001387531,director,10.0,74.56,745.6
ZTS,2021-02-19,2021-02-23,0001352881,director,2900.0,164.89,478181.0
ZTS,2021-02-19,2021-02-23,0001352881,director,2590.0,163.8,424242.0
ZTS,2021-02-19,2021-02-23,0001352881,director,2100.0,165.48,347508.0
